scheme_code,scheme_name,amc,amfi_category,category,nav,nav_date,cagr_1y,cagr_3y,cagr_5y,volatility,sharpe_ratio,max_drawdown,expense_ratio,aum_cr,aum_source,cagr_source,er_source,composite_score
119769,Kotak Contra Fund,Kotak Mahindra Mutual Fund,Equity Scheme - Contra Fund,Contra,182.694,07-Sep-2026,2.44,19.87,16.77,,,,0.58,5224.6757,mfdata.in,Factual Registry,Factsheet Verified,12.98
119835,SBI CONTRA FUND,SBI Mutual Fund,Equity Scheme - Contra Fund,Contra,412.6759,07-Sep-2026,0.68,18.42,20.34,,,,0.75,49111.495,mfdata.in,Factual Registry,Factsheet Verified,13.47
119507,Aditya Birla Sun Life Dividend Yield Fund,Aditya Birla Sun Life Mutual Fund,Equity Scheme - Dividend Yield Fund,Dividend Yield,507.2,04-Sep-2026,5.86,13.21,13.9,15.11,0.444,-27.2,,,Sync Pending,Factual Registry,Varies by Plan,10.16
152810,Baroda BNP Paribas Dividend Yield Fund,Baroda BNP Paribas Mutual Fund,Equity Scheme - Dividend Yield Fund,Dividend Yield,10.0222,07-Sep-2026,5.67,,,12.6,,-22.68,,,Sync Pending,Awaiting Sync,Varies by Plan,
118527,Franklin India Dividend Yield Fund,Franklin Templeton Mutual Fund,Equity Scheme - Dividend Yield Fund,Dividend Yield,149.7141,04-Sep-2026,1.31,11.85,12.94,13.68,0.391,-24.62,,,Sync Pending,Factual Registry,Varies by Plan,9.21
148609,HDFC DIVIDEND YIELD FUND,HDFC Mutual Fund,Equity Scheme - Dividend Yield Fund,Dividend Yield,26.854,07-Sep-2026,2.66,12.02,14.39,13.97,0.395,-25.15,,,Sync Pending,Factual Registry,Varies by Plan,9.7
154097,Kotak Dividend Yield Fund,Kotak Mahindra Mutual Fund,Equity Scheme - Dividend Yield Fund,Dividend Yield,9.707,07-Sep-2026,,,,,,,,,Sync Pending,Awaiting Sync,Varies by Plan,
152022,LIC MF Dividend Yield Fund,LIC Mutual Fund,Equity Scheme - Dividend Yield Fund,Dividend Yield,36.1543,07-Sep-2026,9.84,19.47,,15.84,0.819,-28.51,,,Sync Pending,Factual Registry,Varies by Plan,10.3
151478,SBI Dividend Yield Fund,SBI Mutual Fund,Equity Scheme - Dividend Yield Fund,Dividend Yield,16.2248,07-Sep-2026,6.1,12.1,,11.83,0.473,-21.29,,,Sync Pending,Factual Registry,Varies by Plan,6.02
149700,Sundaram Dividend Yield Fund (Formerly Known as Principal Dividend Yield Fund),Sundaram Mutual Fund,Equity Scheme - Dividend Yield Fund,Dividend Yield,143.7756,07-Sep-2026,-0.82,10.45,,13.14,0.301,-23.65,,,Sync Pending,Factual Registry,Varies by Plan,4.37
148947,Tata Dividend Yield Fund,Tata Mutual Fund,Equity Scheme - Dividend Yield Fund,Dividend Yield,21.7023,07-Sep-2026,14.14,15.13,14.24,15.22,0.567,-27.4,,,Sync Pending,Factual Registry,Varies by Plan,11.64
119544,Aditya Birla Sun Life ELSS Tax Saver Fund,Aditya Birla Sun Life Mutual Fund,Equity Scheme - ELSS,ELSS,69.29,07-Sep-2026,1.89,14.66,8.72,,,,0.97,14787.808,mfdata.in,Factual Registry,Factsheet Verified,8.48
150159,Baroda BNP Paribas ELSS Tax Saver Fund,Baroda BNP Paribas Mutual Fund,Equity Scheme - ELSS,ELSS,114.4708,07-Sep-2026,1.62,18.96,13.46,,,,1.0,906.2174,mfdata.in,Factual Registry,Factsheet Verified,11.62
118540,Franklin India ELSS Tax Saver Fund,Franklin Templeton Mutual Fund,Equity Scheme - ELSS,ELSS,1596.6225,07-Sep-2026,-3.92,16.61,14.77,,,,1.09,6406.518,mfdata.in,Factual Registry,Factsheet Verified,11.07
147541,ITI ELSS Tax Saver Fund,ITI Mutual Fund,Equity Scheme - ELSS,ELSS,29.17,07-Sep-2026,-3.68,17.87,12.81,,,,0.56,417.717,mfdata.in,Factual Registry,Factsheet Verified,10.99
119773,Kotak ELSS Tax Saver Fund,Kotak Mahindra Mutual Fund,Equity Scheme - ELSS,ELSS,139.376,07-Sep-2026,-0.58,14.5,14.14,,,,0.62,6355.17,mfdata.in,Factual Registry,Factsheet Verified,10.04
133386,Motilal Oswal ELSS Tax Saver Fund,Motilal Oswal Mutual Fund,Equity Scheme - ELSS,ELSS,67.3904,07-Sep-2026,2.02,22.84,17.93,,,,0.68,4174.502,mfdata.in,Factual Registry,Factsheet Verified,14.52
151471,NAVI ELSS TAX SAVER NIFTY50 INDEX FUND,Navi Mutual Fund,Equity Scheme - ELSS,ELSS,14.4739,07-Sep-2026,-2.29,11.56,,,,,0.21,111.85143,mfdata.in,Factual Registry,Factsheet Verified,4.62
135601,PGIM India ELSS Tax Saver Fund,PGIM India Mutual Fund,Equity Scheme - ELSS,ELSS,40.6,07-Sep-2026,-5.72,10.62,12.34,,,,0.77,726.4019,mfdata.in,Factual Registry,Factsheet Verified,7.95
147481,Parag Parikh ELSS Tax Saver Fund,PPFAS Mutual Fund,Equity Scheme - ELSS,ELSS,31.6173,07-Sep-2026,-4.76,14.69,15.49,,,,0.63,5720.7116,mfdata.in,Factual Registry,Factsheet Verified,10.52
120847,Quant ELSS Tax Saver Fund,quant Mutual Fund,Equity Scheme - ELSS,ELSS,461.6001,07-Sep-2026,2.87,17.03,18.57,,,,0.81,12079.8,mfdata.in,Factual Registry,Factsheet Verified,12.38
111549,Quantum ELSS Tax Saver Fund,Quantum Mutual Fund,Equity Scheme - ELSS,ELSS,123.81,07-Sep-2026,-5.5,15.2,12.29,,,,0.89,217.5141,mfdata.in,Factual Registry,Factsheet Verified,9.77
150838,Samco ELSS Tax Saver Fund,Samco Mutual Fund,Equity Scheme - ELSS,ELSS,13.96,07-Sep-2026,-6.08,6.03,,,,,0.97,109.61521,mfdata.in,Factual Registry,Factsheet Verified,2.41
119723,SBI ELSS Tax Saver Fund,SBI Mutual Fund,Equity Scheme - ELSS,ELSS,464.8643,07-Sep-2026,-2.37,21.26,18.25,,,,0.99,32171.48,mfdata.in,Factual Registry,Factsheet Verified,13.98
145819,Shriram ELSS Tax Saver Fund,Shriram Mutual Fund,Equity Scheme - ELSS,ELSS,23.4802,07-Sep-2026,-3.58,11.06,9.69,,,,0.74,47.304998,mfdata.in,Factual Registry,Factsheet Verified,7.33
149570,Sundaram ELSS Tax Saver Fund,Sundaram Mutual Fund,Equity Scheme - ELSS,ELSS,530.0545,07-Sep-2026,-1.7,13.94,12.95,,,,1.53,1348.8768,mfdata.in,Factual Registry,Factsheet Verified,9.46
118866,Taurus ELSS Tax Saver Fund,Taurus Mutual Fund,Equity Scheme - ELSS,ELSS,202.11,07-Sep-2026,-6.73,12.8,12.36,,,,2.22,71.915597,mfdata.in,Factual Registry,Factsheet Verified,8.83
119307,Union ELSS Tax Saver Fund (Formerly Union Tax Saver (ELSS) Fund,Union Mutual Fund,Equity Scheme - ELSS,ELSS,72.28,07-Sep-2026,-0.63,14.43,13.32,,,,1.33,875.6642,mfdata.in,Factual Registry,Factsheet Verified,9.77
120715,UTI ELSS Tax Saver Fund,UTI Mutual Fund,Equity Scheme - ELSS,ELSS,226.2166,07-Sep-2026,-2.81,12.87,10.77,,,,0.95,3601.5145,mfdata.in,Factual Registry,Factsheet Verified,8.38
154043,Abakkus Flexi Cap Fund,Abakkus Mutual Fund,Equity Scheme - Flexi Cap Fund,Flexi Cap,11.356,07-Sep-2026,,,,,,,0.49,3073.119,mfdata.in,Awaiting Sync,Factsheet Verified,
120564,Aditya Birla Sun Life Flexi Cap Fund,Aditya Birla Sun Life Mutual Fund,Equity Scheme - Flexi Cap Fund,Flexi Cap,2203.04,07-Sep-2026,3.09,17.65,13.88,,,,0.86,25206.604,mfdata.in,Factual Registry,Factsheet Verified,11.22
151895,Bajaj Finserv Flexi Cap Fund,Bajaj Finserv Mutual Fund,Equity Scheme - Flexi Cap Fund,Flexi Cap,16.386,07-Sep-2026,3.59,,,,,,0.55,6501.104,mfdata.in,Awaiting Sync,Factsheet Verified,
118424,BANDHAN Flexi Cap Fund,Bandhan Mutual Fund,Equity Scheme - Flexi Cap Fund,Flexi Cap,230.483,07-Sep-2026,0.5,15.18,12.27,,,,1.13,7427.242,mfdata.in,Factual Registry,Factsheet Verified,9.75
148404,BANK OF INDIA FLEXI CAP FUND,Bank of India Mutual Fund,Equity Scheme - Flexi Cap Fund,Flexi Cap,42.55,07-Sep-2026,2.1,22.53,19.05,,,,0.52,2186.4888,mfdata.in,Factual Registry,Factsheet Verified,14.73
150387,Baroda BNP Paribas Flexi Cap Fund,Baroda BNP Paribas Mutual Fund,Equity Scheme - Flexi Cap Fund,Flexi Cap,16.8263,07-Sep-2026,-0.8,15.89,,,,,1.01,1226.4362,mfdata.in,Factual Registry,Factsheet Verified,6.36
153738,Capitalmind Flexi Cap Fund,Capitalmind Mutual Fund,Equity Scheme - Flexi Cap Fund,Flexi Cap,10.4198,07-Sep-2026,5.87,,,11.41,,-20.54,,,Sync Pending,Awaiting Sync,Varies by Plan,
119076,DSP Flexi Cap Fund,DSP Mutual Fund,Equity Scheme - Flexi Cap Fund,Flexi Cap,115.728,07-Sep-2026,-3.33,16.11,12.57,,,,0.7,12165.061,mfdata.in,Factual Registry,Factsheet Verified,10.21
140353,Edelweiss Flexi Cap Fund,Edelweiss Mutual Fund,Equity Scheme - Flexi Cap Fund,Flexi Cap,45.892,07-Sep-2026,1.71,18.57,15.82,,,,0.45,3202.7503,mfdata.in,Factual Registry,Factsheet Verified,12.17
118535,Franklin India Flexi Cap Fund,Franklin Templeton Mutual Fund,Equity Scheme - Flexi Cap Fund,Flexi Cap,1786.9412,07-Sep-2026,-2.75,16.89,15.15,,,,0.91,19597.858,mfdata.in,Factual Registry,Factsheet Verified,11.3
118955,HDFC Flexi Cap Fund,HDFC Mutual Fund,Equity Scheme - Flexi Cap Fund,Flexi Cap,2267.485,07-Sep-2026,1.07,20.04,19.42,,,,0.68,100455.32,mfdata.in,Factual Registry,Factsheet Verified,13.84
151379,ITI Flexi Cap Fund,ITI Mutual Fund,Equity Scheme - Flexi Cap Fund,Flexi Cap,21.3225,07-Sep-2026,2.88,21.13,,,,,0.36,1266.9197,mfdata.in,Factual Registry,Factsheet Verified,8.45
120264,LIC MF Flexi Cap Fund,LIC Mutual Fund,Equity Scheme - Flexi Cap Fund,Flexi Cap,119.2198,07-Sep-2026,0.34,13.41,10.53,,,,1.59,1000.3619,mfdata.in,Factual Registry,Factsheet Verified,8.52
129046,Motilal Oswal Flexi Cap Fund,Motilal Oswal Mutual Fund,Equity Scheme - Flexi Cap Fund,Flexi Cap,71.1701,07-Sep-2026,-7.3,20.27,11.56,,,,0.81,12890.331,mfdata.in,Factual Registry,Factsheet Verified,11.58
143793,Navi Flexi Cap Fund,Navi Mutual Fund,Equity Scheme - Flexi Cap Fund,Flexi Cap,29.3813,07-Sep-2026,3.28,13.86,13.05,,,,0.56,261.10216,mfdata.in,Factual Registry,Factsheet Verified,9.46
149094,Nippon India Flexi Cap Fund,Nippon India Mutual Fund,Equity Scheme - Flexi Cap Fund,Flexi Cap,17.9234,07-Sep-2026,-2.11,15.33,,,,,0.46,9298.45,mfdata.in,Factual Registry,Factsheet Verified,6.13
154225,Old Bridge Flexi Cap Fund,Old Bridge Mutual Fund,Equity Scheme - Flexi Cap Fund,Flexi Cap,11.4,07-Sep-2026,,,,,,,,,Sync Pending,Awaiting Sync,Varies by Plan,
133839,PGIM India Flexi Cap Fund,PGIM India Mutual Fund,Equity Scheme - Flexi Cap Fund,Flexi Cap,43.9,07-Sep-2026,-1.31,12.25,12.03,,,,0.49,6004.12,mfdata.in,Factual Registry,Factsheet Verified,8.51
122639,Parag Parikh Flexi Cap Fund,PPFAS Mutual Fund,Equity Scheme - Flexi Cap Fund,Flexi Cap,90.5289,04-Sep-2026,0.08,18.3,16.75,,,,0.63,134253.17,mfdata.in,Factual Registry,Factsheet Verified,12.34
120843,Quant Flexi Cap Fund,quant Mutual Fund,Equity Scheme - Flexi Cap Fund,Flexi Cap,120.8014,07-Sep-2026,-1.16,17.38,19.01,,,,0.74,6353.923,mfdata.in,Factual Registry,Factsheet Verified,12.66
149450,Samco Flexi Cap Fund,Samco Mutual Fund,Equity Scheme - Flexi Cap Fund,Flexi Cap,10.34,07-Sep-2026,-7.42,2.05,,,,,0.91,300.5373,mfdata.in,Factual Registry,Factsheet Verified,0.82
119718,SBI FLEXICAP FUND,SBI Mutual Fund,Equity Scheme - Flexi Cap Fund,Flexi Cap,122.308,07-Sep-2026,-1.96,12.01,10.91,,,,0.86,23297.453,mfdata.in,Factual Registry,Factsheet Verified,8.08
144905,Shriram Flexi Cap Fund,Shriram Mutual Fund,Equity Scheme - Flexi Cap Fund,Flexi Cap,22.5033,07-Sep-2026,-4.25,10.75,9.89,,,,0.46,130.6999,mfdata.in,Factual Registry,Factsheet Verified,7.27
150571,Sundaram Flexicap Fund,Sundaram Mutual Fund,Equity Scheme - Flexi Cap Fund,Flexi Cap,15.158,07-Sep-2026,-0.72,14.38,,,,,0.7,2058.6985,mfdata.in,Factual Registry,Factsheet Verified,5.75
144546,Tata Flexi Cap Fund,Tata Mutual Fund,Equity Scheme - Flexi Cap Fund,Flexi Cap,26.3663,07-Sep-2026,0.27,16.02,12.18,,,,0.61,3698.9157,mfdata.in,Factual Registry,Factsheet Verified,10.06
118883,Taurus Flexi Cap Fund,Taurus Mutual Fund,Equity Scheme - Flexi Cap Fund,Flexi Cap,250.41,07-Sep-2026,-5.44,13.2,10.29,,,,2.63,346.31199,mfdata.in,Factual Registry,Factsheet Verified,8.37
153872,The Wealth Company Flexi Cap Fund,The Wealth Company Mutual Fund,Equity Scheme - Flexi Cap Fund,Flexi Cap,10.1887,07-Sep-2026,,,,,,,0.39,261.40362,mfdata.in,Awaiting Sync,Factsheet Verified,
152584,TRUSTMF Flexi Cap Fund,Trust Mutual Fund,Equity Scheme - Flexi Cap Fund,Flexi Cap,12.96,07-Sep-2026,-2.81,,,,,,0.49,1106.8095,mfdata.in,Awaiting Sync,Factsheet Verified,
153543,UNIFI FLEXI CAP FUND,Unifi Mutual Fund,Equity Scheme - Flexi Cap Fund,Flexi Cap,10.8979,07-Sep-2026,8.53,,,12.54,,-22.57,,,Sync Pending,Awaiting Sync,Varies by Plan,
119292,Union Flexi Cap Fund,Union Mutual Fund,Equity Scheme - Flexi Cap Fund,Flexi Cap,59.32,07-Sep-2026,-1.14,14.81,13.07,,,,1.0,2348.8715,mfdata.in,Factual Registry,Factsheet Verified,9.85
120662,UTI - Flexi Cap Fund.,UTI Mutual Fund,Equity Scheme - Flexi Cap Fund,Flexi Cap,352.3118,07-Sep-2026,-9.01,8.96,6.29,,,,1.05,22885.658,mfdata.in,Factual Registry,Factsheet Verified,5.47
119564,Aditya Birla Sun Life Focused Fund,Aditya Birla Sun Life Mutual Fund,Equity Scheme - Focused Fund,Focused,165.994,07-Sep-2026,1.33,16.53,13.33,,,,0.9,7971.339,mfdata.in,Factual Registry,Factsheet Verified,10.61
118421,Bandhan Focused Fund,Bandhan Mutual Fund,Equity Scheme - Focused Fund,Focused,108.436,07-Sep-2026,0.08,18.58,13.21,,,,0.79,2017.7793,mfdata.in,Factual Registry,Factsheet Verified,11.39
150264,Baroda BNP Paribas Focused Fund,Baroda BNP Paribas Mutual Fund,Equity Scheme - Focused Fund,Focused,24.449,07-Sep-2026,-2.54,13.74,12.0,,,,0.47,674.9718,mfdata.in,Factual Registry,Factsheet Verified,9.1
119096,DSP Focused Fund,DSP Mutual Fund,Equity Scheme - Focused Fund,Focused,62.333,07-Sep-2026,-4.28,17.72,12.3,,,,0.97,2607.1656,mfdata.in,Factual Registry,Factsheet Verified,10.78
150376,Edelweiss Focused Fund,Edelweiss Mutual Fund,Equity Scheme - Focused Fund,Focused,17.7,07-Sep-2026,-0.19,16.95,,,,,0.67,1057.2673,mfdata.in,Factual Registry,Factsheet Verified,6.78
118564,Franklin India Focused Equity Fund,Franklin Templeton Mutual Fund,Equity Scheme - Focused Fund,Focused,114.0865,07-Sep-2026,-3.03,14.32,13.97,,,,1.02,12129.35,mfdata.in,Factual Registry,Factsheet Verified,9.92
118950,HDFC Focused Fund,HDFC Mutual Fund,Equity Scheme - Focused Fund,Focused,267.281,07-Sep-2026,0.27,19.73,20.96,,,,0.65,27136.197,mfdata.in,Factual Registry,Factsheet Verified,14.18
151777,ITI Focused Fund,ITI Mutual Fund,Equity Scheme - Focused Fund,Focused,17.7259,07-Sep-2026,3.51,,,,,,0.58,567.0984,mfdata.in,Awaiting Sync,Factsheet Verified,
147473,Kotak Focused Fund,Kotak Mahindra Mutual Fund,Equity Scheme - Focused Fund,Focused,30.317,07-Sep-2026,6.94,17.45,14.5,,,,0.54,4013.7863,mfdata.in,Factual Registry,Factsheet Verified,11.33
152010,LIC MF Focused Fund,LIC Mutual Fund,Equity Scheme - Focused Fund,Focused,24.4585,07-Sep-2026,-2.37,10.39,10.47,,,,0.54,163.8459,mfdata.in,Factual Registry,Factsheet Verified,7.3
122389,Motilal Oswal Focused Fund,Motilal Oswal Mutual Fund,Equity Scheme - Focused Fund,Focused,63.4306,07-Sep-2026,5.5,10.68,7.98,,,,0.98,1454.1851,mfdata.in,Factual Registry,Factsheet Verified,6.67
118692,Nippon India Focused Fund,Nippon India Mutual Fund,Equity Scheme - Focused Fund,Focused,135.5358,07-Sep-2026,0.59,14.24,12.65,,,,1.12,8496.658,mfdata.in,Factual Registry,Factsheet Verified,9.49
152358,Old Bridge Focused Fund,Old Bridge Mutual Fund,Equity Scheme - Focused Fund,Focused,13.94,07-Sep-2026,0.26,,,,,,0.97,2461.2415,mfdata.in,Awaiting Sync,Factsheet Verified,
120834,Quant Focused Fund,quant Mutual Fund,Equity Scheme - Focused Fund,Focused,104.4853,07-Sep-2026,-5.2,13.74,12.8,,,,0.87,826.6299,mfdata.in,Factual Registry,Factsheet Verified,9.34
119727,SBI FOCUSED FUND,SBI Mutual Fund,Equity Scheme - Focused Fund,Focused,454.009,07-Sep-2026,7.65,18.3,15.03,,,,0.75,43310.544,mfdata.in,Factual Registry,Factsheet Verified,11.83
149533,Sundaram Focused Fund (Formerly Known as Principal Focused Multicap Fund),Sundaram Mutual Fund,Equity Scheme - Focused Fund,Focused,186.2109,07-Sep-2026,-2.94,13.31,11.85,,,,1.25,1055.5101,mfdata.in,Factual Registry,Factsheet Verified,8.88
147757,Tata Focused Fund,Tata Mutual Fund,Equity Scheme - Focused Fund,Focused,25.2213,07-Sep-2026,-1.73,14.86,13.58,,,,0.69,1807.7467,mfdata.in,Factual Registry,Factsheet Verified,10.02
147492,Union Focused Fund,Union Mutual Fund,Equity Scheme - Focused Fund,Focused,29.7,07-Sep-2026,1.69,13.23,11.45,,,,1.55,419.1321,mfdata.in,Factual Registry,Factsheet Verified,8.73
154477,Abakkus Large & Mid Cap Fund,Abakkus Mutual Fund,Equity Scheme - Large & Mid Cap Fund,Large & Mid Cap,9.983,07-Sep-2026,,,,,,,,,Sync Pending,Awaiting Sync,Varies by Plan,
119436,Aditya Birla Sun Life Large & Mid Cap Fund,Aditya Birla Sun Life Mutual Fund,Equity Scheme - Large & Mid Cap Fund,Large & Mid Cap,1075.17,07-Sep-2026,0.65,14.86,10.21,,,,1.1,5760.9347,mfdata.in,Factual Registry,Factsheet Verified,9.01
118419,Bandhan Large & Mid Cap Fund,Bandhan Mutual Fund,Equity Scheme - Large & Mid Cap Fund,Large & Mid Cap,166.395,07-Sep-2026,3.34,22.92,18.95,,,,0.54,14780.403,mfdata.in,Factual Registry,Factsheet Verified,14.85
119350,BANK OF INDIA LARGE & MID CAP FUND,Bank of India Mutual Fund,Equity Scheme - Large & Mid Cap Fund,Large & Mid Cap,108.84,07-Sep-2026,3.78,17.39,15.44,,,,1.05,455.7272,mfdata.in,Factual Registry,Factsheet Verified,11.59
148474,Baroda BNP Paribas Large and Mid Cap fund,Baroda BNP Paribas Mutual Fund,Equity Scheme - Large & Mid Cap Fund,Large & Mid Cap,30.0473,07-Sep-2026,-1.76,17.83,15.65,,,,0.84,1726.3395,mfdata.in,Factual Registry,Factsheet Verified,11.83
119218,DSP Large & Mid Cap Fund,DSP Mutual Fund,Equity Scheme - Large & Mid Cap Fund,Large & Mid Cap,694.73,07-Sep-2026,-1.37,19.57,15.8,,,,0.65,17652.611,mfdata.in,Factual Registry,Factsheet Verified,12.57
140175,Edelweiss Large & Mid Cap Fund,Edelweiss Mutual Fund,Equity Scheme - Large & Mid Cap Fund,Large & Mid Cap,108.442,07-Sep-2026,2.31,18.81,15.68,,,,0.44,4485.4256,mfdata.in,Factual Registry,Factsheet Verified,12.23
118510,Franklin India Large & Mid Cap Fund,Franklin Templeton Mutual Fund,Equity Scheme - Large & Mid Cap Fund,Large & Mid Cap,212.3015,07-Sep-2026,-0.63,15.66,12.84,,,,1.35,3463.6186,mfdata.in,Factual Registry,Factsheet Verified,10.12
120596,ICICI Prudential Large & Mid Cap Fund,ICICI Prudential Mutual Fund,Equity Scheme - Large & Mid Cap Fund,Large & Mid Cap,1174.45,07-Sep-2026,1.84,20.01,19.36,,,,0.78,28505.9,mfdata.in,Factual Registry,Factsheet Verified,13.81
152821,ITI Large & Mid Cap Fund,ITI Mutual Fund,Equity Scheme - Large & Mid Cap Fund,Large & Mid Cap,10.4752,07-Sep-2026,-5.31,,,,,,0.44,745.1795,mfdata.in,Awaiting Sync,Factsheet Verified,
133710,LIC MF Large & Mid Cap Fund,LIC Mutual Fund,Equity Scheme - Large & Mid Cap Fund,Large & Mid Cap,45.872,07-Sep-2026,-3.24,17.63,14.41,,,,0.64,3045.0608,mfdata.in,Factual Registry,Factsheet Verified,11.38
147704,Motilal Oswal Large and Midcap Fund,Motilal Oswal Mutual Fund,Equity Scheme - Large & Mid Cap Fund,Large & Mid Cap,41.3819,07-Sep-2026,3.88,24.0,20.05,,,,0.76,15017.307,mfdata.in,Factual Registry,Factsheet Verified,15.62
135677,Navi Large & Midcap Fund,Navi Mutual Fund,Equity Scheme - Large & Mid Cap Fund,Large & Mid Cap,44.8042,07-Sep-2026,-1.6,13.11,13.26,,,,0.52,306.86753,mfdata.in,Factual Registry,Factsheet Verified,9.22
118678,Nippon India Vision Large & Mid Cap Fund,Nippon India Mutual Fund,Equity Scheme - Large & Mid Cap Fund,Large & Mid Cap,1615.5239,07-Sep-2026,-0.24,19.39,15.95,,,,1.12,6962.814,mfdata.in,Factual Registry,Factsheet Verified,12.54
152382,PGIM India Large and Midcap Fund,PGIM India Mutual Fund,Equity Scheme - Large & Mid Cap Fund,Large & Mid Cap,13.24,07-Sep-2026,-1.19,,,,,,0.64,797.3473,mfdata.in,Awaiting Sync,Factsheet Verified,
120826,Quant Large & Mid Cap Fund,quant Mutual Fund,Equity Scheme - Large & Mid Cap Fund,Large & Mid Cap,137.3113,07-Sep-2026,-6.14,16.16,16.28,,,,0.8,3069.906,mfdata.in,Factual Registry,Factsheet Verified,11.35
153534,Samco Large & Mid Cap Fund,Samco Mutual Fund,Equity Scheme - Large & Mid Cap Fund,Large & Mid Cap,8.99,07-Sep-2026,-4.47,,,11.8,,-21.24,,,Sync Pending,Awaiting Sync,Varies by Plan,
119721,SBI LARGE & MIDCAP FUND,SBI Mutual Fund,Equity Scheme - Large & Mid Cap Fund,Large & Mid Cap,700.7313,07-Sep-2026,3.44,17.19,16.73,,,,0.74,38765.937,mfdata.in,Factual Registry,Factsheet Verified,11.9
119566,Sundaram Large and Midcap Fund,Sundaram Mutual Fund,Equity Scheme - Large & Mid Cap Fund,Large & Mid Cap,106.1773,07-Sep-2026,-0.22,16.19,13.86,,,,0.67,6867.6424,mfdata.in,Factual Registry,Factsheet Verified,10.63
119202,Tata Large & Mid Cap Fund,Tata Mutual Fund,Equity Scheme - Large & Mid Cap Fund,Large & Mid Cap,572.3498,07-Sep-2026,-9.13,10.52,11.27,,,,0.69,8143.285,mfdata.in,Factual Registry,Factsheet Verified,7.59
154381,The Wealth Company Large & Mid Cap Fund,The Wealth Company Mutual Fund,Equity Scheme - Large & Mid Cap Fund,Large & Mid Cap,10.4937,07-Sep-2026,,,,,,,,,Sync Pending,Awaiting Sync,Varies by Plan,
147750,Union Large & Midcap Fund,Union Mutual Fund,Equity Scheme - Large & Mid Cap Fund,Large & Mid Cap,29.62,07-Sep-2026,1.47,16.43,14.16,,,,1.08,934.5909,mfdata.in,Factual Registry,Factsheet Verified,10.82
120665,UTI Large & Mid Cap Fund,UTI Mutual Fund,Equity Scheme - Large & Mid Cap Fund,Large & Mid Cap,199.7122,07-Sep-2026,2.23,21.07,17.57,,,,0.88,5723.941,mfdata.in,Factual Registry,Factsheet Verified,13.7
119528,Aditya Birla Sun Life Large Cap Fund,Aditya Birla Sun Life Mutual Fund,Equity Scheme - Large Cap Fund,Large Cap,573.19,07-Sep-2026,-2.24,13.71,12.24,,,,0.97,30094.328,mfdata.in,Factual Registry,Factsheet Verified,9.16
152783,BAJAJ FINSERV LARGE CAP FUND,Bajaj Finserv Mutual Fund,Equity Scheme - Large Cap Fund,Large Cap,10.368,07-Sep-2026,1.74,,,,,,0.61,1540.0208,mfdata.in,Awaiting Sync,Factsheet Verified,
118479,BANDHAN LARGE CAP FUND,Bandhan Mutual Fund,Equity Scheme - Large Cap Fund,Large Cap,91.139,07-Sep-2026,0.8,16.51,12.94,,,,0.87,2023.9276,mfdata.in,Factual Registry,Factsheet Verified,10.49
148980,BANK OF INDIA LARGE CAP FUND,Bank of India Mutual Fund,Equity Scheme - Large Cap Fund,Large Cap,17.96,07-Sep-2026,3.2,16.53,,,,,0.87,211.6213,mfdata.in,Factual Registry,Factsheet Verified,6.61
150187,BARODA BNP PARIBAS LARGE CAP FUND,Baroda BNP Paribas Mutual Fund,Equity Scheme - Large Cap Fund,Large Cap,258.6757,07-Sep-2026,-0.67,15.42,13.14,,,,0.82,2638.64,mfdata.in,Factual Registry,Factsheet Verified,10.11
119250,DSP Large Cap Fund,DSP Mutual Fund,Equity Scheme - Large Cap Fund,Large Cap,497.952,07-Sep-2026,-3.78,16.43,12.51,,,,0.86,7269.639,mfdata.in,Factual Registry,Factsheet Verified,10.32
118617,Edelweiss Large Cap Fund,Edelweiss Mutual Fund,Equity Scheme - Large Cap Fund,Large Cap,97.26,07-Sep-2026,-0.95,14.54,12.94,,,,0.58,1476.8762,mfdata.in,Factual Registry,Factsheet Verified,9.7
118531,Franklin India Large Cap Fund,Franklin Templeton Mutual Fund,Equity Scheme - Large Cap Fund,Large Cap,1130.3731,07-Sep-2026,0.05,13.96,10.74,,,,1.16,7580.185,mfdata.in,Factual Registry,Factsheet Verified,8.81
119018,HDFC Large Cap Fund,HDFC Mutual Fund,Equity Scheme - Large Cap Fund,Large Cap,1224.376,07-Sep-2026,-2.98,13.96,13.59,,,,1.03,40085.193,mfdata.in,Factual Registry,Factsheet Verified,9.66
120586,ICICI Prudential Large Cap Fund (erstwhile Bluechip Fund),ICICI Prudential Mutual Fund,Equity Scheme - Large Cap Fund,Large Cap,118.26,07-Sep-2026,-0.56,16.22,14.62,,,,0.86,77451.585,mfdata.in,Factual Registry,Factsheet Verified,10.87
148353,ITI Large Cap Fund,ITI Mutual Fund,Equity Scheme - Large Cap Fund,Large Cap,19.6413,07-Sep-2026,-4.74,13.44,10.21,,,,0.52,507.0857,mfdata.in,Factual Registry,Factsheet Verified,8.44
120152,Kotak Large Cap Fund,Kotak Mahindra Mutual Fund,Equity Scheme - Large Cap Fund,Large Cap,654.936,07-Sep-2026,0.04,14.59,12.56,,,,0.63,10925.229,mfdata.in,Factual Registry,Factsheet Verified,9.6
120267,LIC MF Large Cap Fund,LIC Mutual Fund,Equity Scheme - Large Cap Fund,Large Cap,61.3426,07-Sep-2026,-4.16,10.84,9.52,,,,1.1,1421.5329,mfdata.in,Factual Registry,Factsheet Verified,7.19
118632,Nippon India Large Cap Fund,Nippon India Mutual Fund,Equity Scheme - Large Cap Fund,Large Cap,99.8579,07-Sep-2026,0.02,17.54,16.89,,,,0.69,51403.797,mfdata.in,Factual Registry,Factsheet Verified,12.08
138312,PGIM India Large Cap Fund,PGIM India Mutual Fund,Equity Scheme - Large Cap Fund,Large Cap,397.33,07-Sep-2026,-2.57,10.64,9.53,,,,0.85,567.7387,mfdata.in,Factual Registry,Factsheet Verified,7.12
154155,Parag Parikh Large Cap Fund,PPFAS Mutual Fund,Equity Scheme - Large Cap Fund,Large Cap,9.5518,07-Sep-2026,,,,,,,0.15,,Sync Pending,Awaiting Sync,Factsheet Verified,
150440,quant Large Cap Fund,quant Mutual Fund,Equity Scheme - Large Cap Fund,Large Cap,16.7564,07-Sep-2026,-1.26,15.84,,,,,0.56,3023.0966,mfdata.in,Factual Registry,Factsheet Verified,6.34
153239,Samco Large Cap Fund,Samco Mutual Fund,Equity Scheme - Large Cap Fund,Large Cap,9.07,07-Sep-2026,-5.91,,,10.83,,-19.49,,,Sync Pending,Awaiting Sync,Varies by Plan,
119598,SBI Large Cap Fund,SBI Mutual Fund,Equity Scheme - Large Cap Fund,Large Cap,102.8497,07-Sep-2026,-0.63,13.09,11.69,,,,0.79,55246.186,mfdata.in,Factual Registry,Factsheet Verified,8.74
148507,Sundaram Large Cap Fund ( Formerly Know as Sundaram Blue Chip Fund),Sundaram Mutual Fund,Equity Scheme - Large Cap Fund,Large Cap,22.4325,07-Sep-2026,-2.45,12.14,11.44,,,,0.66,3244.8608,mfdata.in,Factual Registry,Factsheet Verified,8.29
119160,Tata Large Cap Fund,Tata Mutual Fund,Equity Scheme - Large Cap Fund,Large Cap,585.4365,07-Sep-2026,-1.25,14.11,12.59,,,,1.01,2783.4941,mfdata.in,Factual Registry,Factsheet Verified,9.42
118870,Taurus Large Cap Fund,Taurus Mutual Fund,Equity Scheme - Large Cap Fund,Large Cap,178.32,07-Sep-2026,-0.49,15.24,11.33,,,,2.32,50.7123,mfdata.in,Factual Registry,Factsheet Verified,9.5
141248,Union Largecap Fund,Union Mutual Fund,Equity Scheme - Large Cap Fund,Large Cap,24.71,07-Sep-2026,-2.75,12.07,10.52,,,,1.75,453.0327,mfdata.in,Factual Registry,Factsheet Verified,7.98
120656,UTI - Large Cap Fund,UTI Mutual Fund,Equity Scheme - Large Cap Fund,Large Cap,291.9744,07-Sep-2026,-3.37,11.55,10.1,,,,0.92,12658.206,mfdata.in,Factual Registry,Factsheet Verified,7.65
119620,Aditya Birla Sun Life Midcap Fund,Aditya Birla Sun Life Mutual Fund,Equity Scheme - Mid Cap Fund,Mid Cap,960.5,07-Sep-2026,0.14,19.51,16.53,,,,1.04,6130.2714,mfdata.in,Factual Registry,Factsheet Verified,12.76
120505,Axis Midcap Fund,Axis Mutual Fund,Equity Scheme - Mid Cap Fund,Mid Cap,143.87,07-Sep-2026,3.51,19.7,15.66,,,,0.53,31977.118,mfdata.in,Factual Registry,Factsheet Verified,12.58
150212,Baroda BNP Paribas Mid Cap Fund,Baroda BNP Paribas Mutual Fund,Equity Scheme - Mid Cap Fund,Mid Cap,135.0693,07-Sep-2026,5.08,21.43,18.03,,,,0.54,2340.6014,mfdata.in,Factual Registry,Factsheet Verified,13.98
119071,DSP Midcap Fund,DSP Mutual Fund,Equity Scheme - Mid Cap Fund,Mid Cap,175.194,07-Sep-2026,3.78,19.89,13.7,,,,0.74,19640.751,mfdata.in,Factual Registry,Factsheet Verified,12.07
140228,Edelweiss Mid Cap Fund,Edelweiss Mutual Fund,Equity Scheme - Mid Cap Fund,Mid Cap,129.554,07-Sep-2026,4.98,25.3,21.23,,,,0.46,14355.22,mfdata.in,Factual Registry,Factsheet Verified,16.49
118533,Franklin India Mid Cap Fund,Franklin Templeton Mutual Fund,Equity Scheme - Mid Cap Fund,Mid Cap,3209.9327,07-Sep-2026,-2.45,20.24,15.75,,,,1.02,12327.872,mfdata.in,Factual Registry,Factsheet Verified,12.82
118989,HDFC Mid Cap Fund,HDFC Mutual Fund,Equity Scheme - Mid Cap Fund,Mid Cap,233.47,07-Sep-2026,5.25,24.1,21.44,,,,0.77,94256.896,mfdata.in,Factual Registry,Factsheet Verified,16.07
148733,ITI Mid Cap Fund,ITI Mutual Fund,Equity Scheme - Mid Cap Fund,Mid Cap,26.0402,07-Sep-2026,2.92,24.21,17.04,,,,0.28,1325.0691,mfdata.in,Factual Registry,Factsheet Verified,14.8
152002,LIC MF Mid Cap Fund,LIC Mutual Fund,Equity Scheme - Mid Cap Fund,Mid Cap,35.3655,07-Sep-2026,-3.52,19.86,13.91,,,,1.44,337.1522,mfdata.in,Factual Registry,Factsheet Verified,12.12
118668,Nippon India Growth Mid Cap Fund,Nippon India Mutual Fund,Equity Scheme - Mid Cap Fund,Mid Cap,4972.0943,07-Sep-2026,5.55,25.32,21.49,,,,0.77,43982.507,mfdata.in,Factual Registry,Factsheet Verified,16.57
125307,PGIM India Midcap Fund,PGIM India Mutual Fund,Equity Scheme - Mid Cap Fund,Mid Cap,77.61,07-Sep-2026,-1.79,12.96,14.88,,,,0.52,10876.54,mfdata.in,Factual Registry,Factsheet Verified,9.65
120841,Quant Mid Cap Fund,quant Mutual Fund,Equity Scheme - Mid Cap Fund,Mid Cap,248.8901,07-Sep-2026,-7.19,16.65,19.54,,,,0.85,7341.3894,mfdata.in,Factual Registry,Factsheet Verified,12.52
154114,Samco Mid Cap Fund,Samco Mutual Fund,Equity Scheme - Mid Cap Fund,Mid Cap,10.09,07-Sep-2026,,,,,,,,,Sync Pending,Awaiting Sync,Varies by Plan,
119716,SBI MIDCAP FUND,SBI Mutual Fund,Equity Scheme - Mid Cap Fund,Mid Cap,272.4484,07-Sep-2026,-3.91,15.81,16.05,,,,0.86,23154.234,mfdata.in,Factual Registry,Factsheet Verified,11.14
119581,Sundaram Mid Cap Fund,Sundaram Mutual Fund,Equity Scheme - Mid Cap Fund,Mid Cap,1653.2351,07-Sep-2026,4.53,23.62,18.94,,,,0.87,13235.499,mfdata.in,Factual Registry,Factsheet Verified,15.13
119178,Tata Mid Cap Fund,Tata Mutual Fund,Equity Scheme - Mid Cap Fund,Mid Cap,531.7217,07-Sep-2026,4.66,21.47,17.64,,,,0.67,5505.276,mfdata.in,Factual Registry,Factsheet Verified,13.88
118872,Taurus Mid Cap Fund,Taurus Mutual Fund,Equity Scheme - Mid Cap Fund,Mid Cap,135.53,07-Sep-2026,-3.37,14.5,12.59,,,,2.15,123.0883,mfdata.in,Factual Registry,Factsheet Verified,9.58
154210,TRUSTMF MID CAP FUND,Trust Mutual Fund,Equity Scheme - Mid Cap Fund,Mid Cap,12.39,07-Sep-2026,,,,,,,0.45,,Sync Pending,Awaiting Sync,Factsheet Verified,
148073,Union Midcap Fund,Union Mutual Fund,Equity Scheme - Mid Cap Fund,Mid Cap,57.72,07-Sep-2026,5.96,21.23,18.15,,,,0.82,1652.4228,mfdata.in,Factual Registry,Factsheet Verified,13.94
120726,UTI - Mid Cap Fund,UTI Mutual Fund,Equity Scheme - Mid Cap Fund,Mid Cap,357.4391,07-Sep-2026,0.64,16.76,14.62,,,,0.92,11734.387,mfdata.in,Factual Registry,Factsheet Verified,11.09
148921,Aditya Birla Sun Life Multi-Cap Fund,Aditya Birla Sun Life Mutual Fund,Equity Scheme - Multi Cap Fund,Multi Cap,23.01,07-Sep-2026,0.53,16.42,,,,,0.77,6585.8978,mfdata.in,Factual Registry,Factsheet Verified,6.57
153309,Bajaj Finserv Multi Cap Fund,Bajaj Finserv Mutual Fund,Equity Scheme - Multi Cap Fund,Multi Cap,12.612,07-Sep-2026,-0.39,,,,,,0.8,1161.991,mfdata.in,Awaiting Sync,Factsheet Verified,
149303,BANDHAN MULTI CAP FUND,Bandhan Mutual Fund,Equity Scheme - Multi Cap Fund,Multi Cap,18.762,07-Sep-2026,-0.75,16.3,,,,,0.59,2850.8848,mfdata.in,Factual Registry,Factsheet Verified,6.52
151443,BANK OF INDIA MULTI CAP FUND,Bank of India Mutual Fund,Equity Scheme - Multi Cap Fund,Multi Cap,20.79,07-Sep-2026,4.58,21.11,,,,,0.78,1012.4097,mfdata.in,Factual Registry,Factsheet Verified,8.44
119354,Baroda BNP Paribas Multi Cap Fund,Baroda BNP Paribas Mutual Fund,Equity Scheme - Multi Cap Fund,Multi Cap,336.3656,07-Sep-2026,-1.89,17.71,15.9,,,,0.9,3095.9927,mfdata.in,Factual Registry,Factsheet Verified,11.85
152094,Edelweiss Multi Cap Fund,Edelweiss Mutual Fund,Equity Scheme - Multi Cap Fund,Multi Cap,16.658,07-Sep-2026,1.0,,,,,,0.46,3142.462,mfdata.in,Awaiting Sync,Factsheet Verified,
152739,Franklin India Multi Cap Fund,Franklin Templeton Mutual Fund,Equity Scheme - Multi Cap Fund,Multi Cap,11.4125,07-Sep-2026,0.87,,,,,,0.5,4863.8894,mfdata.in,Awaiting Sync,Factsheet Verified,
149368,HDFC Multi Cap Fund,HDFC Mutual Fund,Equity Scheme - Multi Cap Fund,Multi Cap,19.842,07-Sep-2026,-1.87,18.22,,,,,0.8,19528.306,mfdata.in,Factual Registry,Factsheet Verified,7.29
147183,ITI Multi Cap Fund,ITI Mutual Fund,Equity Scheme - Multi Cap Fund,Multi Cap,30.252,07-Sep-2026,4.43,19.91,13.57,,,,0.33,1336.6902,mfdata.in,Factual Registry,Factsheet Verified,12.04
150659,LIC MF Multi Cap Fund,LIC Mutual Fund,Equity Scheme - Multi Cap Fund,Multi Cap,19.7975,07-Sep-2026,0.04,19.8,,,,,0.54,1828.5136,mfdata.in,Factual Registry,Factsheet Verified,7.92
118650,Nippon India Multi Cap Fund,Nippon India Mutual Fund,Equity Scheme - Multi Cap Fund,Multi Cap,332.4708,07-Sep-2026,0.69,20.46,20.56,,,,0.72,50820.012,mfdata.in,Factual Registry,Factsheet Verified,14.35
152815,PGIM India Multi Cap Fund,PGIM India Mutual Fund,Equity Scheme - Multi Cap Fund,Multi Cap,11.06,07-Sep-2026,1.66,,,,,,0.71,405.1172,mfdata.in,Awaiting Sync,Factsheet Verified,
120823,Quant Multi Cap Fund,quant Mutual Fund,Equity Scheme - Multi Cap Fund,Multi Cap,730.0785,07-Sep-2026,-6.21,12.15,14.4,,,,0.74,7273.845,mfdata.in,Factual Registry,Factsheet Verified,9.18
152847,Samco Multi Cap Fund,Samco Mutual Fund,Equity Scheme - Multi Cap Fund,Multi Cap,9.3,07-Sep-2026,-11.12,,,,,,0.78,264.4961,mfdata.in,Awaiting Sync,Factsheet Verified,
149882,SBI MultiCap Fund,SBI Mutual Fund,Equity Scheme - Multi Cap Fund,Multi Cap,18.0103,07-Sep-2026,-3.72,16.25,,,,,0.86,22932.403,mfdata.in,Factual Registry,Factsheet Verified,6.5
149669,Sundaram Multi Cap Fund (Formerly Known as Principal Multi Cap Growth Fund),Sundaram Mutual Fund,Equity Scheme - Multi Cap Fund,Multi Cap,446.8934,07-Sep-2026,-1.66,16.39,15.23,,,,0.89,2826.9496,mfdata.in,Factual Registry,Factsheet Verified,11.12
151232,TATA MULTICAP FUND,Tata Mutual Fund,Equity Scheme - Multi Cap Fund,Multi Cap,16.1217,07-Sep-2026,3.9,13.02,,,,,0.49,3167.8579,mfdata.in,Factual Registry,Factsheet Verified,5.21
153644,TRUSTMF MULTI CAP FUND,Trust Mutual Fund,Equity Scheme - Multi Cap Fund,Multi Cap,12.18,07-Sep-2026,20.36,,,14.07,,-25.33,,,Sync Pending,Awaiting Sync,Varies by Plan,
150858,Union Multicap Fund,Union Mutual Fund,Equity Scheme - Multi Cap Fund,Multi Cap,18.52,07-Sep-2026,2.61,18.31,,,,,1.06,1318.1722,mfdata.in,Factual Registry,Factsheet Verified,7.32
125597,Aditya Birla Sun Life Banking and Financial Services Fund,Aditya Birla Sun Life Mutual Fund,Equity Scheme - Sectoral/ Thematic,Sectoral,71.58,07-Sep-2026,8.59,11.38,11.11,20.9,0.233,-37.62,,,Sync Pending,Factual Registry,Varies by Plan,6.96
149295,Aditya Birla Sun Life Business Cycle Fund,Aditya Birla Sun Life Mutual Fund,Equity Scheme - Sectoral/ Thematic,Sectoral,17.4,04-Sep-2026,1.69,14.62,,,,,1.18,1730.312,mfdata.in,Factual Registry,Factsheet Verified,5.85
153124,Aditya Birla Sun Life Conglomerate Fund,Aditya Birla Sun Life Mutual Fund,Equity Scheme - Sectoral/ Thematic,Sectoral,11.16,07-Sep-2026,-3.12,,,,,,0.74,1636.4575,mfdata.in,Awaiting Sync,Factsheet Verified,
119591,Aditya Birla Sun Life Consumption Fund,Aditya Birla Sun Life Mutual Fund,Equity Scheme - Sectoral/ Thematic,Sectoral,237.62,07-Sep-2026,-6.08,9.48,10.02,14.92,0.2,-26.86,,,Sync Pending,Factual Registry,Varies by Plan,6.31
120539,Aditya Birla Sun Life Digital India Fund,Aditya Birla Sun Life Mutual Fund,Equity Scheme - Sectoral/ Thematic,Sectoral,182.08,04-Sep-2026,-3.35,5.19,5.16,17.96,-0.073,-32.33,,,Sync Pending,Factual Registry,Varies by Plan,1.46
148637,Aditya Birla Sun Life ESG Integration Strategy Fund,Aditya Birla Sun Life Mutual Fund,Equity Scheme - Sectoral/ Thematic,Sectoral,19.3,07-Sep-2026,3.03,11.2,8.14,14.41,0.326,-25.94,,,Sync Pending,Factual Registry,Varies by Plan,7.11
119514,Aditya Birla Sun Life Infrastructure Fund,Aditya Birla Sun Life Mutual Fund,Equity Scheme - Sectoral/ Thematic,Sectoral,120.81,07-Sep-2026,17.52,17.8,18.71,18.61,0.607,-33.5,,,Sync Pending,Factual Registry,Varies by Plan,13.91
119517,Aditya Birla Sun Life International Equity Fund,Aditya Birla Sun Life Mutual Fund,Equity Scheme - Sectoral/ Thematic,Sectoral,56.996,04-Sep-2026,25.63,17.61,11.99,,,,2.06,303.5799,mfdata.in,Factual Registry,Factsheet Verified,10.64
133516,Aditya Birla Sun Life Manufacturing Equity Fund,Aditya Birla Sun Life Mutual Fund,Equity Scheme - Sectoral/ Thematic,Sectoral,44.67,07-Sep-2026,6.7,21.25,14.76,,,,1.34,1107.0716,mfdata.in,Factual Registry,Factsheet Verified,12.93
119646,Aditya Birla Sun Life MNC Fund,Aditya Birla Sun Life Mutual Fund,Equity Scheme - Sectoral/ Thematic,Sectoral,1463.3,04-Sep-2026,-1.02,12.05,6.61,,,,1.33,3437.2526,mfdata.in,Factual Registry,Factsheet Verified,6.8
147409,Aditya Birla Sun Life Pharma and Healthcare Fund,Aditya Birla Sun Life Mutual Fund,Equity Scheme - Sectoral/ Thematic,Sectoral,40.7,07-Sep-2026,17.82,22.17,14.25,15.09,1.038,-27.16,,,Sync Pending,Factual Registry,Varies by Plan,16.82
147844,Aditya Birla Sun Life PSU Equity Fund,Aditya Birla Sun Life Mutual Fund,Equity Scheme - Sectoral/ Thematic,Sectoral,39.77,07-Sep-2026,10.0,29.63,26.95,,,,0.59,6085.655,mfdata.in,Factual Registry,Factsheet Verified,19.94
152684,Aditya Birla Sun Life Quant Fund,Aditya Birla Sun Life Mutual Fund,Equity Scheme - Sectoral/ Thematic,Sectoral,10.48,07-Sep-2026,3.89,,,,,,0.71,2161.25,mfdata.in,Awaiting Sync,Factsheet Verified,
148539,Aditya Birla Sun Life Special Opportunities Fund,Aditya Birla Sun Life Mutual Fund,Equity Scheme - Sectoral/ Thematic,Sectoral,30.92,07-Sep-2026,7.27,20.7,16.04,,,,1.28,944.4047,mfdata.in,Factual Registry,Factsheet Verified,13.09
152158,Aditya Birla Sun Life Transportation and Logistics Fund,Aditya Birla Sun Life Mutual Fund,Equity Scheme - Sectoral/ Thematic,Sectoral,17.91,07-Sep-2026,9.19,,,,,,0.81,1540.2257,mfdata.in,Awaiting Sync,Factsheet Verified,
147928,Axis ESG Integration Strategy Fund,Axis Mutual Fund,Equity Scheme - Sectoral/ Thematic,Sectoral,22.64,07-Sep-2026,0.49,9.44,6.15,14.43,0.204,-25.97,,,Sync Pending,Factual Registry,Varies by Plan,5.2
153937,Bajaj Finserv Banking and Financial Services Fund,Bajaj Finserv Mutual Fund,Equity Scheme - Sectoral/ Thematic,Sectoral,9.974,07-Sep-2026,,,,,,,0.66,,Sync Pending,Awaiting Sync,Factsheet Verified,
153075,Bajaj Finserv Consumption Fund,Bajaj Finserv Mutual Fund,Equity Scheme - Sectoral/ Thematic,Sectoral,9.623,07-Sep-2026,-3.8,,,14.26,,-25.67,,,Sync Pending,Awaiting Sync,Varies by Plan,
153157,Bajaj Finserv Healthcare Fund,Bajaj Finserv Mutual Fund,Equity Scheme - Sectoral/ Thematic,Sectoral,12.249,07-Sep-2026,21.98,,,13.4,,-24.12,,,Sync Pending,Awaiting Sync,Varies by Plan,
154093,Bank of India Banking & Financial Services Fund,Bank of India Mutual Fund,Equity Scheme - Sectoral/ Thematic,Sectoral,9.79,07-Sep-2026,,,,,,,1.3,,Sync Pending,Awaiting Sync,Factsheet Verified,
152789,Bank of India Business Cycle Fund,Bank of India Mutual Fund,Equity Scheme - Sectoral/ Thematic,Sectoral,9.97,07-Sep-2026,-3.69,,,,,,1.17,464.9818,mfdata.in,Awaiting Sync,Factsheet Verified,
153139,Bank of India Consumption Fund,Bank of India Mutual Fund,Equity Scheme - Sectoral/ Thematic,Sectoral,11.36,07-Sep-2026,0.71,,,13.55,,-24.39,,,Sync Pending,Awaiting Sync,Varies by Plan,
119364,BANK OF INDIA MANUFACTURING & INFRASTRUCTURE FUND,Bank of India Mutual Fund,Equity Scheme - Sectoral/ Thematic,Sectoral,79.64,07-Sep-2026,21.15,22.31,21.4,17.31,0.913,-31.16,,,Sync Pending,Factual Registry,Varies by Plan,18.18
119333,Baroda BNP Paribas Banking and Financial Services Fund,Baroda BNP Paribas Mutual Fund,Equity Scheme - Sectoral/ Thematic,Sectoral,56.9706,07-Sep-2026,9.02,15.77,12.7,21.11,0.439,-38.0,,,Sync Pending,Factual Registry,Varies by Plan,10.2
153847,Baroda BNP Paribas Business Conglomerates Fund,Baroda BNP Paribas Mutual Fund,Equity Scheme - Sectoral/ Thematic,Sectoral,10.2246,07-Sep-2026,,,,,,,0.6,713.9029,mfdata.in,Awaiting Sync,Factsheet Verified,
149141,Baroda BNP Paribas Business Cycle Fund,Baroda BNP Paribas Mutual Fund,Equity Scheme - Sectoral/ Thematic,Sectoral,17.3356,07-Sep-2026,0.48,16.24,,,,,0.93,567.5797,mfdata.in,Factual Registry,Factsheet Verified,6.5
153225,Baroda BNP Paribas Energy Opportunities Fund,Baroda BNP Paribas Mutual Fund,Equity Scheme - Sectoral/ Thematic,Sectoral,11.7775,07-Sep-2026,5.26,,,13.85,,-24.93,,,Sync Pending,Awaiting Sync,Varies by Plan,
154195,Baroda BNP Paribas ESG Best-in-Class Strategy Fund,Baroda BNP Paribas Mutual Fund,Equity Scheme - Sectoral/ Thematic,Sectoral,10.4672,07-Sep-2026,,,,,,,,,Sync Pending,Awaiting Sync,Varies by Plan,
153604,Baroda BNP Paribas Health and Wellness Fund,Baroda BNP Paribas Mutual Fund,Equity Scheme - Sectoral/ Thematic,Sectoral,10.963,07-Sep-2026,10.99,,,11.41,,-20.54,,,Sync Pending,Awaiting Sync,Varies by Plan,
150266,Baroda BNP Paribas India Consumption Fund,Baroda BNP Paribas Mutual Fund,Equity Scheme - Sectoral/ Thematic,Sectoral,34.0867,07-Sep-2026,-6.17,10.76,,12.35,0.345,-22.23,,,Sync Pending,Factual Registry,Varies by Plan,4.79
152470,Baroda BNP Paribas Innovation Fund,Baroda BNP Paribas Mutual Fund,Equity Scheme - Sectoral/ Thematic,Sectoral,14.2388,07-Sep-2026,6.11,,,,,,1.01,865.4576,mfdata.in,Awaiting Sync,Factsheet Verified,
152697,Baroda BNP Paribas Manufacturing Fund,Baroda BNP Paribas Mutual Fund,Equity Scheme - Sectoral/ Thematic,Sectoral,11.4091,07-Sep-2026,10.63,,,,,,1.15,907.2378,mfdata.in,Awaiting Sync,Factsheet Verified,
152710,Edelweiss Business Cycle Fund,Edelweiss Mutual Fund,Equity Scheme - Sectoral/ Thematic,Sectoral,9.4377,07-Sep-2026,1.26,,,,,,0.53,1589.4337,mfdata.in,Awaiting Sync,Factsheet Verified,
153214,Edelweiss Consumption Fund,Edelweiss Mutual Fund,Equity Scheme - Sectoral/ Thematic,Sectoral,11.2541,07-Sep-2026,-3.0,,,13.43,,-24.17,,,Sync Pending,Awaiting Sync,Varies by Plan,
154108,Edelweiss Financial Services Fund,Edelweiss Mutual Fund,Equity Scheme - Sectoral/ Thematic,Sectoral,9.5514,07-Sep-2026,,,,,,,0.74,,Sync Pending,Awaiting Sync,Factsheet Verified,
142388,Edelweiss Recently Listed IPO Fund,Edelweiss Mutual Fund,Equity Scheme - Sectoral/ Thematic,Sectoral,36.1491,07-Sep-2026,2.79,18.14,11.89,,,,1.02,881.9738,mfdata.in,Factual Registry,Factsheet Verified,10.82
152437,Edelweiss Technology Fund,Edelweiss Mutual Fund,Equity Scheme - Sectoral/ Thematic,Sectoral,13.3624,04-Sep-2026,11.78,,,14.95,,-26.91,,,Sync Pending,Awaiting Sync,Varies by Plan,
118559,Franklin Asian Equity Fund,Franklin Templeton Mutual Fund,Equity Scheme - Sectoral/ Thematic,Sectoral,50.6662,07-Sep-2026,30.6,14.66,4.62,,,,1.54,426.9004,mfdata.in,Factual Registry,Factsheet Verified,7.25
118557,Franklin Build India Fund,Franklin Templeton Mutual Fund,Equity Scheme - Sectoral/ Thematic,Sectoral,164.6514,07-Sep-2026,2.39,17.22,19.18,17.5,0.613,-31.5,,,Sync Pending,Factual Registry,Varies by Plan,13.96
153942,Franklin India Multi-Factor Fund,Franklin Templeton Mutual Fund,Equity Scheme - Sectoral/ Thematic,Sectoral,9.5133,07-Sep-2026,,,,,,,0.66,520.6622,mfdata.in,Awaiting Sync,Factsheet Verified,
118539,Franklin India Opportunities Fund,Franklin Templeton Mutual Fund,Equity Scheme - Sectoral/ Thematic,Sectoral,298.2426,04-Sep-2026,3.41,26.97,20.25,,,,0.58,8428.478,mfdata.in,Factual Registry,Factsheet Verified,16.86
118537,Franklin India Technology Fund,Franklin Templeton Mutual Fund,Equity Scheme - Sectoral/ Thematic,Sectoral,532.5985,04-Sep-2026,-5.56,9.42,7.9,16.63,0.176,-29.93,,,Sync Pending,Factual Registry,Varies by Plan,5.35
148986,HDFC Banking & Financial Services Fund,HDFC Mutual Fund,Equity Scheme - Sectoral/ Thematic,Sectoral,19.199,07-Sep-2026,10.67,13.48,12.57,16.2,0.431,-29.16,,,Sync Pending,Factual Registry,Varies by Plan,9.7
150805,HDFC Business Cycle Fund,HDFC Mutual Fund,Equity Scheme - Sectoral/ Thematic,Sectoral,16.15,07-Sep-2026,-4.51,12.2,,,,,1.1,2650.1372,mfdata.in,Factual Registry,Factsheet Verified,4.88
151804,HDFC Consumption Fund,HDFC Mutual Fund,Equity Scheme - Sectoral/ Thematic,Sectoral,14.149,07-Sep-2026,-7.13,11.4,,13.23,0.37,-23.81,,,Sync Pending,Factual Registry,Varies by Plan,5.09
141924,HDFC Housing Opportunities Fund,HDFC Mutual Fund,Equity Scheme - Sectoral/ Thematic,Sectoral,23.318,07-Sep-2026,-3.54,16.0,14.9,,,,1.22,1272.1269,mfdata.in,Factual Registry,Factsheet Verified,10.87
118979,HDFC Infrastructure Fund,HDFC Mutual Fund,Equity Scheme - Sectoral/ Thematic,Sectoral,52.31,07-Sep-2026,0.37,14.64,20.33,20.77,0.392,-37.39,,,Sync Pending,Factual Registry,Varies by Plan,11.84
153620,HDFC INNOVATION FUND,HDFC Mutual Fund,Equity Scheme - Sectoral/ Thematic,Sectoral,12.006,07-Sep-2026,19.22,,,13.93,,-25.07,,,Sync Pending,Awaiting Sync,Varies by Plan,
152600,HDFC Manufacturing Fund,HDFC Mutual Fund,Equity Scheme - Sectoral/ Thematic,Sectoral,12.299,07-Sep-2026,3.31,,,,,,0.84,10578.447,mfdata.in,Awaiting Sync,Factsheet Verified,
151458,HDFC MNC Fund,HDFC Mutual Fund,Equity Scheme - Sectoral/ Thematic,Sectoral,14.547,07-Sep-2026,-1.39,7.84,,,,,1.28,544.3478,mfdata.in,Factual Registry,Factsheet Verified,3.14
152082,HDFC Pharma and Healthcare Fund,HDFC Mutual Fund,Equity Scheme - Sectoral/ Thematic,Sectoral,22.485,07-Sep-2026,26.94,,,14.02,,-25.24,,,Sync Pending,Awaiting Sync,Varies by Plan,
151901,HDFC Transportation and Logistics Fund,HDFC Mutual Fund,Equity Scheme - Sectoral/ Thematic,Sectoral,20.469,07-Sep-2026,13.27,,,,,,0.99,1758.4433,mfdata.in,Awaiting Sync,Factsheet Verified,
153684,ICICI Prudential Active Momentum Fund,ICICI Prudential Mutual Fund,Equity Scheme - Sectoral/ Thematic,Sectoral,11.01,07-Sep-2026,9.77,,,12.01,,-21.62,,,Sync Pending,Awaiting Sync,Varies by Plan,
120244,ICICI Prudential Banking & Financial Services Fund,ICICI Prudential Mutual Fund,Equity Scheme - Sectoral/ Thematic,Sectoral,149.2,07-Sep-2026,1.55,10.9,9.96,19.95,0.221,-35.91,,,Sync Pending,Factual Registry,Varies by Plan,6.46
146951,ICICI Prudential Bharat Consumption Fund,ICICI Prudential Mutual Fund,Equity Scheme - Sectoral/ Thematic,Sectoral,26.86,07-Sep-2026,-4.13,10.76,13.71,15.54,0.274,-27.97,,,Sync Pending,Factual Registry,Varies by Plan,8.23
148651,ICICI Prudential Business Cycle Fund,ICICI Prudential Mutual Fund,Equity Scheme - Sectoral/ Thematic,Sectoral,26.16,04-Sep-2026,5.53,21.86,19.15,,,,0.73,16201.797,mfdata.in,Factual Registry,Factsheet Verified,14.49
147662,ICICI Prudential Commodities Fund,ICICI Prudential Mutual Fund,Equity Scheme - Sectoral/ Thematic,Sectoral,52.14,04-Sep-2026,13.07,19.71,22.98,,,,0.99,3677.094,mfdata.in,Factual Registry,Factsheet Verified,14.78
153867,ICICI Prudential Conglomerate Fund,ICICI Prudential Mutual Fund,Equity Scheme - Sectoral/ Thematic,Sectoral,10.41,07-Sep-2026,,,,,,,1.29,884.0192,mfdata.in,Awaiting Sync,Factsheet Verified,
152728,ICICI PRUDENTIAL ENERGY OPPORTUNITIES FUND,ICICI Prudential Mutual Fund,Equity Scheme - Sectoral/ Thematic,Sectoral,11.8,07-Sep-2026,18.11,,,14.32,,-25.78,,,Sync Pending,Awaiting Sync,Varies by Plan,
153070,ICICI Prudential Equity Minimum Variance Fund,ICICI Prudential Mutual Fund,Equity Scheme - Sectoral/ Thematic,Sectoral,10.63,07-Sep-2026,0.94,,,11.48,,-20.66,,,Sync Pending,Awaiting Sync,Varies by Plan,
148516,ICICI Prudential ESG Exclusionary Strategy Fund,ICICI Prudential Mutual Fund,Equity Scheme - Sectoral/ Thematic,Sectoral,22.88,07-Sep-2026,-2.63,12.15,10.2,12.4,0.456,-22.32,,,Sync Pending,Factual Registry,Varies by Plan,8.96
120688,ICICI Prudential Exports & Services Fund,ICICI Prudential Mutual Fund,Equity Scheme - Sectoral/ Thematic,Sectoral,187.17,07-Sep-2026,-1.26,17.88,16.85,,,,1.66,1377.8894,mfdata.in,Factual Registry,Factsheet Verified,12.21
120587,ICICI Prudential FMCG Fund,ICICI Prudential Mutual Fund,Equity Scheme - Sectoral/ Thematic,Sectoral,437.06,07-Sep-2026,-19.44,-2.82,5.22,14.23,-0.655,-25.61,,,Sync Pending,Factual Registry,Varies by Plan,-4.26
150310,ICICI PRUDENTIAL HOUSING OPPORTUNITIES FUND,ICICI Prudential Mutual Fund,Equity Scheme - Sectoral/ Thematic,Sectoral,18.09,07-Sep-2026,1.96,12.34,,12.61,0.463,-22.7,,,Sync Pending,Factual Registry,Varies by Plan,5.99
120621,ICICI Prudential Infrastructure Fund,ICICI Prudential Mutual Fund,Equity Scheme - Sectoral/ Thematic,Sectoral,223.03,07-Sep-2026,7.26,18.52,22.67,17.91,0.671,-32.24,,,Sync Pending,Factual Registry,Varies by Plan,15.77
151580,ICICI Prudential Innovation Fund,ICICI Prudential Mutual Fund,Equity Scheme - Sectoral/ Thematic,Sectoral,20.25,07-Sep-2026,3.33,,,,,,0.75,7486.655,mfdata.in,Awaiting Sync,Factsheet Verified,
147346,ICICI Prudential MNC Fund,ICICI Prudential Mutual Fund,Equity Scheme - Sectoral/ Thematic,Sectoral,33.28,04-Sep-2026,4.56,15.04,14.54,,,,1.19,1709.9039,mfdata.in,Factual Registry,Factsheet Verified,10.38
150539,ICICI PRUDENTIAL PSU EQUITY FUND,ICICI Prudential Mutual Fund,Equity Scheme - Sectoral/ Thematic,Sectoral,23.02,07-Sep-2026,6.89,28.55,,,,,0.86,2021.841,mfdata.in,Factual Registry,Factsheet Verified,11.42
153458,ICICI Prudential Quality Fund,ICICI Prudential Mutual Fund,Equity Scheme - Sectoral/ Thematic,Sectoral,10.83,07-Sep-2026,6.46,,,11.02,,-19.84,,,Sync Pending,Awaiting Sync,Varies by Plan,
148600,ICICI Prudential QUANT FUND,ICICI Prudential Mutual Fund,Equity Scheme - Sectoral/ Thematic,Sectoral,23.72,07-Sep-2026,-1.62,15.59,14.49,,,,1.81,153.39817,mfdata.in,Factual Registry,Factsheet Verified,10.58
153184,ICICI Prudential Rural Opportunities Fund,ICICI Prudential Mutual Fund,Equity Scheme - Sectoral/ Thematic,Sectoral,11.0,07-Sep-2026,3.16,,,,,,0.92,2261.8147,mfdata.in,Awaiting Sync,Factsheet Verified,
120594,ICICI Prudential Technology Fund,ICICI Prudential Mutual Fund,Equity Scheme - Sectoral/ Thematic,Sectoral,204.94,04-Sep-2026,-5.83,6.78,4.5,17.97,0.016,-32.35,,,Sync Pending,Factual Registry,Varies by Plan,2.35
150685,ICICI PRUDENTIAL TRANSPORTATION AND LOGISTICS FUND,ICICI Prudential Mutual Fund,Equity Scheme - Sectoral/ Thematic,Sectoral,23.34,07-Sep-2026,10.04,26.43,,,,,0.96,3039.5445,mfdata.in,Factual Registry,Factsheet Verified,10.57
120186,ICICI Prudential US Bluechip Equity Fund,ICICI Prudential Mutual Fund,Equity Scheme - Sectoral/ Thematic,Sectoral,90.71,04-Sep-2026,17.42,15.7,12.73,,,,1.16,3692.997,mfdata.in,Factual Registry,Factsheet Verified,10.1
149321,ITI Banking and Financial Services Fund,ITI Mutual Fund,Equity Scheme - Sectoral/ Thematic,Sectoral,17.6373,07-Sep-2026,12.79,13.24,,16.17,0.417,-29.11,,,Sync Pending,Factual Registry,Varies by Plan,5.76
153260,ITI Bharat Consumption Fund,ITI Mutual Fund,Equity Scheme - Sectoral/ Thematic,Sectoral,11.9713,07-Sep-2026,1.39,,,13.57,,-24.43,,,Sync Pending,Awaiting Sync,Varies by Plan,
154157,ITI Business Cycle Fund,ITI Mutual Fund,Equity Scheme - Sectoral/ Thematic,Sectoral,10.828,07-Sep-2026,,,,,,,0.46,,Sync Pending,Awaiting Sync,Factsheet Verified,
149268,ITI Pharma and Healthcare Fund,ITI Mutual Fund,Equity Scheme - Sectoral/ Thematic,Sectoral,19.9341,07-Sep-2026,13.12,20.07,,13.52,1.004,-24.34,,,Sync Pending,Factual Registry,Varies by Plan,11.7
153753,Kotak Active Momentum Fund,Kotak Mahindra Mutual Fund,Equity Scheme - Sectoral/ Thematic,Sectoral,11.063,07-Sep-2026,10.77,,,15.53,,-27.95,,,Sync Pending,Awaiting Sync,Varies by Plan,
151384,Kotak Banking and Financial Services Fund,Kotak Mahindra Mutual Fund,Equity Scheme - Sectoral/ Thematic,Sectoral,17.094,07-Sep-2026,10.62,14.2,,15.78,0.488,-28.4,,,Sync Pending,Factual Registry,Varies by Plan,6.54
150624,Kotak Business Cycle Fund,Kotak Mahindra Mutual Fund,Equity Scheme - Sectoral/ Thematic,Sectoral,18.418,07-Sep-2026,2.58,17.11,,,,,0.63,3053.7423,mfdata.in,Factual Registry,Factsheet Verified,6.84
152169,Kotak Consumption Fund,Kotak Mahindra Mutual Fund,Equity Scheme - Sectoral/ Thematic,Sectoral,14.502,07-Sep-2026,-1.59,,,14.02,,-25.24,,,Sync Pending,Awaiting Sync,Varies by Plan,
153447,Kotak Energy Opportunities Fund,Kotak Mahindra Mutual Fund,Equity Scheme - Sectoral/ Thematic,Sectoral,10.873,07-Sep-2026,8.07,,,13.78,,-24.8,,,Sync Pending,Awaiting Sync,Varies by Plan,
148606,Kotak ESG Exclusionary Strategy Fund,Kotak Mahindra Mutual Fund,Equity Scheme - Sectoral/ Thematic,Sectoral,18.197,07-Sep-2026,-0.72,9.6,7.76,14.04,0.221,-25.27,,,Sync Pending,Factual Registry,Varies by Plan,5.87
152214,Kotak Healthcare Fund,Kotak Mahindra Mutual Fund,Equity Scheme - Sectoral/ Thematic,Sectoral,17.745,07-Sep-2026,27.22,,,14.44,,-25.99,,,Sync Pending,Awaiting Sync,Varies by Plan,
133801,Kotak Infrastructure and Economic Reform Fund,Kotak Mahindra Mutual Fund,Equity Scheme - Sectoral/ Thematic,Sectoral,85.267,07-Sep-2026,11.75,16.9,19.46,16.38,0.635,-29.48,,,Sync Pending,Factual Registry,Varies by Plan,14.13
149841,Kotak Manufacture in India Fund,Kotak Mahindra Mutual Fund,Equity Scheme - Sectoral/ Thematic,Sectoral,23.911,07-Sep-2026,8.52,22.05,,,,,0.59,2647.7457,mfdata.in,Factual Registry,Factsheet Verified,8.82
152910,Kotak MNC Fund,Kotak Mahindra Mutual Fund,Equity Scheme - Sectoral/ Thematic,Sectoral,12.856,07-Sep-2026,12.89,,,,,,0.64,2006.7578,mfdata.in,Awaiting Sync,Factsheet Verified,
147727,Kotak Pioneer Fund,Kotak Mahindra Mutual Fund,Equity Scheme - Sectoral/ Thematic,Sectoral,39.533,04-Sep-2026,8.39,21.59,16.68,,,,0.48,3318.0563,mfdata.in,Factual Registry,Factsheet Verified,13.64
151881,Kotak Quant Fund,Kotak Mahindra Mutual Fund,Equity Scheme - Sectoral/ Thematic,Sectoral,15.349,07-Sep-2026,-1.15,,,,,,1.16,545.9591,mfdata.in,Awaiting Sync,Factsheet Verified,
153970,Kotak Rural Opportunities Fund,Kotak Mahindra Mutual Fund,Equity Scheme - Sectoral/ Thematic,Sectoral,9.59,07-Sep-2026,,,,,,,0.71,889.6539,mfdata.in,Awaiting Sync,Factsheet Verified,
154149,Kotak Services Fund,Kotak Mahindra Mutual Fund,Equity Scheme - Sectoral/ Thematic,Sectoral,10.529,07-Sep-2026,,,,,,,0.92,,Sync Pending,Awaiting Sync,Factsheet Verified,
152702,Kotak Special Opportunities Fund,Kotak Mahindra Mutual Fund,Equity Scheme - Sectoral/ Thematic,Sectoral,11.665,07-Sep-2026,0.72,,,,,,0.79,1410.7885,mfdata.in,Awaiting Sync,Factsheet Verified,
152462,Kotak Technology Fund,Kotak Mahindra Mutual Fund,Equity Scheme - Sectoral/ Thematic,Sectoral,10.911,04-Sep-2026,-5.21,,,17.01,,-30.62,,,Sync Pending,Awaiting Sync,Varies by Plan,
153118,Kotak Transportation & Logistics Fund,Kotak Mahindra Mutual Fund,Equity Scheme - Sectoral/ Thematic,Sectoral,12.145,07-Sep-2026,10.32,,,,,,0.83,552.1439,mfdata.in,Awaiting Sync,Factsheet Verified,
134017,LIC MF Banking and Financial Services Fund,LIC Mutual Fund,Equity Scheme - Sectoral/ Thematic,Sectoral,24.9514,07-Sep-2026,8.73,9.19,11.0,20.96,0.128,-37.73,,,Sync Pending,Factual Registry,Varies by Plan,5.52
153948,LIC MF Consumption Fund,LIC Mutual Fund,Equity Scheme - Sectoral/ Thematic,Sectoral,9.7678,07-Sep-2026,,,,,,,,,Sync Pending,Awaiting Sync,Varies by Plan,
152024,LIC MF Healthcare Fund,LIC Mutual Fund,Equity Scheme - Sectoral/ Thematic,Sectoral,38.0215,07-Sep-2026,17.15,22.95,,13.9,1.183,-25.02,,,Sync Pending,Factual Registry,Varies by Plan,13.7
120351,LIC MF Infrastructure Fund,LIC Mutual Fund,Equity Scheme - Sectoral/ Thematic,Sectoral,63.4601,07-Sep-2026,15.09,24.12,22.3,18.42,0.957,-33.16,,,Sync Pending,Factual Registry,Varies by Plan,19.28
152920,LIC MF Manufacturing Fund,LIC Mutual Fund,Equity Scheme - Sectoral/ Thematic,Sectoral,11.8851,07-Sep-2026,8.96,,,,,,0.81,741.285,mfdata.in,Awaiting Sync,Factsheet Verified,
154244,LIC MF Technology Fund,LIC Mutual Fund,Equity Scheme - Sectoral/ Thematic,Sectoral,11.3145,07-Sep-2026,,,,,,,,,Sync Pending,Awaiting Sync,Varies by Plan,
153364,Motilal Oswal Active Momentum Fund,Motilal Oswal Mutual Fund,Equity Scheme - Sectoral/ Thematic,Sectoral,14.4957,07-Sep-2026,9.45,,,,,,2.58,369.7528,mfdata.in,Awaiting Sync,Factsheet Verified,
152964,Motilal Oswal Digital India Fund,Motilal Oswal Mutual Fund,Equity Scheme - Sectoral/ Thematic,Sectoral,10.9295,07-Sep-2026,3.29,,,21.6,,-38.88,,,Sync Pending,Awaiting Sync,Varies by Plan,
152965,Motilal Oswal Digital India Fund,Motilal Oswal Mutual Fund,Equity Scheme - Sectoral/ Thematic,Sectoral,10.9292,07-Sep-2026,3.29,,,21.6,,-38.88,,,Sync Pending,Awaiting Sync,Varies by Plan,
154142,Motilal Oswal Financial Services Fund,Motilal Oswal Mutual Fund,Equity Scheme - Sectoral/ Thematic,Sectoral,10.8316,07-Sep-2026,,,,,,,1.0,,Sync Pending,Awaiting Sync,Factsheet Verified,
153484,Motilal Oswal Infrastructure Fund,Motilal Oswal Mutual Fund,Equity Scheme - Sectoral/ Thematic,Sectoral,12.6952,07-Sep-2026,7.77,,,14.8,,-26.64,,,Sync Pending,Awaiting Sync,Varies by Plan,
153258,Motilal Oswal Innovation Opportunities Fund,Motilal Oswal Mutual Fund,Equity Scheme - Sectoral/ Thematic,Sectoral,15.108,07-Sep-2026,4.16,,,,,,0.9,470.8346,mfdata.in,Awaiting Sync,Factsheet Verified,
152694,Motilal Oswal Quant Fund,Motilal Oswal Mutual Fund,Equity Scheme - Sectoral/ Thematic,Sectoral,10.3866,07-Sep-2026,-1.76,,,,,,0.84,143.026,mfdata.in,Awaiting Sync,Factsheet Verified,
153558,Motilal Oswal Services Fund,Motilal Oswal Mutual Fund,Equity Scheme - Sectoral/ Thematic,Sectoral,11.9146,07-Sep-2026,15.21,,,15.42,,-27.76,,,Sync Pending,Awaiting Sync,Varies by Plan,
153749,Motilal Oswal Special Opportunities Fund,Motilal Oswal Mutual Fund,Equity Scheme - Sectoral/ Thematic,Sectoral,12.6908,07-Sep-2026,23.46,,,16.98,,-30.56,,,Sync Pending,Awaiting Sync,Varies by Plan,
152033,Nippon India Innovation Fund,Nippon India Mutual Fund,Equity Scheme - Sectoral/ Thematic,Sectoral,15.549,07-Sep-2026,-0.04,,,,,,0.66,2754.9837,mfdata.in,Awaiting Sync,Factsheet Verified,
118769,Nippon India Quant Fund,Nippon India Mutual Fund,Equity Scheme - Sectoral/ Thematic,Sectoral,79.211,07-Sep-2026,1.8,19.31,16.65,,,,0.53,112.50214,mfdata.in,Factual Registry,Factsheet Verified,12.72
151791,quant BFSI Fund,quant Mutual Fund,Equity Scheme - Sectoral/ Thematic,Sectoral,21.8844,07-Sep-2026,22.55,22.44,,18.75,0.85,-33.75,,,Sync Pending,Factual Registry,Varies by Plan,11.35
151757,quant Business Cycle Fund,quant Mutual Fund,Equity Scheme - Sectoral/ Thematic,Sectoral,17.2636,07-Sep-2026,-7.36,,,,,,0.74,968.9398,mfdata.in,Awaiting Sync,Factsheet Verified,
152255,quant Commodities Fund,quant Mutual Fund,Equity Scheme - Sectoral/ Thematic,Sectoral,15.0618,07-Sep-2026,-5.53,,,,,,1.01,309.60481,mfdata.in,Awaiting Sync,Factsheet Verified,
152336,quant Consumption Fund,quant Mutual Fund,Equity Scheme - Sectoral/ Thematic,Sectoral,10.6617,07-Sep-2026,3.84,,,14.72,,-26.5,,,Sync Pending,Awaiting Sync,Varies by Plan,
148564,quant ESG Integration Strategy Fund,quant Mutual Fund,Equity Scheme - Sectoral/ Thematic,Sectoral,43.0112,07-Sep-2026,24.88,17.52,18.65,17.38,0.634,-31.28,,,Sync Pending,Factual Registry,Varies by Plan,14.04
151853,quant Healthcare Fund,quant Mutual Fund,Equity Scheme - Sectoral/ Thematic,Sectoral,19.4646,07-Sep-2026,22.07,21.23,,17.1,0.861,-30.78,,,Sync Pending,Factual Registry,Varies by Plan,11.09
120833,Quant Infrastructure Fund,quant Mutual Fund,Equity Scheme - Sectoral/ Thematic,Sectoral,46.3571,07-Sep-2026,16.54,17.99,19.15,20.22,0.568,-36.4,,,Sync Pending,Factual Registry,Varies by Plan,13.76
151916,quant Manufacturing Fund,quant Mutual Fund,Equity Scheme - Sectoral/ Thematic,Sectoral,17.4735,07-Sep-2026,-7.47,,,,,,1.07,641.8719,mfdata.in,Awaiting Sync,Factsheet Verified,
152189,quant Momentum Fund,quant Mutual Fund,Equity Scheme - Sectoral/ Thematic,Sectoral,15.8973,07-Sep-2026,-4.25,,,,,,1.07,1318.447,mfdata.in,Awaiting Sync,Factsheet Verified,
152415,quant PSU Fund,quant Mutual Fund,Equity Scheme - Sectoral/ Thematic,Sectoral,10.9206,07-Sep-2026,-6.79,,,,,,1.13,484.6239,mfdata.in,Awaiting Sync,Factsheet Verified,
148925,quant Quantamental Fund,quant Mutual Fund,Equity Scheme - Sectoral/ Thematic,Sectoral,26.9593,07-Sep-2026,1.6,18.99,,,,,0.9,1563.4884,mfdata.in,Factual Registry,Factsheet Verified,7.6
152067,quant Teck Fund,quant Mutual Fund,Equity Scheme - Sectoral/ Thematic,Sectoral,11.658,07-Sep-2026,-2.1,,,19.56,,-35.21,,,Sync Pending,Awaiting Sync,Varies by Plan,
147372,QUANTUM ESG BEST IN CLASS STRATEGY FUND,Quantum Mutual Fund,Equity Scheme - Sectoral/ Thematic,Sectoral,24.9,07-Sep-2026,-2.57,8.68,7.71,15.65,0.139,-28.17,,,Sync Pending,Factual Registry,Varies by Plan,4.92
153094,Quantum Ethical Fund,Quantum Mutual Fund,Equity Scheme - Sectoral/ Thematic,Sectoral,10.22,07-Sep-2026,-5.15,,,,,,0.75,96.6562,mfdata.in,Awaiting Sync,Factsheet Verified,
151753,Samco Active Momentum Fund,Samco Mutual Fund,Equity Scheme - Sectoral/ Thematic,Sectoral,16.4,07-Sep-2026,-16.35,,,,,,0.92,654.8061,mfdata.in,Awaiting Sync,Factsheet Verified,
152586,Samco Special Opportunities Fund,Samco Mutual Fund,Equity Scheme - Sectoral/ Thematic,Sectoral,9.41,07-Sep-2026,-4.42,,,,,,0.86,131.9729,mfdata.in,Awaiting Sync,Factsheet Verified,
152657,SBI Automotive Opportunities Fund,SBI Mutual Fund,Equity Scheme - Sectoral/ Thematic,Sectoral,13.6426,07-Sep-2026,18.44,,,,,,0.86,5332.87,mfdata.in,Awaiting Sync,Factsheet Verified,
133859,SBI BANKING & FINANCIAL SERVICES FUND,SBI Mutual Fund,Equity Scheme - Sectoral/ Thematic,Sectoral,48.8578,07-Sep-2026,5.85,16.58,12.89,19.71,0.511,-35.48,,,Sync Pending,Factual Registry,Varies by Plan,11.08
119705,SBI COMMA FUND,SBI Mutual Fund,Equity Scheme - Sectoral/ Thematic,Sectoral,129.8157,07-Sep-2026,11.14,20.12,15.37,,,,1.53,999.262,mfdata.in,Factual Registry,Factsheet Verified,12.66
120575,SBI CONSUMPTION OPPORTUNITIES FUND,SBI Mutual Fund,Equity Scheme - Sectoral/ Thematic,Sectoral,320.8549,07-Sep-2026,-11.5,6.07,12.68,14.87,-0.029,-26.77,,,Sync Pending,Factual Registry,Varies by Plan,4.6
152417,SBI Energy Opportunities Fund,SBI Mutual Fund,Equity Scheme - Sectoral/ Thematic,Sectoral,11.2845,07-Sep-2026,8.94,,,18.38,,-33.08,,,Sync Pending,Awaiting Sync,Varies by Plan,
146643,SBI Equity Minimum Variance Fund,SBI Mutual Fund,Equity Scheme - Sectoral/ Thematic,Sectoral,24.0513,07-Sep-2026,-2.41,11.89,11.4,,,,0.42,216.3402,mfdata.in,Factual Registry,Factsheet Verified,8.18
119709,SBI ESG Exclusionary Strategy Fund,SBI Mutual Fund,Equity Scheme - Sectoral/ Thematic,Sectoral,261.7457,07-Sep-2026,1.47,9.7,8.62,15.74,0.203,-28.33,,,Sync Pending,Factual Registry,Varies by Plan,5.91
119783,SBI HEALTHCARE OPPORTUNITIES FUND,SBI Mutual Fund,Equity Scheme - Sectoral/ Thematic,Sectoral,604.0502,07-Sep-2026,21.26,24.28,18.34,16.15,1.101,-29.07,,,Sync Pending,Factual Registry,Varies by Plan,19.1
119700,SBI INFRASTRUCTURE FUND,SBI Mutual Fund,Equity Scheme - Sectoral/ Thematic,Sectoral,54.5175,07-Sep-2026,6.25,14.23,16.58,17.22,0.449,-31.0,,,Sync Pending,Factual Registry,Varies by Plan,11.19
152776,SBI Innovative Opportunities Fund,SBI Mutual Fund,Equity Scheme - Sectoral/ Thematic,Sectoral,10.9294,07-Sep-2026,-5.38,,,,,,0.96,4968.7527,mfdata.in,Awaiting Sync,Factsheet Verified,
119711,SBI MNC FUND,SBI Mutual Fund,Equity Scheme - Sectoral/ Thematic,Sectoral,458.5396,07-Sep-2026,-1.77,7.06,9.1,,,,1.29,5841.0066,mfdata.in,Factual Registry,Factsheet Verified,5.55
119732,SBI PSU FUND,SBI Mutual Fund,Equity Scheme - Sectoral/ Thematic,Sectoral,37.9269,07-Sep-2026,11.3,32.83,27.36,,,,0.85,6545.077,mfdata.in,Factual Registry,Factsheet Verified,21.34
154177,SBI Quality Fund,SBI Mutual Fund,Equity Scheme - Sectoral/ Thematic,Sectoral,10.8589,07-Sep-2026,,,,,,,0.98,2245.8073,mfdata.in,Awaiting Sync,Factsheet Verified,
153154,SBI Quant Fund,SBI Mutual Fund,Equity Scheme - Sectoral/ Thematic,Sectoral,9.7383,07-Sep-2026,1.8,,,,,,1.04,3452.2436,mfdata.in,Awaiting Sync,Factsheet Verified,
120578,SBI TECHNOLOGY OPPORTUNITIES FUND,SBI Mutual Fund,Equity Scheme - Sectoral/ Thematic,Sectoral,231.4714,07-Sep-2026,-5.1,9.02,7.54,17.39,0.145,-31.3,,,Sync Pending,Factual Registry,Varies by Plan,4.86
153076,Shriram Multi Sector Rotation Fund,Shriram Mutual Fund,Equity Scheme - Sectoral/ Thematic,Sectoral,8.2607,07-Sep-2026,-9.02,,,,,,0.93,180.60239,mfdata.in,Awaiting Sync,Factsheet Verified,
152677,Sundaram Business Cycle Fund,Sundaram Mutual Fund,Equity Scheme - Sectoral/ Thematic,Sectoral,11.8658,07-Sep-2026,-8.27,,,,,,0.66,1617.8848,mfdata.in,Awaiting Sync,Factsheet Verified,
119595,Sundaram Consumption Fund (Formerly Known as Sundaram Rural and Consumption Fund),Sundaram Mutual Fund,Equity Scheme - Sectoral/ Thematic,Sectoral,105.1669,07-Sep-2026,-4.83,10.0,11.58,15.25,0.23,-27.45,,,Sync Pending,Factual Registry,Varies by Plan,7.1
119597,Sundaram Financial Services Opportunities Fund,Sundaram Mutual Fund,Equity Scheme - Sectoral/ Thematic,Sectoral,124.7483,07-Sep-2026,12.74,14.27,14.36,20.73,0.375,-37.31,,,Sync Pending,Factual Registry,Varies by Plan,9.82
129212,Sundaram Infrastructure Advantage Fund (Erstwhile Sundaram Capex Opportunities),Sundaram Mutual Fund,Equity Scheme - Sectoral/ Thematic,Sectoral,108.2862,07-Sep-2026,8.45,16.38,16.43,17.65,0.56,-31.77,,,Sync Pending,Factual Registry,Varies by Plan,12.52
153669,Sundaram Multi-Factor Fund,Sundaram Mutual Fund,Equity Scheme - Sectoral/ Thematic,Sectoral,9.8828,07-Sep-2026,0.21,,,13.53,,-24.35,,,Sync Pending,Awaiting Sync,Varies by Plan,
144835,Sundaram Services Fund,Sundaram Mutual Fund,Equity Scheme - Sectoral/ Thematic,Sectoral,40.3479,04-Sep-2026,-0.03,16.45,16.55,,,,0.68,4613.8278,mfdata.in,Factual Registry,Factsheet Verified,11.54
135793,Tata Banking & Financial Services Fund,Tata Mutual Fund,Equity Scheme - Sectoral/ Thematic,Sectoral,52.6251,07-Sep-2026,8.74,12.94,12.66,19.15,0.336,-34.47,,,Sync Pending,Factual Registry,Varies by Plan,8.74
149071,Tata Business Cycle Fund,Tata Mutual Fund,Equity Scheme - Sectoral/ Thematic,Sectoral,20.5818,07-Sep-2026,-3.15,16.9,,,,,0.58,2694.5288,mfdata.in,Factual Registry,Factsheet Verified,6.76
135800,Tata Digital India Fund,Tata Mutual Fund,Equity Scheme - Sectoral/ Thematic,Sectoral,48.9851,07-Sep-2026,-8.08,5.96,4.62,18.72,-0.029,-33.7,,,Sync Pending,Factual Registry,Varies by Plan,1.75
119172,Tata Ethical Fund,Tata Mutual Fund,Equity Scheme - Sectoral/ Thematic,Sectoral,413.9331,07-Sep-2026,-5.72,9.57,10.7,,,,0.71,3715.3464,mfdata.in,Factual Registry,Factsheet Verified,7.04
150532,TATA HOUSING OPPORTUNITIES FUND,Tata Mutual Fund,Equity Scheme - Sectoral/ Thematic,Sectoral,15.7652,07-Sep-2026,-4.15,11.95,,,,,0.82,502.4526,mfdata.in,Factual Registry,Factsheet Verified,4.78
135805,Tata India Consumer Fund,Tata Mutual Fund,Equity Scheme - Sectoral/ Thematic,Sectoral,55.6516,07-Sep-2026,4.19,15.17,14.27,15.4,0.563,-27.72,,,Sync Pending,Factual Registry,Varies by Plan,11.62
153055,Tata India Innovation Fund,Tata Mutual Fund,Equity Scheme - Sectoral/ Thematic,Sectoral,10.4338,07-Sep-2026,-4.26,,,,,,0.67,1439.492,mfdata.in,Awaiting Sync,Factsheet Verified,
135810,Tata India Pharma & Healthcare Fund,Tata Mutual Fund,Equity Scheme - Sectoral/ Thematic,Sectoral,39.5473,07-Sep-2026,10.1,20.29,14.62,15.26,0.904,-27.47,,,Sync Pending,Factual Registry,Varies by Plan,15.5
119243,Tata Infrastructure Fund,Tata Mutual Fund,Equity Scheme - Sectoral/ Thematic,Sectoral,196.5404,07-Sep-2026,7.52,12.82,16.74,17.53,0.361,-31.55,,,Sync Pending,Factual Registry,Varies by Plan,10.2
147864,Tata Quant Fund,Tata Mutual Fund,Equity Scheme - Sectoral/ Thematic,Sectoral,0.0,01-Apr-2025,,,,,,,,,Sync Pending,Awaiting Sync,Varies by Plan,
135813,Tata Resources & Energy Fund,Tata Mutual Fund,Equity Scheme - Sectoral/ Thematic,Sectoral,58.1983,07-Sep-2026,4.64,18.58,16.24,,,,0.57,1263.9176,mfdata.in,Factual Registry,Factsheet Verified,12.3
118868,Taurus Banking & Financial Services Fund,Taurus Mutual Fund,Equity Scheme - Sectoral/ Thematic,Sectoral,59.57,07-Sep-2026,2.45,9.4,9.83,20.82,0.139,-37.48,,,Sync Pending,Factual Registry,Varies by Plan,5.32
118876,Taurus Ethical Fund,Taurus Mutual Fund,Equity Scheme - Sectoral/ Thematic,Sectoral,145.14,07-Sep-2026,-2.9,15.81,12.21,,,,1.77,373.35839,mfdata.in,Factual Registry,Factsheet Verified,9.99
118879,Taurus Infrastructure Fund,Taurus Mutual Fund,Equity Scheme - Sectoral/ Thematic,Sectoral,67.37,07-Sep-2026,-5.33,8.73,10.9,18.26,0.122,-32.87,,,Sync Pending,Factual Registry,Varies by Plan,5.55
153895,THE WEALTH COMPANY ETHICAL FUND,The Wealth Company Mutual Fund,Equity Scheme - Sectoral/ Thematic,Sectoral,9.9187,07-Sep-2026,,,,,,,0.8,38.725882,mfdata.in,Awaiting Sync,Factsheet Verified,
153109,Union Active Momentum Fund,Union Mutual Fund,Equity Scheme - Sectoral/ Thematic,Sectoral,10.29,07-Sep-2026,-4.23,,,,,,0.99,445.0194,mfdata.in,Awaiting Sync,Factsheet Verified,
152409,Union Business Cycle Fund,Union Mutual Fund,Equity Scheme - Sectoral/ Thematic,Sectoral,12.23,07-Sep-2026,0.48,,,,,,1.93,522.7183,mfdata.in,Awaiting Sync,Factsheet Verified,
154020,Union Consumption Fund,Union Mutual Fund,Equity Scheme - Sectoral/ Thematic,Sectoral,9.88,07-Sep-2026,,,,,,,0.95,,Sync Pending,Awaiting Sync,Factsheet Verified,
151905,Union Innovation & Opportunities Fund,Union Mutual Fund,Equity Scheme - Sectoral/ Thematic,Sectoral,16.97,07-Sep-2026,-1.15,,,,,,0.86,1052.9681,mfdata.in,Awaiting Sync,Factsheet Verified,
120733,UTI - Banking and Financial Services Fund,UTI Mutual Fund,Equity Scheme - Sectoral/ Thematic,Sectoral,225.4726,07-Sep-2026,8.12,13.66,11.88,21.59,0.332,-38.86,,,Sync Pending,Factual Registry,Varies by Plan,8.53
120782,UTI - Healthcare Fund,UTI Mutual Fund,Equity Scheme - Sectoral/ Thematic,Sectoral,391.8974,07-Sep-2026,18.33,24.7,16.2,15.36,1.185,-27.65,,,Sync Pending,Factual Registry,Varies by Plan,19.13
120728,UTI - Infrastructure Fund,UTI Mutual Fund,Equity Scheme - Sectoral/ Thematic,Sectoral,152.0001,07-Sep-2026,5.17,13.88,13.69,18.3,0.403,-32.94,,,Sync Pending,Factual Registry,Varies by Plan,9.84
120682,UTI - MNC Fund,UTI Mutual Fund,Equity Scheme - Sectoral/ Thematic,Sectoral,450.2039,07-Sep-2026,-0.39,11.82,9.94,,,,1.29,2723.737,mfdata.in,Factual Registry,Factsheet Verified,7.71
154215,Abakkus Small Cap Fund,Abakkus Mutual Fund,Equity Scheme - Small Cap Fund,Small Cap,12.734,07-Sep-2026,,,,,,,1.09,,Sync Pending,Awaiting Sync,Factsheet Verified,
119556,Aditya Birla Sun Life Small Cap Fund,Aditya Birla Sun Life Mutual Fund,Equity Scheme - Small Cap Fund,Small Cap,116.6591,07-Sep-2026,1.94,17.91,14.33,,,,0.92,4882.125,mfdata.in,Factual Registry,Factsheet Verified,11.46
153612,Bajaj Finserv Small Cap Fund,Bajaj Finserv Mutual Fund,Equity Scheme - Small Cap Fund,Small Cap,11.513,07-Sep-2026,20.59,,,15.99,,-28.78,,,Sync Pending,Awaiting Sync,Varies by Plan,
147946,BANDHAN Small Cap Fund,Bandhan Mutual Fund,Equity Scheme - Small Cap Fund,Small Cap,57.83,07-Sep-2026,0.95,29.14,22.9,,,,0.49,20474.123,mfdata.in,Factual Registry,Factsheet Verified,18.53
145678,BANK OF INDIA SMALL CAP FUND,Bank of India Mutual Fund,Equity Scheme - Small Cap Fund,Small Cap,66.47,07-Sep-2026,-3.37,19.37,19.65,,,,0.51,1903.7002,mfdata.in,Factual Registry,Factsheet Verified,13.64
152128,Baroda BNP Paribas Small Cap Fund,Baroda BNP Paribas Mutual Fund,Equity Scheme - Small Cap Fund,Small Cap,14.8279,07-Sep-2026,-1.24,,,,,,0.95,1152.6854,mfdata.in,Awaiting Sync,Factsheet Verified,
119212,DSP Small Cap Fund,DSP Mutual Fund,Equity Scheme - Small Cap Fund,Small Cap,258.107,07-Sep-2026,3.23,19.12,19.15,,,,0.8,16885.537,mfdata.in,Factual Registry,Factsheet Verified,13.39
146196,Edelweiss Small Cap Fund,Edelweiss Mutual Fund,Equity Scheme - Small Cap Fund,Small Cap,54.273,07-Sep-2026,0.14,19.22,19.42,,,,0.46,5480.798,mfdata.in,Factual Registry,Factsheet Verified,13.51
118525,Franklin India Small Cap Fund,Franklin Templeton Mutual Fund,Equity Scheme - Small Cap Fund,Small Cap,206.1976,07-Sep-2026,-3.51,17.08,18.46,,,,0.96,12934.4274,mfdata.in,Factual Registry,Factsheet Verified,12.37
130503,HDFC Small Cap Fund,HDFC Mutual Fund,Equity Scheme - Small Cap Fund,Small Cap,160.452,07-Sep-2026,0.09,16.41,19.52,,,,0.8,37423.943,mfdata.in,Factual Registry,Factsheet Verified,12.42
147919,ITI Small Cap Fund,ITI Mutual Fund,Equity Scheme - Small Cap Fund,Small Cap,39.0128,07-Sep-2026,-1.06,24.03,17.32,,,,0.39,2712.4986,mfdata.in,Factual Registry,Factsheet Verified,14.81
120164,Kotak Small Cap Fund,Kotak Mahindra Mutual Fund,Equity Scheme - Small Cap Fund,Small Cap,327.87,07-Sep-2026,-5.69,13.85,15.22,,,,0.55,16870.611,mfdata.in,Factual Registry,Factsheet Verified,10.11
152004,LIC MF Small Cap Fund,LIC Mutual Fund,Equity Scheme - Small Cap Fund,Small Cap,40.7362,07-Sep-2026,-5.75,16.63,18.25,,,,1.03,605.8872,mfdata.in,Factual Registry,Factsheet Verified,12.13
152237,Motilal Oswal Small Cap Fund,Motilal Oswal Mutual Fund,Equity Scheme - Small Cap Fund,Small Cap,17.7677,07-Sep-2026,-0.61,,,,,,0.81,5654.945,mfdata.in,Awaiting Sync,Factsheet Verified,
118778,Nippon India Small Cap Fund,Nippon India Mutual Fund,Equity Scheme - Small Cap Fund,Small Cap,210.2191,07-Sep-2026,-1.71,19.54,21.84,,,,0.66,67641.5,mfdata.in,Factual Registry,Factsheet Verified,14.37
149019,PGIM India Small Cap Fund,PGIM India Mutual Fund,Equity Scheme - Small Cap Fund,Small Cap,20.38,07-Sep-2026,0.78,14.19,,,,,0.6,1488.7365,mfdata.in,Factual Registry,Factsheet Verified,5.68
120828,Quant Small Cap Fund,quant Mutual Fund,Equity Scheme - Small Cap Fund,Small Cap,323.4711,07-Sep-2026,-2.95,19.44,23.75,,,,0.83,27653.65,mfdata.in,Factual Registry,Factsheet Verified,14.9
152107,QUANTUM SMALL CAP FUND,Quantum Mutual Fund,Equity Scheme - Small Cap Fund,Small Cap,14.36,07-Sep-2026,1.05,,,,,,0.7,189.786,mfdata.in,Awaiting Sync,Factsheet Verified,
153868,Samco Small Cap Fund,Samco Mutual Fund,Equity Scheme - Small Cap Fund,Small Cap,12.51,07-Sep-2026,,,,,,,,,Sync Pending,Awaiting Sync,Varies by Plan,
125497,SBI SMALL CAP FUND,SBI Mutual Fund,Equity Scheme - Small Cap Fund,Small Cap,215.9286,07-Sep-2026,-5.32,12.67,14.82,,,,0.79,34931.727,mfdata.in,Factual Registry,Factsheet Verified,9.51
119589,Sundaram Small Cap Fund,Sundaram Mutual Fund,Equity Scheme - Small Cap Fund,Small Cap,336.9463,07-Sep-2026,1.81,18.05,18.41,,,,0.83,3306.1917,mfdata.in,Factual Registry,Factsheet Verified,12.74
119588,Sundaram Small Cap Fund,Sundaram Mutual Fund,Equity Scheme - Small Cap Fund,Small Cap,41.5262,07-Sep-2026,10.92,7.0,9.86,19.3,0.026,-34.74,,,Sync Pending,Factual Registry,Varies by Plan,3.96
145206,Tata Small Cap Fund,Tata Mutual Fund,Equity Scheme - Small Cap Fund,Small Cap,45.2479,07-Sep-2026,-15.76,11.61,17.63,,,,0.41,10715.211,mfdata.in,Factual Registry,Factsheet Verified,9.93
154269,The Wealth Company Small Cap Fund,The Wealth Company Mutual Fund,Equity Scheme - Small Cap Fund,Small Cap,11.9181,07-Sep-2026,,,,,,,,,Sync Pending,Awaiting Sync,Varies by Plan,
152939,TRUSTMF SMALL CAP FUND,Trust Mutual Fund,Equity Scheme - Small Cap Fund,Small Cap,14.12,07-Sep-2026,6.48,,,,,,0.47,1311.7319,mfdata.in,Awaiting Sync,Factsheet Verified,
129649,Union Small Cap Fund,Union Mutual Fund,Equity Scheme - Small Cap Fund,Small Cap,68.04,07-Sep-2026,5.7,19.49,18.28,,,,1.07,1787.2468,mfdata.in,Factual Registry,Factsheet Verified,13.28
118481,Bandhan Value Fund,Bandhan Mutual Fund,Equity Scheme - Value Fund,Value,168.219,07-Sep-2026,-1.79,16.03,17.64,,,,0.73,10145.165,mfdata.in,Factual Registry,Factsheet Verified,11.7
151755,Baroda BNP Paribas Value Fund,Baroda BNP Paribas Mutual Fund,Equity Scheme - Value Fund,Value,14.251,07-Sep-2026,-4.04,,,,,,1.17,1109.1746,mfdata.in,Awaiting Sync,Factsheet Verified,
148595,DSP Value Fund,DSP Mutual Fund,Equity Scheme - Value Fund,Value,24.62,04-Sep-2026,8.09,19.7,15.81,,,,0.96,1483.8713,mfdata.in,Factual Registry,Factsheet Verified,12.62
118494,Templeton India Value Fund,Franklin Templeton Mutual Fund,Equity Scheme - Value Fund,Value,773.5209,07-Sep-2026,-0.09,16.51,17.36,,,,0.94,2256.7442,mfdata.in,Factual Registry,Factsheet Verified,11.81
118935,HDFC Value Fund,HDFC Mutual Fund,Equity Scheme - Value Fund,Value,891.599,07-Sep-2026,2.6,18.26,15.81,,,,1.0,7413.033,mfdata.in,Factual Registry,Factsheet Verified,12.05
120323,ICICI Prudential Value Fund (erstwhile Value Discovery Fund),ICICI Prudential Mutual Fund,Equity Scheme - Value Fund,Value,502.4,07-Sep-2026,1.65,18.93,19.18,,,,0.96,60571.34,mfdata.in,Factual Registry,Factsheet Verified,13.33
148972,ITI Value Fund,ITI Mutual Fund,Equity Scheme - Value Fund,Value,19.0676,07-Sep-2026,0.02,17.62,,,,,0.57,344.5819,mfdata.in,Factual Registry,Factsheet Verified,7.05
152018,LIC MF Value Fund,LIC Mutual Fund,Equity Scheme - Value Fund,Value,31.3837,07-Sep-2026,3.41,16.16,13.63,,,,1.35,202.6819,mfdata.in,Factual Registry,Factsheet Verified,10.55
118784,Nippon India Value Fund,Nippon India Mutual Fund,Equity Scheme - Value Fund,Value,245.76,07-Sep-2026,-1.52,21.08,17.57,,,,1.06,9034.443,mfdata.in,Factual Registry,Factsheet Verified,13.7
149335,Quant Value Fund,quant Mutual Fund,Equity Scheme - Value Fund,Value,24.1873,07-Sep-2026,2.47,22.24,,,,,0.58,1602.3758,mfdata.in,Factual Registry,Factsheet Verified,8.9
103490,Quantum Value Fund,Quantum Mutual Fund,Equity Scheme - Value Fund,Value,123.89,07-Sep-2026,-5.83,15.18,12.17,,,,1.1,1151.3253,mfdata.in,Factual Registry,Factsheet Verified,9.72
119549,Sundaram Value Fund,Sundaram Mutual Fund,Equity Scheme - Value Fund,Value,224.0076,07-Sep-2026,-2.29,11.88,11.46,,,,1.67,1392.0128,mfdata.in,Factual Registry,Factsheet Verified,8.19
119231,Tata Value Fund,Tata Mutual Fund,Equity Scheme - Value Fund,Value,401.7302,07-Sep-2026,0.5,18.56,15.89,,,,0.8,8774.06,mfdata.in,Factual Registry,Factsheet Verified,12.19
145473,Union Value Fund,Union Mutual Fund,Equity Scheme - Value Fund,Value,30.87,07-Sep-2026,2.11,17.86,15.32,,,,1.23,375.3663,mfdata.in,Factual Registry,Factsheet Verified,11.74
154600,Bandhan Contra Fund,Bandhan Mutual Fund,Equity Schemes - Contra Fund,Contra,9.9279,07-Sep-2026,,,,,,,,,Sync Pending,Awaiting Sync,Varies by Plan,
120348,Invesco India Contra Fund,Invesco Mutual Fund,Equity Schemes - Contra Fund,Contra,161.21,07-Sep-2026,-3.14,18.33,15.23,,,,0.52,19948.054,mfdata.in,Factual Registry,Factsheet Verified,11.9
129312,ICICI Prudential Dividend Yield Fund,ICICI Prudential Mutual Fund,Equity Schemes - Dividend Yield Fund,Dividend Yield,58.89,07-Sep-2026,1.32,16.11,17.59,14.87,0.646,-26.77,,,Sync Pending,Factual Registry,Varies by Plan,13.46
120749,UTI - Dividend Yield Fund,UTI Mutual Fund,Equity Schemes - Dividend Yield Fund,Dividend Yield,189.9625,07-Sep-2026,0.49,13.37,11.09,14.56,0.472,-26.21,,,Sync Pending,Factual Registry,Varies by Plan,9.58
154556,WhiteOak Capital Dividend Yield Fund,WhiteOak Capital Mutual Fund,Equity Schemes - Dividend Yield Fund,Dividend Yield,10.088,07-Sep-2026,,,,,,,,,Sync Pending,Awaiting Sync,Varies by Plan,
120503,Axis ELSS- Tax Saver Fund,Axis Mutual Fund,Equity Schemes - ELSS- Tax Saver Fund,ELSS,111.2363,07-Sep-2026,-3.76,14.2,8.33,,,,0.83,33185.5,mfdata.in,Factual Registry,Factsheet Verified,8.18
153201,Bajaj Finserv ELSS - Tax Saver Fund,Bajaj Finserv Mutual Fund,Equity Schemes - ELSS- Tax Saver Fund,ELSS,11.96,07-Sep-2026,-1.84,,,,,,0.7,76.186906,mfdata.in,Awaiting Sync,Factsheet Verified,
118473,BANDHAN ELSS - Tax Saver Fund,Bandhan Mutual Fund,Equity Schemes - ELSS- Tax Saver Fund,ELSS,179.037,07-Sep-2026,0.07,14.67,15.16,,,,0.68,7056.241,mfdata.in,Factual Registry,Factsheet Verified,10.42
119351,BANK OF INDIA ELSS TAX SAVER FUND,Bank of India Mutual Fund,Equity Schemes - ELSS- Tax Saver Fund,ELSS,195.14,07-Sep-2026,-0.79,17.6,15.32,,,,0.89,1384.2083,mfdata.in,Factual Registry,Factsheet Verified,11.64
118285,Canara Robeco ELSS - Tax Saver Fund,Canara Robeco Mutual Fund,Equity Schemes - ELSS- Tax Saver Fund,ELSS,201.31,07-Sep-2026,0.87,14.91,13.14,,,,0.64,8800.35,mfdata.in,Factual Registry,Factsheet Verified,9.91
119242,DSP ELSS Tax Saver Fund,DSP Mutual Fund,Equity Schemes - ELSS- Tax Saver Fund,ELSS,154.503,07-Sep-2026,-2.3,18.66,15.9,,,,0.69,17249.785,mfdata.in,Factual Registry,Factsheet Verified,12.23
118620,Edelweiss ELSS Tax Saver Fund,Edelweiss Mutual Fund,Equity Schemes - ELSS- Tax Saver Fund,ELSS,139.97,07-Sep-2026,2.76,16.71,14.08,,,,0.67,439.1513,mfdata.in,Factual Registry,Factsheet Verified,10.91
141808,Groww ELSS Tax Saver Fund,Groww Mutual Fund,Equity Schemes - ELSS- Tax Saver Fund,ELSS,21.84,07-Sep-2026,-2.52,13.07,10.98,,,,0.94,51.35525,mfdata.in,Factual Registry,Factsheet Verified,8.52
119060,HDFC ELSS - Tax Saver Fund,HDFC Mutual Fund,Equity Schemes - ELSS- Tax Saver Fund,ELSS,1485.586,07-Sep-2026,-1.88,18.69,18.1,,,,1.1,16618.14,mfdata.in,Factual Registry,Factsheet Verified,12.91
151078,HSBC ELSS Tax saver Fund,HSBC Mutual Fund,Equity Schemes - ELSS- Tax Saver Fund,ELSS,156.9722,07-Sep-2026,-0.75,18.26,14.01,,,,1.16,4022.8614,mfdata.in,Factual Registry,Factsheet Verified,11.51
120592,ICICI Prudential ELSS - Tax Saver Fund,ICICI Prudential Mutual Fund,Equity Schemes - ELSS- Tax Saver Fund,ELSS,1039.77,07-Sep-2026,-0.82,15.45,13.2,,,,1.1,14352.509,mfdata.in,Factual Registry,Factsheet Verified,10.14
120416,Invesco India ELSS Tax Saver Fund,Invesco Mutual Fund,Equity Schemes - ELSS- Tax Saver Fund,ELSS,153.33,07-Sep-2026,-6.81,14.77,11.29,,,,0.87,2602.2928,mfdata.in,Factual Registry,Factsheet Verified,9.29
120494,JM ELSS - Tax Saver Fund,JM Financial Mutual Fund,Equity Schemes - ELSS- Tax Saver Fund,ELSS,61.4377,07-Sep-2026,-3.37,17.64,14.65,,,,1.01,217.28074,mfdata.in,Factual Registry,Factsheet Verified,11.45
120270,LIC MF ELSS Tax Saver Fund,LIC Mutual Fund,Equity Schemes - ELSS- Tax Saver Fund,ELSS,171.3736,07-Sep-2026,-7.78,13.74,11.95,,,,1.0,1044.5721,mfdata.in,Factual Registry,Factsheet Verified,9.08
139781,Mahindra Manulife ELSS Tax Saver Fund,Mahindra Manulife Mutual Fund,Equity Schemes - ELSS- Tax Saver Fund,ELSS,32.5475,07-Sep-2026,-1.64,13.89,13.6,,,,0.78,936.3974,mfdata.in,Factual Registry,Factsheet Verified,9.64
135781,Mirae Asset ELSS Tax Saver Fund,Mirae Asset Mutual Fund,Equity Schemes - ELSS- Tax Saver Fund,ELSS,57.482,07-Sep-2026,0.91,15.99,13.55,,,,0.59,26202.622,mfdata.in,Factual Registry,Factsheet Verified,10.46
118803,Nippon India ELSS Tax Saver Fund,Nippon India Mutual Fund,Equity Schemes - ELSS- Tax Saver Fund,ELSS,143.2938,07-Sep-2026,1.34,17.3,15.01,,,,1.03,14959.37,mfdata.in,Factual Registry,Factsheet Verified,11.42
151611,NJ ELSS Tax Saver Fund,NJ Mutual Fund,Equity Schemes - ELSS- Tax Saver Fund,ELSS,14.86,07-Sep-2026,-3.75,,,,,,0.65,314.31025,mfdata.in,Awaiting Sync,Factsheet Verified,
132756,Tata ELSS - Tax Saver Fund,Tata Mutual Fund,Equity Schemes - ELSS- Tax Saver Fund,ELSS,54.8357,07-Sep-2026,1.25,15.9,13.92,,,,0.73,4674.287,mfdata.in,Factual Registry,Factsheet Verified,10.54
150587,WhiteOak Capital ELSS Tax Saver Fund,WhiteOak Capital Mutual Fund,Equity Schemes - ELSS- Tax Saver Fund,ELSS,19.385,07-Sep-2026,-1.86,20.07,,,,,0.64,438.2061,mfdata.in,Factual Registry,Factsheet Verified,8.03
151796,360 ONE Flexicap Fund,360 ONE Mutual Fund,Equity Schemes - Flexi Cap Fund,Flexi Cap,17.2557,07-Sep-2026,-3.09,,,,,,0.48,2010.526,mfdata.in,Awaiting Sync,Factsheet Verified,
154518,AlphaGrep Flexi Cap Fund,AlphaGrep Mutual Fund,Equity Schemes - Flexi Cap Fund,Flexi Cap,10.1302,07-Sep-2026,,,,,,,,,Sync Pending,Awaiting Sync,Varies by Plan,
141925,Axis Flexi Cap Fund,Axis Mutual Fund,Equity Schemes - Flexi Cap Fund,Flexi Cap,31.73,07-Sep-2026,-1.51,14.56,10.49,,,,0.69,12871.399,mfdata.in,Factual Registry,Factsheet Verified,8.97
118275,Canara Robeco Flexi Cap Fund,Canara Robeco Mutual Fund,Equity Schemes - Flexi Cap Fund,Flexi Cap,388.44,07-Sep-2026,0.09,14.77,12.71,,,,0.56,13391.118,mfdata.in,Factual Registry,Factsheet Verified,9.72
152135,Helios Flexi Cap Fund,Helios Mutual Fund,Equity Schemes - Flexi Cap Fund,Flexi Cap,16.25,07-Sep-2026,2.16,,,,,,0.51,6211.4513,mfdata.in,Awaiting Sync,Factsheet Verified,
120046,HSBC Flexi Cap Fund,HSBC Mutual Fund,Equity Schemes - Flexi Cap Fund,Flexi Cap,265.487,07-Sep-2026,-0.24,17.19,14.26,,,,1.21,5278.8376,mfdata.in,Factual Registry,Factsheet Verified,11.15
148990,ICICI Prudential Flexi Cap fund,ICICI Prudential Mutual Fund,Equity Schemes - Flexi Cap Fund,Flexi Cap,21.73,07-Sep-2026,2.69,17.82,,,,,0.79,20437.465,mfdata.in,Factual Registry,Factsheet Verified,7.13
149763,Invesco India Flexi Cap Fund,Invesco Mutual Fund,Equity Schemes - Flexi Cap Fund,Flexi Cap,21.04,07-Sep-2026,-2.82,19.22,,,,,0.52,4679.8463,mfdata.in,Factual Registry,Factsheet Verified,7.69
153859,JioBlackRock Flexi Cap Fund,Jio BlackRock Mutual Fund,Equity Schemes - Flexi Cap Fund,Flexi Cap,9.9874,07-Sep-2026,,,,,,,0.5,2764.3564,mfdata.in,Awaiting Sync,Factsheet Verified,
120492,JM Flexi Cap Fund,JM Financial Mutual Fund,Equity Schemes - Flexi Cap Fund,Flexi Cap,114.9978,07-Sep-2026,-6.37,18.92,16.57,,,,0.62,5158.7252,mfdata.in,Factual Registry,Factsheet Verified,12.54
120166,Kotak Flexi Cap Fund,Kotak Mahindra Mutual Fund,Equity Schemes - Flexi Cap Fund,Flexi Cap,96.575,07-Sep-2026,2.05,15.81,13.05,,,,0.59,56853.23,mfdata.in,Factual Registry,Factsheet Verified,10.24
149104,Mahindra Manulife Flexi Cap Fund,Mahindra Manulife Mutual Fund,Equity Schemes - Flexi Cap Fund,Flexi Cap,17.5169,07-Sep-2026,-1.43,15.59,,,,,0.56,1556.1088,mfdata.in,Factual Registry,Factsheet Verified,6.24
151412,Mirae Asset Flexi Cap Fund,Mirae Asset Mutual Fund,Equity Schemes - Flexi Cap Fund,Flexi Cap,17.103,07-Sep-2026,2.83,16.5,,,,,0.5,3655.7943,mfdata.in,Factual Registry,Factsheet Verified,6.6
151917,NJ Flexi Cap Fund,NJ Mutual Fund,Equity Schemes - Flexi Cap Fund,Flexi Cap,13.52,07-Sep-2026,-5.1,,,,,,0.53,2493.8265,mfdata.in,Awaiting Sync,Factsheet Verified,
150346,WhiteOak Capital Flexi Cap Fund,WhiteOak Capital Mutual Fund,Equity Schemes - Flexi Cap Fund,Flexi Cap,19.295,07-Sep-2026,-0.37,19.05,,,,,0.57,7286.856,mfdata.in,Factual Registry,Factsheet Verified,7.62
131580,360 ONE Focused Fund,360 ONE Mutual Fund,Equity Schemes - Focused Fund,Focused,56.3319,07-Sep-2026,-4.24,13.81,13.58,,,,0.8,6837.068,mfdata.in,Factual Registry,Factsheet Verified,9.6
120468,Axis Focused Fund,Axis Mutual Fund,Equity Schemes - Focused Fund,Focused,65.71,07-Sep-2026,-5.3,11.53,6.29,,,,0.82,11305.1296,mfdata.in,Factual Registry,Factsheet Verified,6.5
148883,Canara Robeco Focused Fund,Canara Robeco Mutual Fund,Equity Schemes - Focused Fund,Focused,21.48,07-Sep-2026,-0.76,16.65,,,,,0.6,2823.481,mfdata.in,Factual Registry,Factsheet Verified,6.66
148411,HSBC Focused Fund,HSBC Mutual Fund,Equity Schemes - Focused Fund,Focused,29.7798,07-Sep-2026,2.87,16.5,13.69,,,,1.0,1693.1602,mfdata.in,Factual Registry,Factsheet Verified,10.71
120722,ICICI Prudential Focused Fund,ICICI Prudential Mutual Fund,Equity Schemes - Focused Fund,Focused,109.28,07-Sep-2026,2.83,21.14,18.41,,,,0.58,15145.396,mfdata.in,Factual Registry,Factsheet Verified,13.98
148481,Invesco India Focused Fund,Invesco Mutual Fund,Equity Schemes - Focused Fund,Focused,32.5,07-Sep-2026,-8.95,21.23,15.66,,,,0.48,4916.5423,mfdata.in,Factual Registry,Factsheet Verified,13.19
120488,JM Focused Fund,JM Financial Mutual Fund,Equity Schemes - Focused Fund,Focused,24.1665,07-Sep-2026,-6.19,16.0,13.25,,,,0.84,286.17984,mfdata.in,Factual Registry,Factsheet Verified,10.38
148567,Mahindra Manulife Focused Fund,Mahindra Manulife Mutual Fund,Equity Schemes - Focused Fund,Focused,29.4718,07-Sep-2026,0.88,19.27,18.21,,,,0.52,2238.4452,mfdata.in,Factual Registry,Factsheet Verified,13.17
147206,Mirae Asset Focused Fund,Mirae Asset Mutual Fund,Equity Schemes - Focused Fund,Focused,27.842,07-Sep-2026,-8.28,8.23,7.91,,,,0.61,7032.625,mfdata.in,Factual Registry,Factsheet Verified,5.67
149091,UTI Focused Fund (30 stocks),UTI Mutual Fund,Equity Schemes - Focused Fund,Focused,16.6292,07-Sep-2026,-1.95,14.52,,,,,0.64,2510.5662,mfdata.in,Factual Registry,Factsheet Verified,5.81
145110,Axis Large & Mid Cap Fund,Axis Mutual Fund,Equity Schemes - Large & Mid Cap Fund,Large & Mid Cap,39.15,04-Sep-2026,1.6,19.26,15.31,,,,0.6,15559.488,mfdata.in,Factual Registry,Factsheet Verified,12.3
152408,Bajaj Finserv Large & Mid Cap Fund,Bajaj Finserv Mutual Fund,Equity Schemes - Large & Mid Cap Fund,Large & Mid Cap,12.809,07-Sep-2026,-0.38,,,,,,0.61,2324.663,mfdata.in,Awaiting Sync,Factsheet Verified,
118278,Canara Robeco Large and Mid Cap Fund,Canara Robeco Mutual Fund,Equity Schemes - Large & Mid Cap Fund,Large & Mid Cap,298.56,07-Sep-2026,-4.95,15.32,13.33,,,,0.65,24735.272,mfdata.in,Factual Registry,Factsheet Verified,10.13
130498,HDFC Large & Mid Cap Fund,HDFC Mutual Fund,Equity Schemes - Large & Mid Cap Fund,Large & Mid Cap,368.802,07-Sep-2026,-1.19,18.57,17.2,,,,0.88,28580.03,mfdata.in,Factual Registry,Factsheet Verified,12.59
152941,Helios Large & Mid Cap Fund,Helios Mutual Fund,Equity Schemes - Large & Mid Cap Fund,Large & Mid Cap,11.69,07-Sep-2026,4.81,,,,,,0.72,739.2246,mfdata.in,Awaiting Sync,Factsheet Verified,
146772,HSBC Large & Mid Cap Fund,HSBC Mutual Fund,Equity Schemes - Large & Mid Cap Fund,Large & Mid Cap,33.4124,07-Sep-2026,5.25,19.78,15.72,,,,0.78,4706.0287,mfdata.in,Factual Registry,Factsheet Verified,12.63
120357,Invesco India Large & Mid Cap Fund,Invesco Mutual Fund,Equity Schemes - Large & Mid Cap Fund,Large & Mid Cap,132.38,07-Sep-2026,3.0,23.21,17.13,,,,0.61,9392.049,mfdata.in,Factual Registry,Factsheet Verified,14.42
153629,JM Large & Mid Cap Fund,JM Financial Mutual Fund,Equity Schemes - Large & Mid Cap Fund,Large & Mid Cap,10.9728,07-Sep-2026,7.62,,,14.21,,-25.58,,,Sync Pending,Awaiting Sync,Varies by Plan,
120158,Kotak Large & Mid Cap Fund,Kotak Mahindra Mutual Fund,Equity Schemes - Large & Mid Cap Fund,Large & Mid Cap,407.537,07-Sep-2026,3.5,18.49,16.3,,,,0.55,30712.48,mfdata.in,Factual Registry,Factsheet Verified,12.29
147840,Mahindra Manulife Large & Mid Cap Fund,Mahindra Manulife Mutual Fund,Equity Schemes - Large & Mid Cap Fund,Large & Mid Cap,31.6287,07-Sep-2026,1.19,17.21,15.77,,,,0.58,2730.0184,mfdata.in,Factual Registry,Factsheet Verified,11.62
118834,Mirae Asset Large & Midcap Fund,Mirae Asset Mutual Fund,Equity Schemes - Large & Mid Cap Fund,Large & Mid Cap,178.546,07-Sep-2026,2.64,16.49,13.65,,,,0.62,42943.103,mfdata.in,Factual Registry,Factsheet Verified,10.69
154433,TRUSTMF LARGE & MIDCAP FUND,Trust Mutual Fund,Equity Schemes - Large & Mid Cap Fund,Large & Mid Cap,10.24,07-Sep-2026,,,,,,,,,Sync Pending,Awaiting Sync,Varies by Plan,
152226,WhiteOak Capital Large & Mid Cap Fund,WhiteOak Capital Mutual Fund,Equity Schemes - Large & Mid Cap Fund,Large & Mid Cap,14.498,07-Sep-2026,3.5,,,,,,0.62,2105.7348,mfdata.in,Awaiting Sync,Factsheet Verified,
120465,Axis Large Cap Fund,Axis Mutual Fund,Equity Schemes - Large Cap Fund,Large Cap,69.52,07-Sep-2026,-3.21,11.72,8.61,,,,0.71,32436.77,mfdata.in,Factual Registry,Factsheet Verified,7.27
118269,Canara Robeco Large Cap Fund,Canara Robeco Mutual Fund,Equity Schemes - Large Cap Fund,Large Cap,71.73,07-Sep-2026,-2.66,14.21,11.97,,,,0.57,17104.364,mfdata.in,Factual Registry,Factsheet Verified,9.28
119133,Groww Large Cap Fund,Groww Mutual Fund,Equity Schemes - Large Cap Fund,Large Cap,51.93,07-Sep-2026,1.56,13.92,11.58,,,,1.26,132.1873,mfdata.in,Factual Registry,Factsheet Verified,9.04
120030,HSBC Large Cap Fund,HSBC Mutual Fund,Equity Schemes - Large Cap Fund,Large Cap,532.9266,07-Sep-2026,0.86,14.56,11.51,,,,1.28,1893.796,mfdata.in,Factual Registry,Factsheet Verified,9.28
120392,Invesco India Large Cap Fund,Invesco Mutual Fund,Equity Schemes - Large Cap Fund,Large Cap,88.05,07-Sep-2026,-0.03,16.74,13.97,,,,0.72,1701.6816,mfdata.in,Factual Registry,Factsheet Verified,10.89
154307,JioBlackRock Large Cap Fund,Jio BlackRock Mutual Fund,Equity Schemes - Large Cap Fund,Large Cap,9.89,07-Sep-2026,,,,,,,,,Sync Pending,Awaiting Sync,Varies by Plan,
120490,JM Large Cap Fund,JM Financial Mutual Fund,Equity Schemes - Large Cap Fund,Large Cap,178.7672,07-Sep-2026,-0.72,14.88,12.6,,,,0.88,442.78134,mfdata.in,Factual Registry,Factsheet Verified,9.73
146549,Mahindra Manulife Large Cap Fund,Mahindra Manulife Mutual Fund,Equity Schemes - Large Cap Fund,Large Cap,25.0263,07-Sep-2026,-1.42,14.37,12.33,,,,0.78,737.4344,mfdata.in,Factual Registry,Factsheet Verified,9.45
118825,Mirae Asset Large Cap Fund,Mirae Asset Mutual Fund,Equity Schemes - Large Cap Fund,Large Cap,126.44,07-Sep-2026,-1.92,12.0,10.68,,,,0.57,40184.408,mfdata.in,Factual Registry,Factsheet Verified,8.0
150797,WhiteOak Capital Large Cap Fund,WhiteOak Capital Mutual Fund,Equity Schemes - Large Cap Fund,Large Cap,15.85,07-Sep-2026,0.35,17.47,,,,,0.67,1148.9846,mfdata.in,Factual Registry,Factsheet Verified,6.99
150404,BANDHAN MID CAP FUND,Bandhan Mutual Fund,Equity Schemes - Mid Cap Fund,Mid Cap,20.664,07-Sep-2026,3.13,20.64,,,,,0.66,2008.0204,mfdata.in,Factual Registry,Factsheet Verified,8.26
153728,BANK OF INDIA MID CAP FUND,Bank of India Mutual Fund,Equity Schemes - Mid Cap Fund,Mid Cap,10.68,07-Sep-2026,7.34,,,14.31,,-25.76,,,Sync Pending,Awaiting Sync,Varies by Plan,
150817,Canara Robeco Mid Cap Fund,Canara Robeco Mutual Fund,Equity Schemes - Mid Cap Fund,Mid Cap,19.47,07-Sep-2026,4.67,20.07,,,,,0.64,4196.864,mfdata.in,Factual Registry,Factsheet Verified,8.03
153326,Helios Mid Cap Fund,Helios Mutual Fund,Equity Schemes - Mid Cap Fund,Mid Cap,14.32,07-Sep-2026,7.84,,,,,,0.58,1227.8279,mfdata.in,Awaiting Sync,Factsheet Verified,
151036,HSBC Midcap Fund,HSBC Mutual Fund,Equity Schemes - Mid Cap Fund,Mid Cap,545.3646,07-Sep-2026,9.53,24.2,18.03,,,,0.66,12447.698,mfdata.in,Factual Registry,Factsheet Verified,15.09
120381,ICICI Prudential Mid Cap Fund,ICICI Prudential Mutual Fund,Equity Schemes - Mid Cap Fund,Mid Cap,390.7,07-Sep-2026,13.56,24.73,19.66,,,,1.04,7280.376,mfdata.in,Factual Registry,Factsheet Verified,15.79
120403,Invesco India Mid Cap Fund,Invesco Mutual Fund,Equity Schemes - Mid Cap Fund,Mid Cap,241.75,07-Sep-2026,5.85,25.84,20.37,,,,0.55,10771.901,mfdata.in,Factual Registry,Factsheet Verified,16.45
150815,JM Mid Cap Fund,JM Financial Mutual Fund,Equity Schemes - Mid Cap Fund,Mid Cap,22.8309,07-Sep-2026,-0.62,23.08,,,,,0.66,1133.7631,mfdata.in,Factual Registry,Factsheet Verified,9.23
119775,Kotak Mid Cap Fund,Kotak Mahindra Mutual Fund,Equity Schemes - Mid Cap Fund,Mid Cap,171.251,07-Sep-2026,5.22,20.48,18.54,,,,0.38,61694.404,mfdata.in,Factual Registry,Factsheet Verified,13.75
142110,Mahindra Manulife Mid Cap Fund,Mahindra Manulife Mutual Fund,Equity Schemes - Mid Cap Fund,Mid Cap,42.0313,07-Sep-2026,3.73,24.55,20.79,,,,0.46,4440.1193,mfdata.in,Factual Registry,Factsheet Verified,16.06
147445,Mirae Asset Midcap Fund,Mirae Asset Mutual Fund,Equity Schemes - Mid Cap Fund,Mid Cap,44.348,07-Sep-2026,7.36,20.38,17.85,,,,0.56,18070.302,mfdata.in,Factual Registry,Factsheet Verified,13.51
154481,The Wealth Company Mid Cap Fund,The Wealth Company Mutual Fund,Equity Schemes - Mid Cap Fund,Mid Cap,9.8246,07-Sep-2026,,,,,,,,,Sync Pending,Awaiting Sync,Varies by Plan,
150584,WhiteOak Capital Mid Cap Fund,WhiteOak Capital Mutual Fund,Equity Schemes - Mid Cap Fund,Mid Cap,23.572,07-Sep-2026,6.74,26.21,,,,,0.59,4694.8524,mfdata.in,Factual Registry,Factsheet Verified,10.48
149383,Axis Multicap Fund,Axis Mutual Fund,Equity Schemes - Multi Cap Fund,Multi Cap,21.06,07-Sep-2026,0.29,22.18,,,,,0.56,9361.083,mfdata.in,Factual Registry,Factsheet Verified,8.87
151824,Canara Robeco Multi Cap Fund,Canara Robeco Mutual Fund,Equity Schemes - Multi Cap Fund,Multi Cap,15.67,07-Sep-2026,0.22,,,,,,0.54,5136.1825,mfdata.in,Awaiting Sync,Factsheet Verified,
152310,DSP Multi Cap Fund,DSP Mutual Fund,Equity Schemes - Multi Cap Fund,Multi Cap,12.757,07-Sep-2026,-1.87,,,,,,0.55,2635.3545,mfdata.in,Awaiting Sync,Factsheet Verified,
153034,Groww Multicap Fund,Groww Mutual Fund,Equity Schemes - Multi Cap Fund,Multi Cap,12.6107,07-Sep-2026,9.49,,,,,,0.51,374.77637,mfdata.in,Awaiting Sync,Factsheet Verified,
151290,HSBC Multi Cap Fund,HSBC Mutual Fund,Equity Schemes - Multi Cap Fund,Multi Cap,21.3684,07-Sep-2026,1.73,21.63,,,,,0.62,5301.3545,mfdata.in,Factual Registry,Factsheet Verified,8.65
120599,ICICI Prudential Multi Cap Fund,ICICI Prudential Mutual Fund,Equity Schemes - Multi Cap Fund,Multi Cap,970.02,07-Sep-2026,-0.87,18.77,16.44,,,,0.95,16315.094,mfdata.in,Factual Registry,Factsheet Verified,12.44
120413,Invesco India Multi Cap Fund,Invesco Mutual Fund,Equity Schemes - Multi Cap Fund,Multi Cap,160.73,07-Sep-2026,-7.72,15.5,13.99,,,,0.69,4000.533,mfdata.in,Factual Registry,Factsheet Verified,10.4
149185,Kotak Multi Cap Fund,Kotak Mahindra Mutual Fund,Equity Schemes - Multi Cap Fund,Multi Cap,21.464,07-Sep-2026,4.7,23.26,,,,,0.45,23886.022,mfdata.in,Factual Registry,Factsheet Verified,9.3
141226,Mahindra Manulife Multi Cap Fund,Mahindra Manulife Mutual Fund,Equity Schemes - Multi Cap Fund,Multi Cap,47.0481,07-Sep-2026,3.64,20.33,18.62,,,,0.48,6173.7685,mfdata.in,Factual Registry,Factsheet Verified,13.72
151810,Mirae Asset Multicap Fund,Mirae Asset Mutual Fund,Equity Schemes - Multi Cap Fund,Multi Cap,15.604,07-Sep-2026,2.6,,,,,,0.39,4747.0735,mfdata.in,Awaiting Sync,Factsheet Verified,
153515,UTI Multi Cap Fund,UTI Mutual Fund,Equity Schemes - Multi Cap Fund,Multi Cap,10.9393,07-Sep-2026,7.04,,,11.79,,-21.22,,,Sync Pending,Awaiting Sync,Varies by Plan,
152071,WhiteOak Capital Multi Cap Fund,WhiteOak Capital Mutual Fund,Equity Schemes - Multi Cap Fund,Multi Cap,17.057,07-Sep-2026,2.53,,,,,,0.68,3111.6304,mfdata.in,Awaiting Sync,Factsheet Verified,
151816,BANDHAN FINANCIAL SERVICES FUND,Bandhan Mutual Fund,Equity Schemes - Sectoral Fund,Sectoral,15.866,07-Sep-2026,7.22,16.47,,15.37,0.649,-27.67,,,Sync Pending,Factual Registry,Varies by Plan,8.3
153972,Bandhan Healthcare Fund,Bandhan Mutual Fund,Equity Schemes - Sectoral Fund,Sectoral,11.395,07-Sep-2026,,,,,,,0.71,,Sync Pending,Awaiting Sync,Factsheet Verified,
118469,BANDHAN Infrastructure Fund,Bandhan Mutual Fund,Equity Schemes - Sectoral Fund,Sectoral,57.63,07-Sep-2026,-0.32,15.65,16.75,19.19,0.477,-34.54,,,Sync Pending,Factual Registry,Varies by Plan,11.75
150716,BANDHAN TRANSPORTATION AND LOGISTICS FUND,Bandhan Mutual Fund,Equity Schemes - Sectoral Fund,Sectoral,21.8,07-Sep-2026,13.91,24.02,,,,,0.87,692.1304,mfdata.in,Factual Registry,Factsheet Verified,9.61
154250,Canara Robeco Banking and Financial Services Fund,Canara Robeco Mutual Fund,Equity Schemes - Sectoral Fund,Sectoral,11.08,07-Sep-2026,,,,,,,,,Sync Pending,Awaiting Sync,Varies by Plan,
152206,DSP Banking & Financial Services Fund,DSP Mutual Fund,Equity Schemes - Sectoral Fund,Sectoral,15.724,07-Sep-2026,19.04,,,16.76,,-30.17,,,Sync Pending,Awaiting Sync,Varies by Plan,
145454,DSP Healthcare Fund,DSP Mutual Fund,Equity Schemes - Sectoral Fund,Sectoral,51.174,04-Sep-2026,17.93,22.19,15.4,14.39,1.09,-25.9,,,Sync Pending,Factual Registry,Varies by Plan,17.51
152254,Groww Banking & Financial Services Fund,Groww Mutual Fund,Equity Schemes - Sectoral Fund,Sectoral,13.8439,07-Sep-2026,17.54,,,16.05,,-28.89,,,Sync Pending,Awaiting Sync,Varies by Plan,
152679,Helios Financial Services Fund,Helios Mutual Fund,Equity Schemes - Sectoral Fund,Sectoral,12.06,07-Sep-2026,5.06,,,17.26,,-31.07,,,Sync Pending,Awaiting Sync,Varies by Plan,
151040,HSBC Infrastructure Fund,HSBC Mutual Fund,Equity Schemes - Sectoral Fund,Sectoral,58.055,07-Sep-2026,12.65,16.27,,17.9,0.546,-32.22,,,Sync Pending,Factual Registry,Varies by Plan,7.45
120385,Invesco India Financial Services Fund,Invesco Mutual Fund,Equity Schemes - Sectoral Fund,Sectoral,179.14,07-Sep-2026,12.44,19.34,14.72,20.36,0.631,-36.65,,,Sync Pending,Factual Registry,Varies by Plan,13.27
152863,Invesco India Technology Fund,Invesco Mutual Fund,Equity Schemes - Sectoral Fund,Sectoral,10.14,07-Sep-2026,5.79,,,18.54,,-33.37,,,Sync Pending,Awaiting Sync,Varies by Plan,
153674,MahindraManulife Banking & Financial Services Fund,Mahindra Manulife Mutual Fund,Equity Schemes - Sectoral Fund,Sectoral,11.0495,07-Sep-2026,14.21,,,16.53,,-29.75,,,Sync Pending,Awaiting Sync,Varies by Plan,
118589,Nippon India Banking & Financial Services Fund,Nippon India Mutual Fund,Equity Schemes - Sectoral Fund,Sectoral,711.1803,07-Sep-2026,7.55,13.08,13.68,21.17,0.311,-38.11,,,Sync Pending,Factual Registry,Varies by Plan,8.77
118759,Nippon India Pharma Fund,Nippon India Mutual Fund,Equity Schemes - Sectoral Fund,Sectoral,643.5936,07-Sep-2026,11.67,19.02,13.55,15.38,0.814,-27.68,,,Sync Pending,Factual Registry,Varies by Plan,14.21
118763,Nippon India Power & Infra Fund,Nippon India Mutual Fund,Equity Schemes - Sectoral Fund,Sectoral,416.1852,07-Sep-2026,3.8,25.14,23.42,,,,0.97,7127.91,mfdata.in,Factual Registry,Factsheet Verified,17.08
152321,WhiteOak Capital Banking & Financial Services Fund,WhiteOak Capital Mutual Fund,Equity Schemes - Sectoral Fund,Sectoral,13.66,07-Sep-2026,8.65,,,16.25,,-29.25,,,Sync Pending,Awaiting Sync,Varies by Plan,
152915,WhiteOak Capital Digital Bharat Fund,WhiteOak Capital Mutual Fund,Equity Schemes - Sectoral Fund,Sectoral,10.627,07-Sep-2026,1.83,,,19.17,,-34.51,,,Sync Pending,Awaiting Sync,Varies by Plan,
152349,WhiteOak Capital Pharma and Healthcare Fund,WhiteOak Capital Mutual Fund,Equity Schemes - Sectoral Fund,Sectoral,17.675,07-Sep-2026,22.03,,,14.35,,-25.83,,,Sync Pending,Awaiting Sync,Varies by Plan,
125354,Axis Small Cap Fund,Axis Mutual Fund,Equity Schemes - Small Cap Fund,Small Cap,138.0,07-Sep-2026,-1.87,17.17,18.64,,,,0.56,26007.722,mfdata.in,Factual Registry,Factsheet Verified,12.46
146130,Canara Robeco Small Cap Fund,Canara Robeco Mutual Fund,Equity Schemes - Small Cap Fund,Small Cap,46.34,07-Sep-2026,-2.48,14.84,19.09,,,,0.56,12768.65,mfdata.in,Factual Registry,Factsheet Verified,11.66
154063,Groww Small Cap Fund,Groww Mutual Fund,Equity Schemes - Small Cap Fund,Small Cap,12.9526,07-Sep-2026,,,,,,,0.52,196.24993,mfdata.in,Awaiting Sync,Factsheet Verified,
153912,Helios Small Cap Fund,Helios Mutual Fund,Equity Schemes - Small Cap Fund,Small Cap,11.72,07-Sep-2026,,,,,,,0.7,722.7163,mfdata.in,Awaiting Sync,Factsheet Verified,
120591,ICICI Prudential Small Cap Fund,ICICI Prudential Mutual Fund,Equity Schemes - Small Cap Fund,Small Cap,103.83,07-Sep-2026,-1.46,14.68,17.52,,,,0.79,8354.826,mfdata.in,Factual Registry,Factsheet Verified,11.13
145137,Invesco India Small Cap Fund,Invesco Mutual Fund,Equity Schemes - Small Cap Fund,Small Cap,54.54,07-Sep-2026,1.8,23.4,21.48,,,,0.52,9716.398,mfdata.in,Factual Registry,Factsheet Verified,15.8
152614,JM Small Cap Fund,JM Financial Mutual Fund,Equity Schemes - Small Cap Fund,Small Cap,12.1371,07-Sep-2026,-6.51,,,,,,0.7,645.9812,mfdata.in,Awaiting Sync,Factsheet Verified,
150915,Mahindra Manulife Small Cap Fund,Mahindra Manulife Mutual Fund,Equity Schemes - Small Cap Fund,Small Cap,24.224,07-Sep-2026,1.02,23.22,,,,,0.53,4075.538,mfdata.in,Factual Registry,Factsheet Verified,9.29
153196,Mirae Asset Small Cap Fund,Mirae Asset Mutual Fund,Equity Schemes - Small Cap Fund,Small Cap,13.104,07-Sep-2026,4.25,,,,,,0.3,3322.6041,mfdata.in,Awaiting Sync,Factsheet Verified,
148618,UTI Small Cap Fund,UTI Mutual Fund,Equity Schemes - Small Cap Fund,Small Cap,30.3014,07-Sep-2026,-3.52,16.7,17.4,,,,0.64,4546.6345,mfdata.in,Factual Registry,Factsheet Verified,11.9
149318,360 ONE QUANT FUND,360 ONE Mutual Fund,Equity Schemes - Thematic Fund,Thematic,20.0306,07-Sep-2026,-0.15,23.19,,,,,0.61,924.7231,mfdata.in,Factual Registry,Factsheet Verified,9.28
151368,Axis Business Cycles Fund,Axis Mutual Fund,Equity Schemes - Thematic Fund,Thematic,18.2,07-Sep-2026,-0.51,16.3,,,,,0.97,2145.1082,mfdata.in,Factual Registry,Factsheet Verified,6.52
152805,Axis Consumption Fund,Axis Mutual Fund,Equity Schemes - Thematic Fund,Thematic,9.39,07-Sep-2026,-5.61,,,13.9,,-25.02,,,Sync Pending,Awaiting Sync,Varies by Plan,
152202,Axis India Manufacturing Fund,Axis Mutual Fund,Equity Schemes - Thematic Fund,Thematic,16.89,07-Sep-2026,6.25,,,,,,0.47,5175.6085,mfdata.in,Awaiting Sync,Factsheet Verified,
148634,Axis Innovation Fund,Axis Mutual Fund,Equity Schemes - Thematic Fund,Thematic,23.37,04-Sep-2026,4.09,16.96,12.93,,,,1.26,1120.9174,mfdata.in,Factual Registry,Factsheet Verified,10.66
153083,Axis Momentum Fund,Axis Mutual Fund,Equity Schemes - Thematic Fund,Thematic,9.19,07-Sep-2026,-1.77,,,,,,0.84,1070.8965,mfdata.in,Awaiting Sync,Factsheet Verified,
148993,Axis Quant Fund,Axis Mutual Fund,Equity Schemes - Thematic Fund,Thematic,17.14,07-Sep-2026,-1.78,13.02,,,,,0.8,882.4392,mfdata.in,Factual Registry,Factsheet Verified,5.21
153624,Axis Services Opportunities Fund,Axis Mutual Fund,Equity Schemes - Thematic Fund,Thematic,9.99,07-Sep-2026,0.1,,,13.99,,-25.18,,,Sync Pending,Awaiting Sync,Varies by Plan,
152878,Bandhan Business Cycle Fund,Bandhan Mutual Fund,Equity Schemes - Thematic Fund,Thematic,10.094,07-Sep-2026,-4.37,,,,,,0.7,1292.2726,mfdata.in,Awaiting Sync,Factsheet Verified,
152607,BANDHAN INNOVATION FUND,Bandhan Mutual Fund,Equity Schemes - Thematic Fund,Thematic,16.171,07-Sep-2026,5.82,,,,,,0.66,1994.2072,mfdata.in,Awaiting Sync,Factsheet Verified,
153722,Bandhan Multi-Factor Fund,Bandhan Mutual Fund,Equity Schemes - Thematic Fund,Thematic,9.752,07-Sep-2026,0.49,,,12.95,,-23.31,,,Sync Pending,Awaiting Sync,Varies by Plan,
154490,Baroda BNP Paribas Services Fund,Baroda BNP Paribas Mutual Fund,Equity Schemes - Thematic Fund,Thematic,9.9225,07-Sep-2026,,,,,,,,,Sync Pending,Awaiting Sync,Varies by Plan,
118273,Canara Robeco Consumption Fund,Canara Robeco Mutual Fund,Equity Schemes - Thematic Fund,Thematic,124.2,07-Sep-2026,-2.89,11.46,11.62,16.15,0.307,-29.07,,,Sync Pending,Factual Registry,Varies by Plan,7.99
118267,Canara Robeco Infrastructure Fund,Canara Robeco Mutual Fund,Equity Schemes - Thematic Fund,Thematic,190.77,07-Sep-2026,6.38,20.28,19.68,17.46,0.789,-31.43,,,Sync Pending,Factual Registry,Varies by Plan,16.21
152450,Canara Robeco Manufacturing Fund,Canara Robeco Mutual Fund,Equity Schemes - Thematic Fund,Thematic,14.65,07-Sep-2026,5.06,,,,,,0.89,1580.8046,mfdata.in,Awaiting Sync,Factsheet Verified,
153121,DSP Business Cycle Fund,DSP Mutual Fund,Equity Schemes - Thematic Fund,Thematic,10.499,07-Sep-2026,2.68,,,,,,0.73,1155.1478,mfdata.in,Awaiting Sync,Factsheet Verified,
119247,DSP India T.I.G.E.R. Fund,DSP Mutual Fund,Equity Schemes - Thematic Fund,Thematic,398.671,07-Sep-2026,17.76,20.36,22.01,18.3,0.757,-32.94,,,Sync Pending,Factual Registry,Varies by Plan,16.7
119028,DSP Natural Resources And New Energy Fund,DSP Mutual Fund,Equity Schemes - Thematic Fund,Thematic,122.925,04-Sep-2026,23.83,25.08,22.33,,,,0.81,1989.6433,mfdata.in,Factual Registry,Factsheet Verified,16.73
147306,DSP Quant Fund,DSP Mutual Fund,Equity Schemes - Thematic Fund,Thematic,22.203,07-Sep-2026,-1.09,10.57,8.34,,,,0.55,837.8576,mfdata.in,Factual Registry,Factsheet Verified,6.73
151750,HDFC Defence Fund,HDFC Mutual Fund,Equity Schemes - Thematic Fund,Thematic,31.839,07-Sep-2026,17.21,,,,,,0.83,8096.657,mfdata.in,Awaiting Sync,Factsheet Verified,
152059,HDFC Technology Fund,HDFC Mutual Fund,Equity Schemes - Thematic Fund,Thematic,12.088,07-Sep-2026,-9.38,,,17.57,,-31.63,,,Sync Pending,Awaiting Sync,Varies by Plan,
151142,HSBC Business Cycles Fund,HSBC Mutual Fund,Equity Schemes - Thematic Fund,Thematic,49.388,07-Sep-2026,-4.84,17.67,15.89,,,,0.94,1101.4904,mfdata.in,Factual Registry,Factsheet Verified,11.84
152032,HSBC Consumption Fund,HSBC Mutual Fund,Equity Schemes - Thematic Fund,Thematic,16.0692,07-Sep-2026,3.68,17.02,,14.91,0.706,-26.84,,,Sync Pending,Factual Registry,Varies by Plan,8.85
153266,HSBC Financial Services fund,HSBC Mutual Fund,Equity Schemes - Thematic Fund,Thematic,12.9311,07-Sep-2026,15.72,,,16.91,,-30.44,,,Sync Pending,Awaiting Sync,Varies by Plan,
152829,HSBC India Export Opportunities Fund,HSBC Mutual Fund,Equity Schemes - Thematic Fund,Thematic,12.1059,07-Sep-2026,0.94,,,,,,1.03,1262.6455,mfdata.in,Awaiting Sync,Factsheet Verified,
153291,Invesco India Business Cycle Fund,Invesco Mutual Fund,Equity Schemes - Thematic Fund,Thematic,14.73,07-Sep-2026,8.56,,,,,,0.66,946.9785,mfdata.in,Awaiting Sync,Factsheet Verified,
153900,Invesco India Consumption Fund,Invesco Mutual Fund,Equity Schemes - Thematic Fund,Thematic,11.07,07-Sep-2026,,,,,,,0.73,,Sync Pending,Awaiting Sync,Factsheet Verified,
148751,Invesco India ESG Integration Strategy Fund,Invesco Mutual Fund,Equity Schemes - Thematic Fund,Thematic,18.73,07-Sep-2026,0.7,10.06,8.18,13.89,0.256,-25.0,,,Sync Pending,Factual Registry,Varies by Plan,6.37
120405,Invesco India Infrastructure Fund,Invesco Mutual Fund,Equity Schemes - Thematic Fund,Thematic,82.56,07-Sep-2026,8.91,20.14,19.8,17.19,0.793,-30.94,,,Sync Pending,Factual Registry,Varies by Plan,16.24
152756,Invesco India Manufacturing Fund,Invesco Mutual Fund,Equity Schemes - Thematic Fund,Thematic,12.16,07-Sep-2026,1.06,,,,,,0.79,689.7258,mfdata.in,Awaiting Sync,Factsheet Verified,
120395,Invesco India PSU Equity Fund,Invesco Mutual Fund,Equity Schemes - Thematic Fund,Thematic,77.55,07-Sep-2026,8.16,30.15,25.56,,,,0.91,1510.7606,mfdata.in,Factual Registry,Factsheet Verified,19.73
154082,JioBlackRock Sector Rotation Fund,Jio BlackRock Mutual Fund,Equity Schemes - Thematic Fund,Thematic,9.9343,07-Sep-2026,,,,,,,0.5,,Sync Pending,Awaiting Sync,Factsheet Verified,
152045,Mahindra Manulife Business Cycle Fund,Mahindra Manulife Mutual Fund,Equity Schemes - Thematic Fund,Thematic,16.5576,07-Sep-2026,5.92,,,,,,0.55,1302.5063,mfdata.in,Awaiting Sync,Factsheet Verified,
145356,Mahindra Manulife Consumption Fund,Mahindra Manulife Mutual Fund,Equity Schemes - Thematic Fund,Thematic,24.9159,07-Sep-2026,-5.24,10.86,11.73,16.01,0.272,-28.82,,,Sync Pending,Factual Registry,Varies by Plan,7.62
154121,Mahindra Manulife Innovation Opportunities Fund,Mahindra Manulife Mutual Fund,Equity Schemes - Thematic Fund,Thematic,11.1648,07-Sep-2026,,,,,,,0.5,162.2767,mfdata.in,Awaiting Sync,Factsheet Verified,
152672,Mahindra Manulife Manufacturing Fund,Mahindra Manulife Mutual Fund,Equity Schemes - Thematic Fund,Thematic,11.2359,07-Sep-2026,4.77,,,,,,0.88,694.4424,mfdata.in,Awaiting Sync,Factsheet Verified,
148623,Mirae Asset Banking and Financial Services Fund,Mirae Asset Mutual Fund,Equity Schemes - Thematic Fund,Thematic,23.586,07-Sep-2026,10.08,13.93,13.22,16.94,0.439,-30.49,,,Sync Pending,Factual Registry,Varies by Plan,10.04
118837,Mirae Asset Great Consumer Fund,Mirae Asset Mutual Fund,Equity Schemes - Thematic Fund,Thematic,111.503,07-Sep-2026,-3.94,11.43,12.9,14.58,0.338,-26.24,,,Sync Pending,Factual Registry,Varies by Plan,8.67
143783,Mirae Asset Healthcare Fund,Mirae Asset Mutual Fund,Equity Schemes - Thematic Fund,Thematic,52.13,07-Sep-2026,20.32,22.93,15.4,15.73,1.045,-28.31,,,Sync Pending,Factual Registry,Varies by Plan,17.44
153983,Mirae Asset Infrastructure Fund,Mirae Asset Mutual Fund,Equity Schemes - Thematic Fund,Thematic,11.51,07-Sep-2026,,,,,,,0.75,,Sync Pending,Awaiting Sync,Factsheet Verified,
153274,Nippon India Active Momentum Fund,Nippon India Mutual Fund,Equity Schemes - Thematic Fund,Thematic,13.1496,07-Sep-2026,2.4,,,,,,0.69,362.2621,mfdata.in,Awaiting Sync,Factsheet Verified,
118724,Nippon India Consumption Fund,Nippon India Mutual Fund,Equity Schemes - Thematic Fund,Thematic,217.7592,07-Sep-2026,-6.41,10.01,12.73,15.8,0.222,-28.44,,,Sync Pending,Factual Registry,Varies by Plan,7.35
130860,Nippon India Japan Equity Fund,Nippon India Mutual Fund,Equity Schemes - Thematic Fund,Thematic,31.9601,07-Sep-2026,26.73,18.05,9.39,,,,1.21,311.2554,mfdata.in,Factual Registry,Factsheet Verified,10.04
153693,Nippon India MNC Fund,Nippon India Mutual Fund,Equity Schemes - Thematic Fund,Thematic,10.7927,07-Sep-2026,4.24,,,12.55,,-22.59,,,Sync Pending,Awaiting Sync,Varies by Plan,
149329,Nippon India Taiwan Equity Fund,Nippon India Mutual Fund,Equity Schemes - Thematic Fund,Thematic,38.1913,07-Sep-2026,76.69,41.94,,,,,0.97,519.50223,mfdata.in,Factual Registry,Factsheet Verified,16.78
134923,Nippon India US Equity Opportunities Fund,Nippon India Mutual Fund,Equity Schemes - Thematic Fund,Thematic,47.8529,04-Sep-2026,7.58,19.17,11.01,,,,1.27,703.22196,mfdata.in,Factual Registry,Factsheet Verified,10.97
154451,NJ Momentum Fund,NJ Mutual Fund,Equity Schemes - Thematic Fund,Thematic,10.15,07-Sep-2026,,,,,,,,,Sync Pending,Awaiting Sync,Varies by Plan,
153039,PGIM India Healthcare Fund,PGIM India Mutual Fund,Equity Schemes - Thematic Fund,Thematic,12.53,07-Sep-2026,24.7,,,13.16,,-23.69,,,Sync Pending,Awaiting Sync,Varies by Plan,
120780,UTI - India Consumer Fund,UTI Mutual Fund,Equity Schemes - Thematic Fund,Thematic,62.6573,07-Sep-2026,-2.65,11.25,9.36,14.73,0.322,-26.51,,,Sync Pending,Factual Registry,Varies by Plan,7.44
120731,UTI - Transportation and Logistics Fund,UTI Mutual Fund,Equity Schemes - Thematic Fund,Thematic,344.234,07-Sep-2026,9.84,23.72,18.68,,,,0.81,4046.797,mfdata.in,Factual Registry,Factsheet Verified,15.09
152087,UTI Innovation Fund,UTI Mutual Fund,Equity Schemes - Thematic Fund,Thematic,12.1984,07-Sep-2026,-12.25,,,,,,0.95,688.6877,mfdata.in,Awaiting Sync,Factsheet Verified,
153204,UTI Quant Fund,UTI Mutual Fund,Equity Schemes - Thematic Fund,Thematic,10.6154,07-Sep-2026,-1.8,,,,,,0.44,1683.1832,mfdata.in,Awaiting Sync,Factsheet Verified,
154161,WhiteOak Capital Consumption Opportunities Fund,WhiteOak Capital Mutual Fund,Equity Schemes - Thematic Fund,Thematic,10.409,07-Sep-2026,,,,,,,,,Sync Pending,Awaiting Sync,Varies by Plan,
152962,WhiteOak Capital ESG Best-In-Class Strategy Fund,WhiteOak Capital Mutual Fund,Equity Schemes - Thematic Fund,Thematic,10.435,07-Sep-2026,-1.08,,,13.29,,-23.92,,,Sync Pending,Awaiting Sync,Varies by Plan,
153189,WhiteOak Capital Quality Equity Fund,WhiteOak Capital Mutual Fund,Equity Schemes - Thematic Fund,Thematic,10.573,07-Sep-2026,-6.24,,,,,,0.78,615.2025,mfdata.in,Awaiting Sync,Factsheet Verified,
152644,WhiteOak Capital Special Opportunities Fund,WhiteOak Capital Mutual Fund,Equity Schemes - Thematic Fund,Thematic,15.315,07-Sep-2026,3.4,,,,,,0.82,1424.0445,mfdata.in,Awaiting Sync,Factsheet Verified,
149166,Axis Value Fund,Axis Mutual Fund,Equity Schemes - Value Fund,Value,21.69,07-Sep-2026,3.43,22.69,,,,,0.64,1445.4532,mfdata.in,Factual Registry,Factsheet Verified,9.08
149085,Canara Robeco Value Fund,Canara Robeco Mutual Fund,Equity Schemes - Value Fund,Value,19.36,07-Sep-2026,-2.21,16.05,,,,,0.73,1299.0772,mfdata.in,Factual Registry,Factsheet Verified,6.42
135341,Groww Value Fund,Groww Mutual Fund,Equity Schemes - Value Fund,Value,33.0008,07-Sep-2026,0.59,16.21,13.53,,,,1.05,66.14455,mfdata.in,Factual Registry,Factsheet Verified,10.54
120486,JM Value Fund,JM Financial Mutual Fund,Equity Schemes - Value Fund,Value,111.073,07-Sep-2026,-7.65,17.17,15.73,,,,1.18,857.8948,mfdata.in,Factual Registry,Factsheet Verified,11.59
153303,Mahindra Manulife Value Fund,Mahindra Manulife Mutual Fund,Equity Schemes - Value Fund,Value,13.0022,07-Sep-2026,6.18,,,,,,0.63,706.09603,mfdata.in,Awaiting Sync,Factsheet Verified,
154456,NJ Value Fund,NJ Mutual Fund,Equity Schemes - Value Fund,Value,9.66,07-Sep-2026,,,,,,,,,Sync Pending,Awaiting Sync,Varies by Plan,
120751,UTI Value Fund,UTI Mutual Fund,Equity Schemes - Value Fund,Value,181.4005,07-Sep-2026,-2.23,17.14,14.22,,,,1.22,9787.257,mfdata.in,Factual Registry,Factsheet Verified,11.12
152369,UTI Nifty 10 yr Benchmark G-Sec ETF,UTI Mutual Fund,Equity Schemes - Value Fund,Value,26.5187,07-Sep-2026,2.28,,,2.93,,-5.27,,,Sync Pending,Awaiting Sync,Varies by Plan,
154466,UTI Nifty 1D Rate Liquid ETF - Growth,UTI Mutual Fund,Equity Schemes - Value Fund,Value,1007.1545,07-Sep-2026,,,,,,,,,Sync Pending,Awaiting Sync,Varies by Plan,
152368,UTI Nifty 5 yr Benchmark G-Sec ETF,UTI Mutual Fund,Equity Schemes - Value Fund,Value,66.5119,07-Sep-2026,5.96,,,1.98,,-3.56,,,Sync Pending,Awaiting Sync,Varies by Plan,
146388,UTI - BSE Sensex Next 50 Exchange Traded Fund,UTI Mutual Fund,Equity Schemes - Value Fund,Value,94.1619,07-Sep-2026,6.59,16.5,14.57,87.76,0.114,-157.97,,,Sync Pending,Factual Registry,Varies by Plan,2.76
141665,UTI - Nifty Next 50 Exchange Traded Fund.,UTI Mutual Fund,Equity Schemes - Value Fund,Value,78.4612,07-Sep-2026,9.47,18.09,12.24,79.32,0.146,-142.78,,,Sync Pending,Factual Registry,Varies by Plan,3.71
148173,UTI Nifty Bank ETF,UTI Mutual Fund,Equity Schemes - Value Fund,Value,59.1345,07-Sep-2026,6.54,9.49,10.04,97.42,0.031,-175.36,,,Sync Pending,Factual Registry,Varies by Plan,-2.78
152355,UTI Nifty IT ETF,UTI Mutual Fund,Equity Schemes - Value Fund,Value,315.7017,07-Sep-2026,-10.8,,,22.56,,-40.61,,,Sync Pending,Awaiting Sync,Varies by Plan,
152050,UTI Nifty Midcap 150 Exchange Traded Fund,UTI Mutual Fund,Equity Schemes - Value Fund,Value,233.2366,07-Sep-2026,9.97,15.79,,17.25,0.539,-31.05,,,Sync Pending,Factual Registry,Varies by Plan,7.29
153357,360 ONE Gold ETF,360 ONE Mutual Fund,Equity Schemes - Value Fund,Value,147.6959,07-Sep-2026,43.97,,,24.34,,-43.81,,,Sync Pending,Awaiting Sync,Varies by Plan,
105463,UTI - Gold Exchange Traded Fund,UTI Mutual Fund,Equity Schemes - Value Fund,Value,127.3391,07-Sep-2026,44.97,36.65,25.81,107.45,0.281,-193.41,,,Sync Pending,Factual Registry,Varies by Plan,13.06
154366,360 ONE MSCI India ETF,360 ONE Mutual Fund,Equity Schemes - Value Fund,Value,10.0108,07-Sep-2026,,,,,,,,,Sync Pending,Awaiting Sync,Varies by Plan,
153415,360 ONE Silver ETF,360 ONE Mutual Fund,Equity Schemes - Value Fund,Value,226.2745,07-Sep-2026,87.63,,,48.82,,-87.88,,,Sync Pending,Awaiting Sync,Varies by Plan,
151730,UTI Silver Exchange Traded Fund,UTI Mutual Fund,Equity Schemes - Value Fund,Value,222.0427,07-Sep-2026,87.23,45.59,,36.28,1.077,-65.3,,,Sync Pending,Factual Registry,Varies by Plan,19.99
149780,Aditya Birla Sun Life Silver ETF FOF,Aditya Birla Sun Life Mutual Fund,Equity Schemes - Value Fund,Value,35.7296,07-Sep-2026,85.33,45.52,,35.31,1.105,-63.56,,,Sync Pending,Factual Registry,Varies by Plan,20.2
154565,ALPHAGREP LIQUID OMNI FOF,AlphaGrep Mutual Fund,Equity Schemes - Value Fund,Value,1005.6141,07-Sep-2026,,,,,,,,,Sync Pending,Awaiting Sync,Varies by Plan,
154078,Axis Gold and Silver Passive FOF,Axis Mutual Fund,Equity Schemes - Value Fund,Value,10.984,07-Sep-2026,,,,,,,,,Sync Pending,Awaiting Sync,Varies by Plan,
120473,Axis Gold Fund,Axis Mutual Fund,Equity Schemes - Value Fund,Value,47.7522,07-Sep-2026,43.8,35.75,25.38,18.05,1.62,-32.49,,,Sync Pending,Factual Registry,Varies by Plan,28.21
147889,Axis Income Plus Arbitrage Omni FOF,Axis Mutual Fund,Equity Schemes - Value Fund,Value,15.7184,04-Sep-2026,6.07,7.84,6.65,2.24,0.598,-4.03,,,Sync Pending,Factual Registry,Varies by Plan,7.9
153924,Axis Income Plus Arbitrage Passive FOF,Axis Mutual Fund,Equity Schemes - Value Fund,Value,10.519,04-Sep-2026,,,,,,,,,Sync Pending,Awaiting Sync,Varies by Plan,
149847,Axis Multi Factor Passive FoF,Axis Mutual Fund,Equity Schemes - Value Fund,Value,15.5774,07-Sep-2026,3.45,9.38,,12.44,0.232,-22.39,,,Sync Pending,Factual Registry,Varies by Plan,3.67
153960,Axis Multi-Asset Omni FoF,Axis Mutual Fund,Equity Schemes - Value Fund,Value,10.9706,04-Sep-2026,,,,,,,,,Sync Pending,Awaiting Sync,Varies by Plan,
150615,Axis Silver Fund of Fund,Axis Mutual Fund,Equity Schemes - Value Fund,Value,39.4836,07-Sep-2026,86.1,45.93,,36.14,1.091,-65.05,,,Sync Pending,Factual Registry,Varies by Plan,20.21
154200,Groww BSE Hospitals ETF FOF,Groww Mutual Fund,Equity Schemes - Value Fund,Value,10.8582,07-Sep-2026,,,,,,,,,Sync Pending,Awaiting Sync,Varies by Plan,
153745,Groww BSE Power ETF FOF,Groww Mutual Fund,Equity Schemes - Value Fund,Value,11.383,07-Sep-2026,15.98,,,19.64,,-35.35,,,Sync Pending,Awaiting Sync,Varies by Plan,
152980,Groww Gold ETF FOF,Groww Mutual Fund,Equity Schemes - Value Fund,Value,18.5835,07-Sep-2026,42.58,,,25.79,,-46.42,,,Sync Pending,Awaiting Sync,Varies by Plan,
154028,Groww Multi Asset Omni FOF,Groww Mutual Fund,Equity Schemes - Value Fund,Value,10.5256,04-Sep-2026,,,,,,,,,Sync Pending,Awaiting Sync,Varies by Plan,
153328,Groww Nifty 200 ETF FOF,Groww Mutual Fund,Equity Schemes - Value Fund,Value,11.5623,07-Sep-2026,0.88,,,17.8,,-32.04,,,Sync Pending,Awaiting Sync,Varies by Plan,
153453,Groww Nifty 500 Momentum 50 ETF FOF,Groww Mutual Fund,Equity Schemes - Value Fund,Value,10.8851,07-Sep-2026,7.23,,,17.45,,-31.41,,,Sync Pending,Awaiting Sync,Varies by Plan,
153908,Groww Nifty Capital Markets ETF FOF,Groww Mutual Fund,Equity Schemes - Value Fund,Value,11.7023,07-Sep-2026,,,,,,,,,Sync Pending,Awaiting Sync,Varies by Plan,
152770,Groww Nifty EV & New Age Automotive ETF FOF,Groww Mutual Fund,Equity Schemes - Value Fund,Value,9.9058,07-Sep-2026,5.09,,,18.37,,-33.07,,,Sync Pending,Awaiting Sync,Varies by Plan,
152925,Groww Nifty India Defence ETF FOF,Groww Mutual Fund,Equity Schemes - Value Fund,Value,14.3995,07-Sep-2026,28.64,,,27.82,,-50.08,,,Sync Pending,Awaiting Sync,Varies by Plan,
153626,Groww Nifty India Internet ETF FOF,Groww Mutual Fund,Equity Schemes - Value Fund,Value,10.7388,07-Sep-2026,0.62,,,21.18,,-38.12,,,Sync Pending,Awaiting Sync,Varies by Plan,
154164,Groww Nifty PSE ETF FOF,Groww Mutual Fund,Equity Schemes - Value Fund,Value,9.4286,07-Sep-2026,,,,,,,,,Sync Pending,Awaiting Sync,Varies by Plan,
153525,Groww Silver ETF FOF,Groww Mutual Fund,Equity Schemes - Value Fund,Value,22.3397,07-Sep-2026,82.66,,,58.21,,-104.78,,,Sync Pending,Awaiting Sync,Varies by Plan,
154355,HDFC GOLD SILVER PASSIVE FOF,HDFC Mutual Fund,Equity Schemes - Value Fund,Value,10.043,07-Sep-2026,,,,,,,,,Sync Pending,Awaiting Sync,Varies by Plan,
154505,HDFC Nifty Metal ETF FOF,HDFC Mutual Fund,Equity Schemes - Value Fund,Value,10.0085,07-Sep-2026,,,,,,,,,Sync Pending,Awaiting Sync,Varies by Plan,
129200,HSBC Aggressive Hybrid Active FOF (erstwhile HSBC Managed Solutions India - Growth fund),HSBC Mutual Fund,Equity Schemes - Value Fund,Value,46.1006,04-Sep-2026,9.61,12.98,11.16,13.24,0.489,-23.83,,,Sync Pending,Factual Registry,Varies by Plan,9.66
154295,HSBC Gold ETF Fund of Fund,HSBC Mutual Fund,Equity Schemes - Value Fund,Value,10.5618,04-Sep-2026,,,,,,,,,Sync Pending,Awaiting Sync,Varies by Plan,
129197,HSBC Income Plus Arbitrage Active FOF (erstwhile HSBC Managed Solution India - Conservative Plan),HSBC Mutual Fund,Equity Schemes - Value Fund,Value,24.1775,04-Sep-2026,5.54,7.43,6.19,3.27,0.284,-5.89,,,Sync Pending,Factual Registry,Varies by Plan,5.92
129193,HSBC Multi Asset Active FOF (erstwhile HSBC Managed Solutions India - Moderate Fund),HSBC Mutual Fund,Equity Schemes - Value Fund,Value,45.0727,04-Sep-2026,16.55,15.9,12.57,11.05,0.851,-19.89,,,Sync Pending,Factual Registry,Varies by Plan,13.28
120531,Invesco India Gold ETF Fund of Fund,Invesco Mutual Fund,Equity Schemes - Value Fund,Value,44.0145,07-Sep-2026,43.44,35.6,25.29,161.6,0.18,-290.88,,,Sync Pending,Factual Registry,Varies by Plan,6.57
153697,Invesco India Income Plus Arbitrage Active Fund of Fund,Invesco Mutual Fund,Equity Schemes - Value Fund,Value,1063.6963,07-Sep-2026,5.79,,,0.93,,-1.67,,,Sync Pending,Awaiting Sync,Varies by Plan,
154574,Kotak Diversified Equity All Cap Omni FOF,Kotak Mahindra Mutual Fund,Equity Schemes - Value Fund,Value,10.023,04-Sep-2026,,,,,,,,,Sync Pending,Awaiting Sync,Varies by Plan,
154316,Kotak Multi Asset Active FOF,Kotak Mahindra Mutual Fund,Equity Schemes - Value Fund,Value,10.318,04-Sep-2026,,,,,,,,,Sync Pending,Awaiting Sync,Varies by Plan,
154007,Mahindra Manulife Income Plus Arbitrage Active FOF,Mahindra Manulife Mutual Fund,Equity Schemes - Value Fund,Value,10.4735,07-Sep-2026,,,,,,,,,Sync Pending,Awaiting Sync,Varies by Plan,
153380,Mirae Asset BSE 200 Equal Weight ETF Fund of Fund,Mirae Asset Mutual Fund,Equity Schemes - Value Fund,Value,11.717,07-Sep-2026,6.88,,,17.33,,-31.19,,,Sync Pending,Awaiting Sync,Varies by Plan,
154187,Mirae Asset BSE India Defence ETF FOF,Mirae Asset Mutual Fund,Equity Schemes - Value Fund,Value,12.137,07-Sep-2026,,,,,,,,,Sync Pending,Awaiting Sync,Varies by Plan,
154474,Mirae Asset BSE Midcap 150 Momentum 30 ETF FOF,Mirae Asset Mutual Fund,Equity Schemes - Value Fund,Value,10.465,07-Sep-2026,,,,,,,,,Sync Pending,Awaiting Sync,Varies by Plan,
153385,Mirae Asset BSE Select IPO ETF Fund of Fund,Mirae Asset Mutual Fund,Equity Schemes - Value Fund,Value,11.899,07-Sep-2026,-1.09,,,18.38,,-33.08,,,Sync Pending,Awaiting Sync,Varies by Plan,
148500,Mirae Asset Diversified Equity Allocator Passive FOF,Mirae Asset Mutual Fund,Equity Schemes - Value Fund,Value,25.026,07-Sep-2026,2.11,10.82,9.91,14.26,0.303,-25.67,,,Sync Pending,Factual Registry,Varies by Plan,7.39
153007,Mirae Asset Gold ETF Fund of Fund,Mirae Asset Mutual Fund,Equity Schemes - Value Fund,Value,19.172,07-Sep-2026,44.05,,,24.75,,-44.55,,,Sync Pending,Awaiting Sync,Varies by Plan,
153812,Mirae Asset Gold Silver Passive FoF,Mirae Asset Mutual Fund,Equity Schemes - Value Fund,Value,16.93,07-Sep-2026,64.7,,,,,,,,Sync Pending,Awaiting Sync,Varies by Plan,
149381,Mirae Asset Hang Seng TECH ETF Fund of Fund,Mirae Asset Mutual Fund,Equity Schemes - Value Fund,Value,11.944,07-Sep-2026,-15.07,13.72,,36.75,0.196,-66.15,,,Sync Pending,Factual Registry,Varies by Plan,2.79
153638,Mirae Asset Income plus Arbitrage Active FOF,Mirae Asset Mutual Fund,Equity Schemes - Value Fund,Value,10.662,07-Sep-2026,5.48,,,0.82,,-1.48,,,Sync Pending,Awaiting Sync,Varies by Plan,
153816,Mirae Asset Multi Factor Passive FOF,Mirae Asset Mutual Fund,Equity Schemes - Value Fund,Value,10.861,04-Sep-2026,6.72,,,,,,,,Sync Pending,Awaiting Sync,Varies by Plan,
148574,Mirae Asset Nifty 100 ESG Sector Leaders Fund of Fund,Mirae Asset Mutual Fund,Equity Schemes - Value Fund,Value,18.067,07-Sep-2026,-3.33,8.58,6.61,13.99,0.149,-25.18,,,Sync Pending,Factual Registry,Varies by Plan,4.76
149790,Mirae Asset Nifty India Manufacturing ETF Fund of Fund,Mirae Asset Mutual Fund,Equity Schemes - Value Fund,Value,20.673,07-Sep-2026,11.3,17.94,,15.52,0.737,-27.94,,,Sync Pending,Factual Registry,Varies by Plan,9.31
153192,Mirae Asset Nifty India New Age Consumption ETF Fund of Fund,Mirae Asset Mutual Fund,Equity Schemes - Value Fund,Value,9.828,07-Sep-2026,-1.53,,,18.52,,-33.34,,,Sync Pending,Awaiting Sync,Varies by Plan,
154216,Mirae Asset Nifty Metal ETF FOF,Mirae Asset Mutual Fund,Equity Schemes - Value Fund,Value,10.607,07-Sep-2026,,,,,,,,,Sync Pending,Awaiting Sync,Varies by Plan,
152645,Mirae Asset Nifty MidSmallcap400 Momentum Quality 100 ETF Fund of Fund,Mirae Asset Mutual Fund,Equity Schemes - Value Fund,Value,10.439,07-Sep-2026,7.95,,,19.64,,-35.35,,,Sync Pending,Awaiting Sync,Varies by Plan,
152459,Mirae Asset Nifty Smallcap 250 Momentum Quality 100 ETF Fund of Fund,Mirae Asset Mutual Fund,Equity Schemes - Value Fund,Value,10.932,07-Sep-2026,8.38,,,20.16,,-36.29,,,Sync Pending,Awaiting Sync,Varies by Plan,
152718,Mirae Asset Nifty200 Alpha 30 ETF Fund of Fund,Mirae Asset Mutual Fund,Equity Schemes - Value Fund,Value,9.287,07-Sep-2026,6.38,,,19.59,,-35.26,,,Sync Pending,Awaiting Sync,Varies by Plan,
148928,Mirae Asset NYSE FANG + ETF Fund of Fund,Mirae Asset Mutual Fund,Equity Schemes - Value Fund,Value,44.067,04-Sep-2026,31.48,47.44,30.8,26.51,1.544,-47.72,,,Sync Pending,Factual Registry,Varies by Plan,33.28
149170,Mirae Asset S&P 500 Top 50 ETF Fund of Fund,Mirae Asset Mutual Fund,Equity Schemes - Value Fund,Value,28.464,04-Sep-2026,23.63,33.54,,22.71,1.191,-40.88,,,Sync Pending,Factual Registry,Varies by Plan,17.1
154279,Mirae Asset Silver ETF FOF,Mirae Asset Mutual Fund,Equity Schemes - Value Fund,Value,10.254,07-Sep-2026,,,,,,,,,Sync Pending,Awaiting Sync,Varies by Plan,
154646,Nippon India Income Plus Arbitrage Omni Fund of Fund,Nippon India Mutual Fund,Equity Schemes - Value Fund,Value,10.0194,07-Sep-2026,,,,,,,,,Sync Pending,Awaiting Sync,Varies by Plan,
154658,quant Income Plus Arbitrage Active FOF,quant Mutual Fund,Equity Schemes - Value Fund,Value,10.0083,07-Sep-2026,,,,,,,,,Sync Pending,Awaiting Sync,Varies by Plan,
154526,SBI Nifty Midcap 150 Momentum 50 ETF FOF,SBI Mutual Fund,Equity Schemes - Value Fund,Value,9.9449,07-Sep-2026,,,,,,,,,Sync Pending,Awaiting Sync,Varies by Plan,
154409,Tata Multi Sector Passive FOF,Tata Mutual Fund,Equity Schemes - Value Fund,Value,9.8945,07-Sep-2026,,,,,,,,,Sync Pending,Awaiting Sync,Varies by Plan,
150714,UTI Gold ETF Fund of Fund,UTI Mutual Fund,Equity Schemes - Value Fund,Value,29.2537,07-Sep-2026,44.59,36.45,,19.04,1.573,-34.27,,,Sync Pending,Factual Registry,Varies by Plan,20.54
153442,UTI Income Plus Arbitrage Active Fund of Fund,UTI Mutual Fund,Equity Schemes - Value Fund,Value,10.9016,07-Sep-2026,5.82,,,0.85,,-1.53,,,Sync Pending,Awaiting Sync,Varies by Plan,
151731,UTI Silver ETF Fund of Fund,UTI Mutual Fund,Equity Schemes - Value Fund,Value,29.4029,07-Sep-2026,85.76,45.82,,39.27,1.001,-70.69,,,Sync Pending,Factual Registry,Varies by Plan,19.41
140382,Bandhan Aggressive Hybrid Fund,Bandhan Mutual Fund,Hybrid Scheme - Aggressive Hybrid Fund,Aggressive Hybrid,32.146,07-Sep-2026,5.26,16.23,13.78,,,,0.58,1747.2145,mfdata.in,Factual Registry,Factsheet Verified,10.63
150260,BARODA BNP PARIBAS AGGRESSIVE HYBRID FUND,Baroda BNP Paribas Mutual Fund,Hybrid Scheme - Aggressive Hybrid Fund,Aggressive Hybrid,32.6654,07-Sep-2026,1.56,14.77,12.78,,,,0.52,1249.9032,mfdata.in,Factual Registry,Factsheet Verified,9.74
119019,DSP Aggressive Hybrid Fund,DSP Mutual Fund,Hybrid Scheme - Aggressive Hybrid Fund,Aggressive Hybrid,393.194,07-Sep-2026,-2.55,15.02,11.67,,,,0.66,11928.1164,mfdata.in,Factual Registry,Factsheet Verified,9.51
118624,Edelweiss Aggressive Hybrid Fund,Edelweiss Mutual Fund,Hybrid Scheme - Aggressive Hybrid Fund,Aggressive Hybrid,76.46,07-Sep-2026,1.34,16.62,15.53,,,,0.36,3545.9252,mfdata.in,Factual Registry,Factsheet Verified,11.31
118546,Franklin India Aggressive Hybrid Fund,Franklin Templeton Mutual Fund,Hybrid Scheme - Aggressive Hybrid Fund,Aggressive Hybrid,308.5819,07-Sep-2026,-1.09,13.7,11.87,,,,0.92,2349.8713,mfdata.in,Factual Registry,Factsheet Verified,9.04
119767,Kotak Aggressive Hybrid Fund,Kotak Mahindra Mutual Fund,Hybrid Scheme - Aggressive Hybrid Fund,Aggressive Hybrid,47.649,07-Sep-2026,6.52,13.28,12.63,16.41,0.413,-29.54,,,Sync Pending,Factual Registry,Varies by Plan,9.53
133035,Kotak Aggressive Hybrid Fund,Kotak Mahindra Mutual Fund,Hybrid Scheme - Aggressive Hybrid Fund,Aggressive Hybrid,77.73,07-Sep-2026,3.47,14.84,13.48,,,,0.47,8653.478,mfdata.in,Factual Registry,Factsheet Verified,9.98
120261,LIC MF Aggressive Hybrid Fund,LIC Mutual Fund,Hybrid Scheme - Aggressive Hybrid Fund,Aggressive Hybrid,233.4744,07-Sep-2026,-0.31,12.45,9.58,,,,1.41,518.2216,mfdata.in,Factual Registry,Factsheet Verified,7.85
143163,Navi Aggressive Hybrid Fund,Navi Mutual Fund,Hybrid Scheme - Aggressive Hybrid Fund,Aggressive Hybrid,26.0568,07-Sep-2026,1.1,13.03,11.9,,,,0.54,112.09829,mfdata.in,Factual Registry,Factsheet Verified,8.78
138386,PGIM India Aggressive Hybrid Equity Fund,PGIM India Mutual Fund,Hybrid Scheme - Aggressive Hybrid Fund,Aggressive Hybrid,156.84,04-Sep-2026,0.03,11.13,10.07,,,,0.78,206.9069,mfdata.in,Factual Registry,Factsheet Verified,7.47
120819,Quant Aggressive Hybrid Fund,quant Mutual Fund,Hybrid Scheme - Aggressive Hybrid Fund,Aggressive Hybrid,509.4098,07-Sep-2026,3.74,13.48,15.27,,,,0.81,1990.3908,mfdata.in,Factual Registry,Factsheet Verified,9.97
149601,Sundaram Aggressive Hybrid Fund (Formerly Known as Principal Hybrid Equity Fund),Sundaram Mutual Fund,Hybrid Scheme - Aggressive Hybrid Fund,Aggressive Hybrid,187.3358,07-Sep-2026,-0.93,12.53,11.32,,,,0.74,8141.7945,mfdata.in,Factual Registry,Factsheet Verified,8.41
119053,Tata Aggressive Hybrid Fund,Tata Mutual Fund,Hybrid Scheme - Aggressive Hybrid Fund,Aggressive Hybrid,495.6851,07-Sep-2026,-1.46,10.51,10.61,,,,0.98,4024.315,mfdata.in,Factual Registry,Factsheet Verified,7.39
148592,Union Aggressive Hybrid Fund,Union Mutual Fund,Hybrid Scheme - Aggressive Hybrid Fund,Aggressive Hybrid,19.95,07-Sep-2026,2.38,13.42,11.3,,,,1.34,704.5525,mfdata.in,Factual Registry,Factsheet Verified,8.76
120674,UTI Aggressive Hybrid Fund,UTI Mutual Fund,Hybrid Scheme - Aggressive Hybrid Fund,Aggressive Hybrid,439.0423,07-Sep-2026,0.73,15.49,14.2,,,,1.21,6663.3544,mfdata.in,Factual Registry,Factsheet Verified,10.46
131670,Aditya Birla Sun Life Balanced Advantage Fund,Aditya Birla Sun Life Mutual Fund,Hybrid Scheme - Dynamic Asset Allocation or Balanced Advantage,Balanced Advantage,130.72,07-Sep-2026,8.71,12.37,10.69,9.85,0.596,-17.73,,,Sync Pending,Factual Registry,Varies by Plan,10.15
152194,Bajaj Finserv Balanced Advantage Fund,Bajaj Finserv Mutual Fund,Hybrid Scheme - Dynamic Asset Allocation or Balanced Advantage,Balanced Advantage,12.233,07-Sep-2026,6.66,,,9.92,,-17.86,,,Sync Pending,Awaiting Sync,Varies by Plan,
131355,BANDHAN Balanced Advantage Fund,Bandhan Mutual Fund,Hybrid Scheme - Dynamic Asset Allocation or Balanced Advantage,Balanced Advantage,29.758,07-Sep-2026,6.63,10.46,8.42,8.65,0.458,-15.57,,,Sync Pending,Factual Registry,Varies by Plan,8.13
127850,BANK OF INDIA BALANCED ADVANTAGE FUND,Bank of India Mutual Fund,Hybrid Scheme - Dynamic Asset Allocation or Balanced Advantage,Balanced Advantage,28.4144,07-Sep-2026,7.01,9.76,10.75,8.44,0.386,-15.19,,,Sync Pending,Factual Registry,Varies by Plan,8.21
126393,DSP Dynamic Asset Allocation Fund,DSP Mutual Fund,Hybrid Scheme - Dynamic Asset Allocation or Balanced Advantage,Balanced Advantage,33.387,07-Sep-2026,5.87,10.97,8.99,6.97,0.641,-12.55,,,Sync Pending,Factual Registry,Varies by Plan,9.59
118615,Edelweiss Balanced Advantage Fund,Edelweiss Mutual Fund,Hybrid Scheme - Dynamic Asset Allocation or Balanced Advantage,Balanced Advantage,61.46,07-Sep-2026,7.19,11.14,9.75,8.97,0.517,-16.15,,,Sync Pending,Factual Registry,Varies by Plan,9.07
150481,Franklin India Balanced Advantage Fund,Franklin Templeton Mutual Fund,Hybrid Scheme - Dynamic Asset Allocation or Balanced Advantage,Balanced Advantage,15.4325,07-Sep-2026,2.95,10.4,,6.81,0.573,-12.26,,,Sync Pending,Factual Registry,Varies by Plan,6.34
118968,HDFC Balanced Advantage Fund,HDFC Mutual Fund,Hybrid Scheme - Dynamic Asset Allocation or Balanced Advantage,Balanced Advantage,567.478,07-Sep-2026,2.63,12.21,15.06,14.5,0.394,-26.1,,,Sync Pending,Factual Registry,Varies by Plan,9.92
120377,ICICI Prudential Balanced Advantage Fund,ICICI Prudential Mutual Fund,Hybrid Scheme - Dynamic Asset Allocation or Balanced Advantage,Balanced Advantage,88.34,07-Sep-2026,6.37,11.84,11.16,9.01,0.593,-16.22,,,Sync Pending,Factual Registry,Varies by Plan,10.15
147789,ITI Balanced Advantage Fund,ITI Mutual Fund,Hybrid Scheme - Dynamic Asset Allocation or Balanced Advantage,Balanced Advantage,16.4956,07-Sep-2026,2.31,10.02,8.7,12.97,0.271,-23.35,,,Sync Pending,Factual Registry,Varies by Plan,6.68
144335,Kotak Balanced Advantage Fund,Kotak Mahindra Mutual Fund,Hybrid Scheme - Dynamic Asset Allocation or Balanced Advantage,Balanced Advantage,23.201,07-Sep-2026,4.92,10.17,9.39,9.72,0.378,-17.5,,,Sync Pending,Factual Registry,Varies by Plan,7.8
149261,LIC MF Balanced Advantage Fund,LIC Mutual Fund,Hybrid Scheme - Dynamic Asset Allocation or Balanced Advantage,Balanced Advantage,15.0604,07-Sep-2026,4.79,9.16,,8.12,0.328,-14.62,,,Sync Pending,Factual Registry,Varies by Plan,4.49
139872,Motilal Oswal Balanced Advantage Fund,Motilal Oswal Mutual Fund,Hybrid Scheme - Dynamic Asset Allocation or Balanced Advantage,Balanced Advantage,21.9504,07-Sep-2026,-2.22,2.85,5.85,11.37,-0.321,-20.47,,,Sync Pending,Factual Registry,Varies by Plan,0.15
148658,PGIM India Balanced Advantage Fund,PGIM India Mutual Fund,Hybrid Scheme - Dynamic Asset Allocation or Balanced Advantage,Balanced Advantage,16.54,07-Sep-2026,-0.06,7.62,7.82,8.6,0.13,-15.48,,,Sync Pending,Factual Registry,Varies by Plan,5.18
152468,Parag Parikh Dynamic Asset Allocation Fund,PPFAS Mutual Fund,Hybrid Scheme - Dynamic Asset Allocation or Balanced Advantage,Balanced Advantage,11.8658,07-Sep-2026,4.17,,,2.8,,-5.04,,,Sync Pending,Awaiting Sync,Varies by Plan,
151713,quant Dynamic Asset Allocation Fund,quant Mutual Fund,Hybrid Scheme - Dynamic Asset Allocation or Balanced Advantage,Balanced Advantage,17.0909,07-Sep-2026,1.96,13.9,,13.84,0.535,-24.91,,,Sync Pending,Factual Registry,Varies by Plan,6.85
152188,Samco Dynamic Asset Allocation Fund,Samco Mutual Fund,Hybrid Scheme - Dynamic Asset Allocation or Balanced Advantage,Balanced Advantage,10.68,07-Sep-2026,,,,11.34,,-20.41,,,Sync Pending,Awaiting Sync,Varies by Plan,
149134,SBI Balanced Advantage Fund,SBI Mutual Fund,Hybrid Scheme - Dynamic Asset Allocation or Balanced Advantage,Balanced Advantage,16.5499,07-Sep-2026,4.8,10.32,,6.33,0.603,-11.39,,,Sync Pending,Factual Registry,Varies by Plan,6.51
147406,Shriram Balanced Advantage Fund,Shriram Mutual Fund,Hybrid Scheme - Dynamic Asset Allocation or Balanced Advantage,Balanced Advantage,18.8574,07-Sep-2026,1.83,7.03,6.94,9.25,0.057,-16.65,,,Sync Pending,Factual Registry,Varies by Plan,4.25
146010,Tata Balanced Advantage Fund,Tata Mutual Fund,Hybrid Scheme - Dynamic Asset Allocation or Balanced Advantage,Balanced Advantage,23.4528,07-Sep-2026,4.3,9.17,9.35,8.88,0.301,-15.98,,,Sync Pending,Factual Registry,Varies by Plan,7.09
154185,The Wealth Company Balanced Advantage Fund,The Wealth Company Mutual Fund,Hybrid Scheme - Dynamic Asset Allocation or Balanced Advantage,Balanced Advantage,10.1187,07-Sep-2026,,,,,,,,,Sync Pending,Awaiting Sync,Varies by Plan,
153376,UNIFI DYNAMIC ASSET ALLOCATION FUND,Unifi Mutual Fund,Hybrid Scheme - Dynamic Asset Allocation or Balanced Advantage,Balanced Advantage,11.2972,07-Sep-2026,8.56,,,0.8,,-1.44,,,Sync Pending,Awaiting Sync,Varies by Plan,
142038,Union Balanced Advantage Fund,Union Mutual Fund,Hybrid Scheme - Dynamic Asset Allocation or Balanced Advantage,Balanced Advantage,22.55,07-Sep-2026,3.67,9.1,8.08,9.67,0.269,-17.41,,,Sync Pending,Factual Registry,Varies by Plan,6.44
120784,UTI - Unit Linked Insurance Plan,UTI Mutual Fund,Hybrid Scheme - Dynamic Asset Allocation or Balanced Advantage,Balanced Advantage,46.9271,07-Sep-2026,3.08,8.17,6.68,7.37,0.227,-13.27,,,Sync Pending,Factual Registry,Varies by Plan,5.67
151307,Aditya Birla Sun Life Multi Asset Allocation Fund,Aditya Birla Sun Life Mutual Fund,Hybrid Scheme - Multi Asset Allocation,Multi Asset,17.8392,07-Sep-2026,15.23,16.39,,9.76,1.013,-17.57,,,Sync Pending,Factual Registry,Varies by Plan,10.64
152639,Bajaj Finserv Multi Asset Allocation Fund,Bajaj Finserv Mutual Fund,Hybrid Scheme - Multi Asset Allocation,Multi Asset,12.6801,07-Sep-2026,13.34,,,10.36,,-18.65,,,Sync Pending,Awaiting Sync,Varies by Plan,
152324,BANDHAN MULTI ASSET ALLOCATION FUND,Bandhan Mutual Fund,Hybrid Scheme - Multi Asset Allocation,Multi Asset,14.9023,04-Sep-2026,16.32,,,9.22,,-16.6,,,Sync Pending,Awaiting Sync,Varies by Plan,
152396,Bank of India Multi Asset Allocation Fund,Bank of India Mutual Fund,Hybrid Scheme - Multi Asset Allocation,Multi Asset,13.2618,07-Sep-2026,14.51,,,9.01,,-16.22,,,Sync Pending,Awaiting Sync,Varies by Plan,
150865,Baroda BNP Paribas Multi Asset Fund,Baroda BNP Paribas Mutual Fund,Hybrid Scheme - Multi Asset Allocation,Multi Asset,17.0938,07-Sep-2026,10.69,15.31,,10.05,0.877,-18.09,,,Sync Pending,Factual Registry,Varies by Plan,9.5
154232,Capitalmind Multi Asset Allocation Fund,Capitalmind Mutual Fund,Hybrid Scheme - Multi Asset Allocation,Multi Asset,10.0721,04-Sep-2026,,,,,,,,,Sync Pending,Awaiting Sync,Varies by Plan,
152056,DSP Multi Asset Allocation Fund,DSP Mutual Fund,Hybrid Scheme - Multi Asset Allocation,Multi Asset,16.8596,04-Sep-2026,18.02,,,8.84,,-15.91,,,Sync Pending,Awaiting Sync,Varies by Plan,
151792,Edelweiss Multi Asset Allocation Fund,Edelweiss Mutual Fund,Hybrid Scheme - Multi Asset Allocation,Multi Asset,12.6671,07-Sep-2026,6.7,7.59,,1.94,0.562,-3.49,,,Sync Pending,Factual Registry,Varies by Plan,5.65
153731,Franklin India Multi Asset Allocation Fund,Franklin Templeton Mutual Fund,Hybrid Scheme - Multi Asset Allocation,Multi Asset,11.2026,07-Sep-2026,11.62,,,12.0,,-21.6,,,Sync Pending,Awaiting Sync,Varies by Plan,
152064,Kotak Multi Asset Allocation Fund,Kotak Mahindra Mutual Fund,Hybrid Scheme - Multi Asset Allocation,Multi Asset,16.617,04-Sep-2026,19.17,,,12.24,,-22.03,,,Sync Pending,Awaiting Sync,Varies by Plan,
153246,LIC MF Multi Asset Allocation Fund,LIC Mutual Fund,Hybrid Scheme - Multi Asset Allocation,Multi Asset,12.6148,07-Sep-2026,11.52,,,12.82,,-23.08,,,Sync Pending,Awaiting Sync,Varies by Plan,
148457,Nippon India Multi Asset Allocation Fund,Nippon India Mutual Fund,Hybrid Scheme - Multi Asset Allocation,Multi Asset,27.3104,04-Sep-2026,15.65,19.56,15.83,9.49,1.376,-17.08,,,Sync Pending,Factual Registry,Varies by Plan,18.5
153987,PGIM India Multi Asset Allocation Fund,PGIM India Mutual Fund,Hybrid Scheme - Multi Asset Allocation,Multi Asset,10.69,07-Sep-2026,,,,,,,,,Sync Pending,Awaiting Sync,Varies by Plan,
120821,Quant Multi Asset Allocation Fund,quant Mutual Fund,Hybrid Scheme - Multi Asset Allocation,Multi Asset,181.7019,07-Sep-2026,18.7,21.88,20.13,25.36,0.606,-45.65,,,Sync Pending,Factual Registry,Varies by Plan,15.29
152474,Quantum Multi Asset Allocation Fund,Quantum Mutual Fund,Hybrid Scheme - Multi Asset Allocation,Multi Asset,12.31,07-Sep-2026,4.73,,,7.66,,-13.79,,,Sync Pending,Awaiting Sync,Varies by Plan,
153092,Samco Multi Asset Allocation Fund,Samco Mutual Fund,Hybrid Scheme - Multi Asset Allocation,Multi Asset,12.58,04-Sep-2026,7.52,,,10.98,,-19.76,,,Sync Pending,Awaiting Sync,Varies by Plan,
119843,SBI MULTI ASSET ALLOCATION FUND,SBI Mutual Fund,Hybrid Scheme - Multi Asset Allocation,Multi Asset,74.8941,07-Sep-2026,13.22,15.36,13.8,6.59,1.344,-11.86,,,Sync Pending,Factual Registry,Varies by Plan,16.34
152314,Sundaram Multi Asset Allocation Fund,Sundaram Mutual Fund,Hybrid Scheme - Multi Asset Allocation,Multi Asset,13.9293,07-Sep-2026,10.6,,,10.68,,-19.22,,,Sync Pending,Awaiting Sync,Varies by Plan,
148053,Tata Multi Asset Allocation Fund,Tata Mutual Fund,Hybrid Scheme - Multi Asset Allocation,Multi Asset,28.3713,04-Sep-2026,9.56,13.97,12.81,10.59,0.705,-19.06,,,Sync Pending,Factual Registry,Varies by Plan,11.9
153999,The Wealth Company Multi Asset Allocation Fund,The Wealth Company Mutual Fund,Hybrid Scheme - Multi Asset Allocation,Multi Asset,11.0089,07-Sep-2026,,,,,,,,,Sync Pending,Awaiting Sync,Varies by Plan,
152787,Union Multi Asset Allocation Fund,Union Mutual Fund,Hybrid Scheme - Multi Asset Allocation,Multi Asset,12.53,07-Sep-2026,15.0,,,11.17,,-20.11,,,Sync Pending,Awaiting Sync,Varies by Plan,
120517,Aditya Birla Sun Life Aggressive Hybrid Fund,Aditya Birla Sun Life Mutual Fund,Hybrid Schemes - Aggressive Hybrid Fund,Aggressive Hybrid,1747.27,07-Sep-2026,0.61,13.13,10.35,,,,1.09,7287.14,mfdata.in,Factual Registry,Factsheet Verified,8.36
144394,Axis Aggressive Hybrid Fund,Axis Mutual Fund,Hybrid Schemes - Aggressive Hybrid Fund,Aggressive Hybrid,23.09,07-Sep-2026,0.38,12.22,9.62,,,,1.1,1505.4147,mfdata.in,Factual Registry,Factsheet Verified,7.77
139527,BANK OF INDIA AGGRESSIVE HYBRID FUND,Bank of India Mutual Fund,Hybrid Schemes - Aggressive Hybrid Fund,Aggressive Hybrid,47.9,07-Sep-2026,3.33,19.34,17.64,,,,0.8,1360.454,mfdata.in,Factual Registry,Factsheet Verified,13.03
118272,Canara Robeco Aggressive Hybrid Fund,Canara Robeco Mutual Fund,Hybrid Schemes - Aggressive Hybrid Fund,Aggressive Hybrid,421.1,07-Sep-2026,1.84,13.61,11.55,,,,0.64,11267.2825,mfdata.in,Factual Registry,Factsheet Verified,8.91
145599,Groww Aggressive Hybrid Fund,Groww Mutual Fund,Hybrid Schemes - Aggressive Hybrid Fund,Aggressive Hybrid,23.2974,07-Sep-2026,-0.26,11.35,10.09,,,,1.51,50.275392,mfdata.in,Factual Registry,Factsheet Verified,7.57
119062,HDFC Aggressive Hybrid Fund,HDFC Mutual Fund,Hybrid Schemes - Aggressive Hybrid Fund,Aggressive Hybrid,124.499,07-Sep-2026,-2.48,9.82,10.97,,,,1.04,23810.697,mfdata.in,Factual Registry,Factsheet Verified,7.22
151122,HSBC Aggressive Hybrid Fund,HSBC Mutual Fund,Hybrid Schemes - Aggressive Hybrid Fund,Aggressive Hybrid,68.8575,07-Sep-2026,5.65,14.94,11.49,,,,0.8,5458.6864,mfdata.in,Factual Registry,Factsheet Verified,9.42
120251,ICICI Prudential Aggressive Hybrid Fund,ICICI Prudential Mutual Fund,Hybrid Schemes - Aggressive Hybrid Fund,Aggressive Hybrid,450.78,07-Sep-2026,3.66,18.14,18.51,,,,0.93,50205.347,mfdata.in,Factual Registry,Factsheet Verified,12.81
143537,Invesco India Aggressive Hybrid Fund,Invesco Mutual Fund,Hybrid Schemes - Aggressive Hybrid Fund,Aggressive Hybrid,24.284,07-Sep-2026,-4.75,14.65,11.58,,,,0.66,789.1509,mfdata.in,Factual Registry,Factsheet Verified,9.33
120484,JM Aggressive Hybrid Fund,JM Financial Mutual Fund,Hybrid Schemes - Aggressive Hybrid Fund,Aggressive Hybrid,141.0034,07-Sep-2026,-4.09,17.34,14.88,,,,0.85,735.4903,mfdata.in,Factual Registry,Factsheet Verified,11.4
147446,Mahindra Manulife Aggressive Hybrid Fund,Mahindra Manulife Mutual Fund,Hybrid Schemes - Aggressive Hybrid Fund,Aggressive Hybrid,30.3306,07-Sep-2026,1.29,16.66,14.86,,,,0.5,2196.5631,mfdata.in,Factual Registry,Factsheet Verified,11.12
134813,Mirae Asset Aggressive Hybrid Fund,Mirae Asset Mutual Fund,Hybrid Schemes - Aggressive Hybrid Fund,Aggressive Hybrid,39.498,07-Sep-2026,3.39,14.32,12.17,,,,0.4,9530.015,mfdata.in,Factual Registry,Factsheet Verified,9.38
148265,Nippon India Aggressive Hybrid Fund (Existing Number of Segregated Portfolios - 2),Nippon India Mutual Fund,Hybrid Schemes - Aggressive Hybrid Fund,Aggressive Hybrid,0.0,07-Sep-2026,,,,,,,,,Sync Pending,Awaiting Sync,Varies by Plan,
118794,Nippon India Aggressive Hybrid Fund (Existing Number of Segregated Portfolios - 2),Nippon India Mutual Fund,Hybrid Schemes - Aggressive Hybrid Fund,Aggressive Hybrid,121.4621,07-Sep-2026,1.87,14.73,13.06,,,,1.03,4063.0632,mfdata.in,Factual Registry,Factsheet Verified,9.81
147689,Nippon India Aggressive Hybrid Fund (Existing Number of Segregated Portfolios - 2),Nippon India Mutual Fund,Hybrid Schemes - Aggressive Hybrid Fund,Aggressive Hybrid,0.1261,21-Mar-2025,125.99,31.23,17.71,35.19,0.703,-63.34,,,Sync Pending,Factual Registry,Varies by Plan,17.8
119609,SBI AGGRESSIVE HYBRID FUND,SBI Mutual Fund,Hybrid Schemes - Aggressive Hybrid Fund,Aggressive Hybrid,352.0993,07-Sep-2026,2.33,14.15,11.51,,,,0.71,82317.646,mfdata.in,Factual Registry,Factsheet Verified,9.11
125711,Shriram Aggressive Hybrid Fund,Shriram Mutual Fund,Hybrid Schemes - Aggressive Hybrid Fund,Aggressive Hybrid,37.0911,07-Sep-2026,1.9,12.05,9.88,,,,0.84,49.7596,mfdata.in,Factual Registry,Factsheet Verified,7.78
154392,WhiteOak Capital Aggressive Hybrid Fund,WhiteOak Capital Mutual Fund,Hybrid Schemes - Aggressive Hybrid Fund,Aggressive Hybrid,10.439,07-Sep-2026,,,,,,,,,Sync Pending,Awaiting Sync,Varies by Plan,
141642,Axis Balanced Advantage Fund,Axis Mutual Fund,Hybrid Schemes - Balanced Advantage Fund/ Dynamic Asset Allocation,Balanced Advantage,24.22,07-Sep-2026,4.48,12.18,9.81,8.22,0.691,-14.8,,,Sync Pending,Factual Registry,Varies by Plan,10.45
145396,Baroda BNP Paribas Balanced Advantage Fund,Baroda BNP Paribas Mutual Fund,Hybrid Schemes - Balanced Advantage Fund/ Dynamic Asset Allocation,Balanced Advantage,28.5987,07-Sep-2026,9.21,12.69,11.57,10.93,0.566,-19.67,,,Sync Pending,Factual Registry,Varies by Plan,10.28
152688,Canara Robeco Balanced Advantage Fund,Canara Robeco Mutual Fund,Hybrid Schemes - Balanced Advantage Fund/ Dynamic Asset Allocation,Balanced Advantage,10.55,07-Sep-2026,2.12,,,9.14,,-16.45,,,Sync Pending,Awaiting Sync,Varies by Plan,
152509,Helios Balanced Advantage Fund,Helios Mutual Fund,Hybrid Schemes - Balanced Advantage Fund/ Dynamic Asset Allocation,Balanced Advantage,11.97,07-Sep-2026,5.1,,,10.59,,-19.06,,,Sync Pending,Awaiting Sync,Varies by Plan,
151129,HSBC Balanced Advantage Fund,HSBC Mutual Fund,Hybrid Schemes - Balanced Advantage Fund/ Dynamic Asset Allocation,Balanced Advantage,52.0198,07-Sep-2026,3.35,9.86,,6.57,0.511,-11.83,,,Sync Pending,Factual Registry,Varies by Plan,5.84
120333,Invesco India Balanced Advantage Fund,Invesco Mutual Fund,Hybrid Schemes - Balanced Advantage Fund/ Dynamic Asset Allocation,Balanced Advantage,63.15,07-Sep-2026,-0.71,9.62,8.73,10.95,0.285,-19.71,,,Sync Pending,Factual Registry,Varies by Plan,6.8
149406,Mahindra Manulife Balanced Advantage Fund,Mahindra Manulife Mutual Fund,Hybrid Schemes - Balanced Advantage Fund/ Dynamic Asset Allocation,Balanced Advantage,16.2405,07-Sep-2026,6.52,11.51,,9.55,0.525,-17.19,,,Sync Pending,Factual Registry,Varies by Plan,6.27
150470,Mirae Asset Balanced Advantage Fund,Mirae Asset Mutual Fund,Hybrid Schemes - Balanced Advantage Fund/ Dynamic Asset Allocation,Balanced Advantage,15.537,07-Sep-2026,6.27,10.6,,7.05,0.582,-12.69,,,Sync Pending,Factual Registry,Varies by Plan,6.45
118736,Nippon India Balanced Advantage Fund,Nippon India Mutual Fund,Hybrid Schemes - Balanced Advantage Fund/ Dynamic Asset Allocation,Balanced Advantage,210.5163,07-Sep-2026,5.45,11.29,10.05,11.28,0.425,-20.3,,,Sync Pending,Factual Registry,Varies by Plan,8.53
149264,NJ Balanced Advantage Fund,NJ Mutual Fund,Hybrid Schemes - Balanced Advantage Fund/ Dynamic Asset Allocation,Balanced Advantage,14.47,07-Sep-2026,-0.62,8.75,,8.15,0.276,-14.67,,,Sync Pending,Factual Registry,Varies by Plan,4.06
149717,Sundaram Dynamic Asset Allocation Fund (Formerly Known as Sundaram Balanced Advantage Fund),Sundaram Mutual Fund,Hybrid Schemes - Balanced Advantage Fund/ Dynamic Asset Allocation,Balanced Advantage,42.3235,07-Sep-2026,3.24,9.19,,8.09,0.333,-14.56,,,Sync Pending,Factual Registry,Varies by Plan,4.53
151885,UTI Balanced Advantage Fund,UTI Mutual Fund,Hybrid Schemes - Balanced Advantage Fund/ Dynamic Asset Allocation,Balanced Advantage,13.0604,07-Sep-2026,1.19,9.09,,7.6,0.341,-13.68,,,Sync Pending,Factual Registry,Varies by Plan,4.58
151267,WhiteOak Capital Balanced Advantage Fund,WhiteOak Capital Mutual Fund,Hybrid Schemes - Balanced Advantage Fund/ Dynamic Asset Allocation,Balanced Advantage,15.749,07-Sep-2026,5.87,12.45,,7.84,0.759,-14.11,,,Sync Pending,Factual Registry,Varies by Plan,7.99
152076,360 ONE Balanced Hybrid Fund,360 ONE Mutual Fund,Hybrid Schemes - Balanced Advantage Fund/ Dynamic Asset Allocation,Balanced Advantage,13.8649,07-Sep-2026,6.7,,,7.21,,-12.98,,,Sync Pending,Awaiting Sync,Varies by Plan,
152132,WhiteOak Capital Balanced Hybrid Fund,WhiteOak Capital Mutual Fund,Hybrid Schemes - Balanced Advantage Fund/ Dynamic Asset Allocation,Balanced Advantage,13.97,07-Sep-2026,5.58,,,7.78,,-14.0,,,Sync Pending,Awaiting Sync,Varies by Plan,
120705,Aditya Birla Sun Life Conservative Hybrid Fund,Aditya Birla Sun Life Mutual Fund,Hybrid Schemes - Balanced Advantage Fund/ Dynamic Asset Allocation,Balanced Advantage,79.3969,07-Sep-2026,5.68,8.9,8.37,5.03,0.477,-9.05,,,Sync Pending,Factual Registry,Varies by Plan,7.95
120480,Axis Conservative Hybrid Fund,Axis Mutual Fund,Hybrid Schemes - Balanced Advantage Fund/ Dynamic Asset Allocation,Balanced Advantage,36.1678,07-Sep-2026,3.25,6.96,6.16,4.37,0.105,-7.87,,,Sync Pending,Factual Registry,Varies by Plan,4.72
118309,Canara Robeco Conservative Hybrid Fund,Canara Robeco Mutual Fund,Hybrid Schemes - Balanced Advantage Fund/ Dynamic Asset Allocation,Balanced Advantage,116.126,07-Sep-2026,3.73,8.08,7.19,4.27,0.37,-7.69,,,Sync Pending,Factual Registry,Varies by Plan,6.81
118994,DSP Conservative Hybrid Fund,DSP Mutual Fund,Hybrid Schemes - Balanced Advantage Fund/ Dynamic Asset Allocation,Balanced Advantage,69.2123,07-Sep-2026,4.7,8.92,7.58,4.37,0.554,-7.87,,,Sync Pending,Factual Registry,Varies by Plan,8.18
119118,HDFC Conservative Hybrid Fund,HDFC Mutual Fund,Hybrid Schemes - Balanced Advantage Fund/ Dynamic Asset Allocation,Balanced Advantage,89.6158,07-Sep-2026,3.27,7.68,8.07,5.17,0.228,-9.31,,,Sync Pending,Factual Registry,Varies by Plan,6.12
120073,HSBC Conservative Hybrid Fund,HSBC Mutual Fund,Hybrid Schemes - Balanced Advantage Fund/ Dynamic Asset Allocation,Balanced Advantage,71.8099,07-Sep-2026,3.62,9.26,7.83,4.95,0.558,-8.91,,,Sync Pending,Factual Registry,Varies by Plan,8.35
120616,ICICI Prudential Conservative Hybrid Fund,ICICI Prudential Mutual Fund,Hybrid Schemes - Balanced Advantage Fund/ Dynamic Asset Allocation,Balanced Advantage,87.6468,07-Sep-2026,4.43,9.15,8.69,4.23,0.626,-7.61,,,Sync Pending,Factual Registry,Varies by Plan,8.97
120154,Kotak Conservative Hybrid Fund,Kotak Mahindra Mutual Fund,Hybrid Schemes - Balanced Advantage Fund/ Dynamic Asset Allocation,Balanced Advantage,69.9553,07-Sep-2026,4.34,8.94,8.8,4.89,0.499,-8.8,,,Sync Pending,Factual Registry,Varies by Plan,8.22
120779,UTI Conservative Hybrid Fund,UTI Mutual Fund,Hybrid Schemes - Balanced Advantage Fund/ Dynamic Asset Allocation,Balanced Advantage,77.0542,07-Sep-2026,2.9,8.0,7.86,4.6,0.326,-8.28,,,Sync Pending,Factual Registry,Varies by Plan,6.73
153774,360 ONE Multi Asset Allocation Fund,360 ONE Mutual Fund,Hybrid Schemes - Multi Asset Allocation Fund,Multi Asset,12.5035,07-Sep-2026,22.81,,,,,,,,Sync Pending,Awaiting Sync,Varies by Plan,
154438,AlphaGrep Multi Asset Allocation Fund,AlphaGrep Mutual Fund,Hybrid Schemes - Multi Asset Allocation Fund,Multi Asset,10.2978,07-Sep-2026,,,,,,,,,Sync Pending,Awaiting Sync,Varies by Plan,
120524,Axis Multi Asset Allocation Fund,Axis Mutual Fund,Hybrid Schemes - Multi Asset Allocation Fund,Multi Asset,53.1966,07-Sep-2026,12.84,14.46,9.74,10.46,0.761,-18.83,,,Sync Pending,Factual Registry,Varies by Plan,11.47
153465,Canara Robeco Multi Asset Allocation Fund,Canara Robeco Mutual Fund,Hybrid Schemes - Multi Asset Allocation Fund,Multi Asset,11.52,07-Sep-2026,12.23,,,10.08,,-18.14,,,Sync Pending,Awaiting Sync,Varies by Plan,
153821,Groww Multi Asset Allocation Fund,Groww Mutual Fund,Hybrid Schemes - Multi Asset Allocation Fund,Multi Asset,10.3847,07-Sep-2026,,,,,,,,,Sync Pending,Awaiting Sync,Varies by Plan,
119131,HDFC Multi Asset Allocation Fund,HDFC Mutual Fund,Hybrid Schemes - Multi Asset Allocation Fund,Multi Asset,84.848,07-Sep-2026,5.95,12.57,11.34,8.09,0.75,-14.56,,,Sync Pending,Factual Registry,Varies by Plan,11.37
152380,HSBC Multi Asset Allocation Fund,HSBC Mutual Fund,Hybrid Schemes - Multi Asset Allocation Fund,Multi Asset,14.4916,07-Sep-2026,15.55,,,14.32,,-25.78,,,Sync Pending,Awaiting Sync,Varies by Plan,
120334,ICICI Prudential Multi Asset Allocation Fund,ICICI Prudential Mutual Fund,Hybrid Schemes - Multi Asset Allocation Fund,Multi Asset,904.5863,04-Sep-2026,7.39,15.11,16.79,11.8,0.73,-21.24,,,Sync Pending,Factual Registry,Varies by Plan,13.55
153047,Invesco India Multi Asset Allocation Fund,Invesco Mutual Fund,Hybrid Schemes - Multi Asset Allocation Fund,Multi Asset,12.75,07-Sep-2026,15.5,,,10.06,,-18.11,,,Sync Pending,Awaiting Sync,Varies by Plan,
154423,JM Multi Asset Allocation Fund,JM Financial Mutual Fund,Hybrid Schemes - Multi Asset Allocation Fund,Multi Asset,10.2871,07-Sep-2026,,,,,,,,,Sync Pending,Awaiting Sync,Varies by Plan,
152443,Mahindra Manulife Multi Asset Allocation Fund,Mahindra Manulife Mutual Fund,Hybrid Schemes - Multi Asset Allocation Fund,Multi Asset,14.5325,07-Sep-2026,17.09,,,9.04,,-16.27,,,Sync Pending,Awaiting Sync,Varies by Plan,
152344,Mirae Asset Multi Asset Allocation Fund,Mirae Asset Mutual Fund,Hybrid Schemes - Multi Asset Allocation Fund,Multi Asset,14.14,07-Sep-2026,13.61,,,8.8,,-15.84,,,Sync Pending,Awaiting Sync,Varies by Plan,
152051,Shriram Multi Asset Allocation Fund,Shriram Mutual Fund,Hybrid Schemes - Multi Asset Allocation Fund,Multi Asset,13.9013,07-Sep-2026,11.46,,,12.02,,-21.64,,,Sync Pending,Awaiting Sync,Varies by Plan,
120760,UTI Multi Asset Allocation Fund,UTI Mutual Fund,Hybrid Schemes - Multi Asset Allocation Fund,Multi Asset,88.4809,07-Sep-2026,7.14,16.07,13.64,10.41,0.919,-18.74,,,Sync Pending,Factual Registry,Varies by Plan,14.07
151745,WhiteOak Capital Multi Asset Allocation Fund,WhiteOak Capital Mutual Fund,Hybrid Schemes - Multi Asset Allocation Fund,Multi Asset,16.827,04-Sep-2026,13.85,17.13,,5.6,1.898,-10.08,,,Sync Pending,Factual Registry,Varies by Plan,15.78
124679,Reliance Interval Fund - II - Series 1,Nippon India Mutual Fund,Hybrid Schemes - Multi Asset Allocation Fund,Multi Asset,12.842,17-Oct-2016,7.51,8.49,,0.5,3.98,-0.9,,,Sync Pending,Factual Registry,Varies by Plan,23.25
124749,Reliance Interval Fund - II - Series 2,Nippon India Mutual Fund,Hybrid Schemes - Multi Asset Allocation Fund,Multi Asset,12.9862,27-Oct-2016,7.59,9.06,,0.87,2.943,-1.57,,,Sync Pending,Factual Registry,Varies by Plan,18.25
124753,Reliance Interval Fund - II - Series 3,Nippon India Mutual Fund,Hybrid Schemes - Multi Asset Allocation Fund,Multi Asset,12.8033,01-Nov-2016,7.56,8.44,,0.49,3.959,-0.88,,,Sync Pending,Factual Registry,Varies by Plan,23.12
124876,Reliance Interval Fund - II - Series 4,Nippon India Mutual Fund,Hybrid Schemes - Multi Asset Allocation Fund,Multi Asset,13.6322,10-Nov-2017,6.89,7.57,,0.49,2.184,-0.88,,,Sync Pending,Factual Registry,Varies by Plan,13.9
121701,Reliance Yearly Interval Fund - Series 5,Nippon India Mutual Fund,Hybrid Schemes - Multi Asset Allocation Fund,Multi Asset,13.8817,07-Apr-2017,7.22,8.3,,0.86,2.093,-1.55,,,Sync Pending,Factual Registry,Varies by Plan,13.7
122653,Reliance Yearly Interval Fund - Series 8,Nippon India Mutual Fund,Hybrid Schemes - Multi Asset Allocation Fund,Multi Asset,13.7847,28-Jun-2017,7.59,8.22,,1.04,1.654,-1.87,,,Sync Pending,Factual Registry,Varies by Plan,11.45
122726,Reliance Yearly Interval Fund - Series 9,Nippon India Mutual Fund,Hybrid Schemes - Multi Asset Allocation Fund,Multi Asset,13.764,14-Jul-2017,7.33,8.15,,1.06,1.557,-1.91,,,Sync Pending,Factual Registry,Varies by Plan,10.94
118387,Bandhan 10 year Constant Maturity Gilt Fund,Bandhan Mutual Fund,Hybrid Schemes - Multi Asset Allocation Fund,Multi Asset,49.328,07-Sep-2026,5.57,7.86,5.89,3.29,0.413,-5.92,,,Sync Pending,Factual Registry,Varies by Plan,6.65
131301,DSP 10 year Constant Maturity Gilt Fund,DSP Mutual Fund,Hybrid Schemes - Multi Asset Allocation Fund,Multi Asset,23.0555,07-Sep-2026,2.67,6.48,5.02,3.99,-0.005,-7.18,,,Sync Pending,Factual Registry,Varies by Plan,3.67
131061,ICICI Prudential 10 year Constant Maturity Gilt Fund,ICICI Prudential Mutual Fund,Hybrid Schemes - Multi Asset Allocation Fund,Multi Asset,26.6374,07-Sep-2026,4.9,7.51,5.93,3.81,0.265,-6.86,,,Sync Pending,Factual Registry,Varies by Plan,5.73
120137,SBI 10 YEAR CONSTANT MATURITY GILT FUND,SBI Mutual Fund,Hybrid Schemes - Multi Asset Allocation Fund,Multi Asset,69.3851,07-Sep-2026,4.27,7.15,5.84,3.06,0.212,-5.51,,,Sync Pending,Factual Registry,Varies by Plan,5.37
150410,UTI 10 year Constant Maturity Gilt Fund,UTI Mutual Fund,Hybrid Schemes - Multi Asset Allocation Fund,Multi Asset,13.3766,07-Sep-2026,4.21,7.15,,2.95,0.22,-5.31,,,Sync Pending,Factual Registry,Varies by Plan,3.67
120438,Axis Banking and PSU Debt Fund,Axis Mutual Fund,Hybrid Schemes - Multi Asset Allocation Fund,Multi Asset,2899.3052,07-Sep-2026,5.55,7.07,6.18,1.31,0.435,-2.36,,,Sync Pending,Factual Registry,Varies by Plan,6.73
152162,Bajaj Finserv Banking and PSU Debt Fund,Bajaj Finserv Mutual Fund,Hybrid Schemes - Multi Asset Allocation Fund,Multi Asset,12.2478,07-Sep-2026,5.54,,,1.22,,-2.2,,,Sync Pending,Awaiting Sync,Varies by Plan,
121279,Bandhan Banking and PSU Debt Fund,Bandhan Mutual Fund,Hybrid Schemes - Multi Asset Allocation Fund,Multi Asset,27.1599,07-Sep-2026,6.09,7.23,6.25,1.48,0.493,-2.66,,,Sync Pending,Factual Registry,Varies by Plan,7.08
150505,Canara Robeco Banking and PSU Debt Fund,Canara Robeco Mutual Fund,Hybrid Schemes - Multi Asset Allocation Fund,Multi Asset,12.9217,07-Sep-2026,5.27,6.73,,0.91,0.253,-1.64,,,Sync Pending,Factual Registry,Varies by Plan,3.87
124175,DSP Banking and PSU Debt Fund,DSP Mutual Fund,Hybrid Schemes - Multi Asset Allocation Fund,Multi Asset,26.3657,07-Sep-2026,5.03,7.03,6.03,1.58,0.335,-2.84,,,Sync Pending,Factual Registry,Varies by Plan,6.14
140286,Edelweiss Banking and PSU Debt Fund,Edelweiss Mutual Fund,Hybrid Schemes - Multi Asset Allocation Fund,Multi Asset,27.1157,07-Sep-2026,5.36,7.15,6.15,2.64,0.246,-4.75,,,Sync Pending,Factual Registry,Varies by Plan,5.67
151107,HSBC Banking and PSU Debt Fund,HSBC Mutual Fund,Hybrid Schemes - Multi Asset Allocation Fund,Multi Asset,27.2655,07-Sep-2026,5.6,7.08,,0.98,0.592,-1.76,,,Sync Pending,Factual Registry,Varies by Plan,5.69
120256,ICICI Prudential Banking and PSU Debt Fund,ICICI Prudential Mutual Fund,Hybrid Schemes - Multi Asset Allocation Fund,Multi Asset,36.562,07-Sep-2026,6.03,7.38,6.73,1.7,0.518,-3.06,,,Sync Pending,Factual Registry,Varies by Plan,7.39
120444,Invesco India Banking and PSU Debt Fund,Invesco Mutual Fund,Hybrid Schemes - Multi Asset Allocation Fund,Multi Asset,2587.4569,07-Sep-2026,5.65,7.32,5.8,2.16,0.38,-3.89,,,Sync Pending,Factual Registry,Varies by Plan,6.35
120338,LIC MF Banking & PSU Debt Fund,LIC Mutual Fund,Hybrid Schemes - Multi Asset Allocation Fund,Multi Asset,40.1093,07-Sep-2026,5.77,7.38,6.29,1.18,0.746,-2.12,,,Sync Pending,Factual Registry,Varies by Plan,8.45
148419,Mirae Asset Banking and PSU Debt Fund,Mirae Asset Mutual Fund,Hybrid Schemes - Multi Asset Allocation Fund,Multi Asset,14.0577,07-Sep-2026,5.19,7.0,5.95,1.08,0.463,-1.94,,,Sync Pending,Factual Registry,Varies by Plan,6.79
134547,Nippon India Banking and PSU Debt Fund,Nippon India Mutual Fund,Hybrid Schemes - Multi Asset Allocation Fund,Multi Asset,22.9461,07-Sep-2026,5.57,7.22,6.29,1.67,0.431,-3.01,,,Sync Pending,Factual Registry,Varies by Plan,6.76
125503,SBI BANKING & PSU DEBT FUND,SBI Mutual Fund,Hybrid Schemes - Multi Asset Allocation Fund,Multi Asset,3534.2571,07-Sep-2026,5.64,7.24,6.12,1.36,0.544,-2.45,,,Sync Pending,Factual Registry,Varies by Plan,7.32
134363,Sundaram Banking and PSU Debt Fund (Formerly Known as Sundaram Banking and PSU Fund),Sundaram Mutual Fund,Hybrid Schemes - Multi Asset Allocation Fund,Multi Asset,11.7065,17-Mar-2017,9.08,,,1.31,,-2.36,,,Sync Pending,Awaiting Sync,Varies by Plan,
119625,Sundaram Banking and PSU Debt Fund (Formerly Known as Sundaram Banking and PSU Fund),Sundaram Mutual Fund,Hybrid Schemes - Multi Asset Allocation Fund,Multi Asset,46.5587,07-Sep-2026,5.49,7.18,6.04,1.13,0.602,-2.03,,,Sync Pending,Factual Registry,Varies by Plan,7.58
126940,UTI Banking & PSU Debt Fund,UTI Mutual Fund,Hybrid Schemes - Multi Asset Allocation Fund,Multi Asset,24.0187,07-Sep-2026,6.29,7.46,7.71,3.05,0.315,-5.49,,,Sync Pending,Factual Registry,Varies by Plan,6.57
141588,AXIS Corporate Bond Fund,Axis Mutual Fund,Hybrid Schemes - Multi Asset Allocation Fund,Multi Asset,19.4018,07-Sep-2026,6.02,7.77,6.81,2.03,0.626,-3.65,,,Sync Pending,Factual Registry,Varies by Plan,8.08
126685,Canara Robeco Corporate Bond Fund,Canara Robeco Mutual Fund,Hybrid Schemes - Multi Asset Allocation Fund,Multi Asset,24.7063,07-Sep-2026,5.33,6.84,5.87,1.3,0.262,-2.34,,,Sync Pending,Factual Registry,Varies by Plan,5.68
118569,Franklin India Corporate Bond Fund,Franklin Templeton Mutual Fund,Hybrid Schemes - Multi Asset Allocation Fund,Multi Asset,116.4014,07-Sep-2026,6.59,8.09,6.75,2.28,0.697,-4.1,,,Sync Pending,Factual Registry,Varies by Plan,8.52
150996,HSBC Corporate Bond Fund,HSBC Mutual Fund,Hybrid Schemes - Multi Asset Allocation Fund,Multi Asset,83.3961,07-Sep-2026,5.87,7.47,,1.14,0.851,-2.05,,,Sync Pending,Factual Registry,Varies by Plan,7.13
120497,Invesco India Corporate Bond Fund,Invesco Mutual Fund,Hybrid Schemes - Multi Asset Allocation Fund,Multi Asset,3628.3585,07-Sep-2026,5.42,7.33,6.16,127.34,0.007,-229.21,,,Sync Pending,Factual Registry,Varies by Plan,-7.92
133791,Kotak Corporate Bond Fund,Kotak Mahindra Mutual Fund,Hybrid Schemes - Multi Asset Allocation Fund,Multi Asset,4209.2452,07-Sep-2026,5.62,7.48,6.5,1.39,0.705,-2.5,,,Sync Pending,Factual Registry,Varies by Plan,8.33
148755,Mirae Asset Corporate Bond Fund,Mirae Asset Mutual Fund,Hybrid Schemes - Multi Asset Allocation Fund,Multi Asset,13.8697,07-Sep-2026,5.57,7.21,6.07,1.07,0.664,-1.93,,,Sync Pending,Factual Registry,Varies by Plan,7.92
144339,UTI - Corporate Bond Fund,UTI Mutual Fund,Hybrid Schemes - Multi Asset Allocation Fund,Multi Asset,17.9071,07-Sep-2026,5.67,7.38,6.33,1.69,0.521,-3.04,,,Sync Pending,Factual Registry,Varies by Plan,7.29
130314,Axis Credit Risk Fund,Axis Mutual Fund,Hybrid Schemes - Multi Asset Allocation Fund,Multi Asset,26.4662,07-Sep-2026,8.84,8.88,7.71,1.59,1.497,-2.86,,,Sync Pending,Factual Registry,Varies by Plan,13.19
128051,HDFC Credit Risk Fund,HDFC Mutual Fund,Hybrid Schemes - Multi Asset Allocation Fund,Multi Asset,28.3827,07-Sep-2026,7.81,8.3,7.18,1.47,1.224,-2.65,,,Sync Pending,Factual Registry,Varies by Plan,11.45
151045,HSBC Credit Risk Fund,HSBC Mutual Fund,Hybrid Schemes - Multi Asset Allocation Fund,Multi Asset,37.8199,07-Sep-2026,6.82,11.82,,5.56,0.957,-10.01,,,Sync Pending,Factual Registry,Varies by Plan,8.96
130722,Invesco India Credit Risk Fund,Invesco Mutual Fund,Hybrid Schemes - Multi Asset Allocation Fund,Multi Asset,2354.9335,07-Sep-2026,8.33,9.69,8.44,2.95,1.081,-5.31,,,Sync Pending,Factual Registry,Varies by Plan,11.52
120764,UTI - Credit Risk Fund.,UTI Mutual Fund,Hybrid Schemes - Multi Asset Allocation Fund,Multi Asset,20.9137,07-Sep-2026,7.07,7.9,10.23,6.38,0.219,-11.48,,,Sync Pending,Factual Registry,Varies by Plan,6.69
122715,360 ONE Dynamic Term Fund,360 ONE Mutual Fund,Hybrid Schemes - Multi Asset Allocation Fund,Multi Asset,25.6275,07-Sep-2026,6.63,8.2,6.91,2.7,0.63,-4.86,,,Sync Pending,Factual Registry,Varies by Plan,8.23
119505,Aditya Birla Sun Life Dynamic Term Fund,Aditya Birla Sun Life Mutual Fund,Hybrid Schemes - Multi Asset Allocation Fund,Multi Asset,53.0201,07-Sep-2026,6.1,7.75,7.29,3.4,0.368,-6.12,,,Sync Pending,Factual Registry,Varies by Plan,6.79
120451,Axis Dynamic Term Fund,Axis Mutual Fund,Hybrid Schemes - Multi Asset Allocation Fund,Multi Asset,34.8232,07-Sep-2026,6.82,7.52,6.32,3.29,0.31,-5.92,,,Sync Pending,Factual Registry,Varies by Plan,6.12
118416,BANDHAN Dynamic Term Fund,Bandhan Mutual Fund,Hybrid Schemes - Multi Asset Allocation Fund,Multi Asset,40.1554,07-Sep-2026,7.47,7.65,6.14,3.75,0.307,-6.75,,,Sync Pending,Factual Registry,Varies by Plan,6.06
150180,Baroda BNP Paribas Dynamic Term Fund,Baroda BNP Paribas Mutual Fund,Hybrid Schemes - Multi Asset Allocation Fund,Multi Asset,52.5195,07-Sep-2026,3.47,6.39,,2.13,-0.052,-3.83,,,Sync Pending,Factual Registry,Varies by Plan,2.08
118284,Canara Robeco Dynamic Term Fund,Canara Robeco Mutual Fund,Hybrid Schemes - Multi Asset Allocation Fund,Multi Asset,33.226,07-Sep-2026,3.38,5.77,5.32,3.26,-0.224,-5.87,,,Sync Pending,Factual Registry,Varies by Plan,2.46
119239,DSP Dynamic Term Fund,DSP Mutual Fund,Hybrid Schemes - Multi Asset Allocation Fund,Multi Asset,3701.5183,07-Sep-2026,3.67,6.39,5.85,3.45,-0.032,-6.21,,,Sync Pending,Factual Registry,Varies by Plan,3.81
145589,Groww Dynamic Term Fund,Groww Mutual Fund,Hybrid Schemes - Multi Asset Allocation Fund,Multi Asset,1581.8616,07-Sep-2026,3.77,5.91,5.1,1.87,-0.316,-3.37,,,Sync Pending,Factual Registry,Varies by Plan,2.13
119075,HDFC Dynamic Term Fund,HDFC Mutual Fund,Hybrid Schemes - Multi Asset Allocation Fund,Multi Asset,103.679,07-Sep-2026,5.37,6.88,5.91,3.39,0.112,-6.1,,,Sync Pending,Factual Registry,Varies by Plan,4.75
151087,HSBC Dynamic Term Fund,HSBC Mutual Fund,Hybrid Schemes - Multi Asset Allocation Fund,Multi Asset,33.431,07-Sep-2026,4.15,6.79,,2.1,0.138,-3.78,,,Sync Pending,Factual Registry,Varies by Plan,3.2
120603,ICICI Prudential Dynamic Term Fund,ICICI Prudential Mutual Fund,Hybrid Schemes - Multi Asset Allocation Fund,Multi Asset,42.661,07-Sep-2026,6.08,7.82,7.1,2.49,0.53,-4.48,,,Sync Pending,Factual Registry,Varies by Plan,7.66
149029,ITI Dynamic Term Fund,ITI Mutual Fund,Hybrid Schemes - Multi Asset Allocation Fund,Multi Asset,13.4665,07-Sep-2026,3.2,6.24,5.85,1.61,-0.161,-2.9,,,Sync Pending,Factual Registry,Varies by Plan,3.29
120435,JM Dynamic Term Fund,JM Financial Mutual Fund,Hybrid Schemes - Multi Asset Allocation Fund,Multi Asset,46.5813,07-Sep-2026,4.48,6.91,6.07,1.36,0.301,-2.45,,,Sync Pending,Factual Registry,Varies by Plan,5.95
119755,Kotak Dynamic Term Fund,Kotak Mahindra Mutual Fund,Hybrid Schemes - Multi Asset Allocation Fund,Multi Asset,43.5902,07-Sep-2026,6.92,7.87,6.65,2.61,0.525,-4.7,,,Sync Pending,Factual Registry,Varies by Plan,7.51
144403,Mahindra Manulife Dynamic Term Fund,Mahindra Manulife Mutual Fund,Hybrid Schemes - Multi Asset Allocation Fund,Multi Asset,16.3984,07-Sep-2026,5.64,7.59,6.02,1.82,0.599,-3.28,,,Sync Pending,Factual Registry,Varies by Plan,7.65
140769,Mirae Asset Dynamic Term Fund,Mirae Asset Mutual Fund,Hybrid Schemes - Multi Asset Allocation Fund,Multi Asset,18.8086,07-Sep-2026,5.11,7.08,5.79,2.25,0.258,-4.05,,,Sync Pending,Factual Registry,Varies by Plan,5.63
118747,Nippon India Dynamic Term Fund,Nippon India Mutual Fund,Hybrid Schemes - Multi Asset Allocation Fund,Multi Asset,42.4854,07-Sep-2026,5.82,7.44,6.34,3.43,0.274,-6.17,,,Sync Pending,Factual Registry,Varies by Plan,5.91
120084,PGIM India Dynamic Term Fund,PGIM India Mutual Fund,Hybrid Schemes - Multi Asset Allocation Fund,Multi Asset,3116.5896,07-Sep-2026,4.19,7.15,6.19,2.78,0.234,-5.0,,,Sync Pending,Factual Registry,Varies by Plan,5.61
119671,SBI DYNAMIC TERM FUND,SBI Mutual Fund,Hybrid Schemes - Multi Asset Allocation Fund,Multi Asset,41.4841,07-Sep-2026,5.89,7.44,6.78,3.34,0.281,-6.01,,,Sync Pending,Factual Registry,Varies by Plan,6.08
119311,Union Dynamic Term Fund,Union Mutual Fund,Hybrid Schemes - Multi Asset Allocation Fund,Multi Asset,24.8732,07-Sep-2026,1.92,5.23,4.28,3.32,-0.383,-5.98,,,Sync Pending,Factual Registry,Varies by Plan,1.13
120762,UTI Dynamic Term Fund,UTI Mutual Fund,Hybrid Schemes - Multi Asset Allocation Fund,Multi Asset,35.6201,07-Sep-2026,5.59,7.35,9.54,3.99,0.213,-7.18,,,Sync Pending,Factual Registry,Varies by Plan,6.47
122646,Aditya Birla Sun Life Floating Interest Rate Fund,Aditya Birla Sun Life Mutual Fund,Hybrid Schemes - Multi Asset Allocation Fund,Multi Asset,385.5341,07-Sep-2026,6.42,7.51,6.76,0.85,1.188,-1.53,,,Sync Pending,Factual Registry,Varies by Plan,10.89
149049,Axis Floating Interest Rates Fund,Axis Mutual Fund,Hybrid Schemes - Multi Asset Allocation Fund,Multi Asset,1427.7617,07-Sep-2026,7.71,8.43,7.24,1.76,1.097,-3.17,,,Sync Pending,Factual Registry,Varies by Plan,10.85
148711,BANDHAN FLOATING INTEREST RATES FUND,Bandhan Mutual Fund,Hybrid Schemes - Multi Asset Allocation Fund,Multi Asset,14.2596,07-Sep-2026,7.07,7.93,6.8,0.84,1.702,-1.51,,,Sync Pending,Factual Registry,Varies by Plan,13.64
148771,DSP Floating Interest Rates Fund,DSP Mutual Fund,Hybrid Schemes - Multi Asset Allocation Fund,Multi Asset,14.3312,07-Sep-2026,5.96,7.86,6.71,1.06,1.283,-1.91,,,Sync Pending,Factual Registry,Varies by Plan,11.47
118508,Franklin India Floating Interest Rates Fund,Franklin Templeton Mutual Fund,Hybrid Schemes - Multi Asset Allocation Fund,Multi Asset,48.1427,07-Sep-2026,6.96,8.19,7.19,0.62,2.726,-1.12,,,Sync Pending,Factual Registry,Varies by Plan,19.0
118961,HDFC Floating Interest Rates Fund,HDFC Mutual Fund,Hybrid Schemes - Multi Asset Allocation Fund,Multi Asset,54.9491,07-Sep-2026,6.43,7.69,6.88,0.79,1.506,-1.42,,,Sync Pending,Factual Registry,Varies by Plan,12.59
120425,ICICI Prudential Floating Interest Rates Fund,ICICI Prudential Mutual Fund,Hybrid Schemes - Multi Asset Allocation Fund,Multi Asset,502.6922,07-Sep-2026,7.01,7.97,7.11,0.95,1.547,-1.71,,,Sync Pending,Factual Registry,Varies by Plan,12.96
147269,Kotak Floating Interest Rates Fund,Kotak Mahindra Mutual Fund,Hybrid Schemes - Multi Asset Allocation Fund,Multi Asset,1669.0248,07-Sep-2026,6.32,7.83,6.72,1.57,0.847,-2.83,,,Sync Pending,Factual Registry,Varies by Plan,9.23
118656,Nippon India Floating Interest Rates Fund,Nippon India Mutual Fund,Hybrid Schemes - Multi Asset Allocation Fund,Multi Asset,51.0251,07-Sep-2026,5.99,7.57,6.58,1.3,0.823,-2.34,,,Sync Pending,Factual Registry,Varies by Plan,8.99
148550,SBI Floating Interest Rates Fund,SBI Mutual Fund,Hybrid Schemes - Multi Asset Allocation Fund,Multi Asset,14.4945,07-Sep-2026,6.61,7.66,6.75,0.81,1.432,-1.46,,,Sync Pending,Factual Registry,Varies by Plan,12.17
149007,Tata Floating Interest Rates Fund,Tata Mutual Fund,Hybrid Schemes - Multi Asset Allocation Fund,Multi Asset,13.986,07-Sep-2026,6.68,7.52,6.76,0.75,1.36,-1.35,,,Sync Pending,Factual Registry,Varies by Plan,11.76
145295,UTI Floating Interest Rates Fund,UTI Mutual Fund,Hybrid Schemes - Multi Asset Allocation Fund,Multi Asset,1685.7225,07-Sep-2026,6.6,7.19,6.34,0.88,0.784,-1.58,,,Sync Pending,Factual Registry,Varies by Plan,8.61
119605,Aditya Birla Sun Life Gilt Fund,Aditya Birla Sun Life Mutual Fund,Hybrid Schemes - Multi Asset Allocation Fund,Multi Asset,88.2718,07-Sep-2026,2.87,5.71,5.16,4.29,-0.184,-7.72,,,Sync Pending,Factual Registry,Varies by Plan,2.48
120447,Axis Gilt Fund,Axis Mutual Fund,Hybrid Schemes - Multi Asset Allocation Fund,Multi Asset,28.4787,07-Sep-2026,5.03,7.29,6.08,4.12,0.192,-7.42,,,Sync Pending,Factual Registry,Varies by Plan,5.29
118299,Canara Robeco Gilt Fund,Canara Robeco Mutual Fund,Hybrid Schemes - Multi Asset Allocation Fund,Multi Asset,83.6758,07-Sep-2026,3.56,6.13,5.47,3.87,-0.096,-6.97,,,Sync Pending,Factual Registry,Varies by Plan,3.23
140298,Edelweiss Gilt Fund,Edelweiss Mutual Fund,Hybrid Schemes - Multi Asset Allocation Fund,Multi Asset,26.6333,07-Sep-2026,2.43,6.18,5.4,3.09,-0.104,-5.56,,,Sync Pending,Factual Registry,Varies by Plan,3.26
118498,Franklin India Gilt Fund,Franklin Templeton Mutual Fund,Hybrid Schemes - Multi Asset Allocation Fund,Multi Asset,67.917,07-Sep-2026,6.66,6.62,5.44,4.4,0.027,-7.92,,,Sync Pending,Factual Registry,Varies by Plan,3.98
153477,Groww Gilt Fund,Groww Mutual Fund,Hybrid Schemes - Multi Asset Allocation Fund,Multi Asset,10.0373,07-Sep-2026,2.03,,,3.46,,-6.23,,,Sync Pending,Awaiting Sync,Varies by Plan,
151014,HSBC Gilt Fund,HSBC Mutual Fund,Hybrid Schemes - Multi Asset Allocation Fund,Multi Asset,77.4556,07-Sep-2026,2.97,6.05,,2.87,-0.157,-5.17,,,Sync Pending,Factual Registry,Varies by Plan,1.35
120520,Invesco India Gilt Fund,Invesco Mutual Fund,Hybrid Schemes - Multi Asset Allocation Fund,Multi Asset,3234.2789,07-Sep-2026,3.77,6.71,5.75,127.37,0.002,-229.27,,,Sync Pending,Factual Registry,Varies by Plan,-8.32
120282,LIC MF Gilt Fund,LIC Mutual Fund,Hybrid Schemes - Multi Asset Allocation Fund,Multi Asset,66.8537,07-Sep-2026,3.08,5.55,4.93,3.58,-0.265,-6.44,,,Sync Pending,Factual Registry,Varies by Plan,2.02
119953,Tata Gilt Fund,Tata Mutual Fund,Hybrid Schemes - Multi Asset Allocation Fund,Multi Asset,90.7509,07-Sep-2026,4.19,6.63,5.98,4.1,0.032,-7.38,,,Sync Pending,Factual Registry,Varies by Plan,4.2
120792,UTI - Gilt Fund,UTI Mutual Fund,Hybrid Schemes - Multi Asset Allocation Fund,Multi Asset,68.2194,07-Sep-2026,5.51,6.71,5.74,3.78,0.056,-6.8,,,Sync Pending,Factual Registry,Varies by Plan,4.31
125345,360 ONE Liquid Fund,360 ONE Mutual Fund,Hybrid Schemes - Multi Asset Allocation Fund,Multi Asset,2172.963,07-Sep-2026,6.33,6.78,6.17,0.2,1.4,-0.36,,,Sync Pending,Factual Registry,Varies by Plan,11.54
154051,Abakkus Liquid Fund,Abakkus Mutual Fund,Hybrid Schemes - Multi Asset Allocation Fund,Multi Asset,104.4318,07-Sep-2026,,,,,,,,,Sync Pending,Awaiting Sync,Varies by Plan,
154589,ASK Liquid Fund,ASK Mutual Fund,Hybrid Schemes - Multi Asset Allocation Fund,Multi Asset,1002.4144,07-Sep-2026,,,,,,,,,Sync Pending,Awaiting Sync,Varies by Plan,
120389,Axis Liquid Fund,Axis Mutual Fund,Hybrid Schemes - Multi Asset Allocation Fund,Multi Asset,3159.9122,07-Sep-2026,6.63,7.03,6.39,0.16,3.313,-0.29,,,Sync Pending,Factual Registry,Varies by Plan,21.28
118305,Canara Robeco Liquid Fund,Canara Robeco Mutual Fund,Hybrid Schemes - Multi Asset Allocation Fund,Multi Asset,3402.8488,07-Sep-2026,6.53,6.98,6.34,0.17,2.824,-0.31,,,Sync Pending,Factual Registry,Varies by Plan,18.8
119125,DSP Liquid Fund,DSP Mutual Fund,Hybrid Schemes - Multi Asset Allocation Fund,Multi Asset,4061.6563,07-Sep-2026,6.59,7.0,6.36,0.2,2.5,-0.36,,,Sync Pending,Factual Registry,Varies by Plan,17.19
119135,Groww Liquid Fund,Groww Mutual Fund,Hybrid Schemes - Multi Asset Allocation Fund,Multi Asset,2752.4302,07-Sep-2026,6.54,7.0,6.25,0.18,2.778,-0.32,,,Sync Pending,Factual Registry,Varies by Plan,18.55
120537,Invesco India Liquid Fund,Invesco Mutual Fund,Hybrid Schemes - Multi Asset Allocation Fund,Multi Asset,3897.154,07-Sep-2026,6.54,6.97,6.33,0.21,2.238,-0.38,,,Sync Pending,Factual Registry,Varies by Plan,15.86
139390,Invesco India Liquid Fund,Invesco Mutual Fund,Hybrid Schemes - Multi Asset Allocation Fund,Multi Asset,1000.0,07-Sep-2026,,,,,,,,,Sync Pending,Awaiting Sync,Varies by Plan,
139389,Invesco India Liquid Fund,Invesco Mutual Fund,Hybrid Schemes - Multi Asset Allocation Fund,Multi Asset,1847.173,07-Sep-2026,6.54,6.97,6.33,0.18,2.611,-0.32,,,Sync Pending,Factual Registry,Varies by Plan,17.72
139388,Invesco India Liquid Fund,Invesco Mutual Fund,Hybrid Schemes - Multi Asset Allocation Fund,Multi Asset,1000.0,07-Sep-2026,,,,,,,,,Sync Pending,Awaiting Sync,Varies by Plan,
139387,Invesco India Liquid Fund,Invesco Mutual Fund,Hybrid Schemes - Multi Asset Allocation Fund,Multi Asset,1846.7564,07-Sep-2026,6.54,6.97,6.33,0.18,2.611,-0.32,,,Sync Pending,Factual Registry,Varies by Plan,17.72
153651,JioBlackRock Liquid Fund,Jio BlackRock Mutual Fund,Hybrid Schemes - Multi Asset Allocation Fund,Multi Asset,1077.0175,07-Sep-2026,6.6,,,0.18,,-0.32,,,Sync Pending,Awaiting Sync,Varies by Plan,
120406,JM Liquid Fund,JM Financial Mutual Fund,Hybrid Schemes - Multi Asset Allocation Fund,Multi Asset,77.4523,07-Sep-2026,6.43,6.89,6.29,0.19,2.053,-0.34,,,Sync Pending,Factual Registry,Varies by Plan,14.89
148414,JM Liquid Fund,JM Financial Mutual Fund,Hybrid Schemes - Multi Asset Allocation Fund,Multi Asset,41.4437,07-Sep-2026,,,,,,,,,Sync Pending,Awaiting Sync,Varies by Plan,
148413,JM Liquid Fund,JM Financial Mutual Fund,Hybrid Schemes - Multi Asset Allocation Fund,Multi Asset,41.4437,07-Sep-2026,,,,,,,,,Sync Pending,Awaiting Sync,Varies by Plan,
119766,Kotak Liquid Fund,Kotak Mahindra Mutual Fund,Hybrid Schemes - Multi Asset Allocation Fund,Multi Asset,5736.7654,07-Sep-2026,6.54,6.97,6.33,113.2,0.004,-203.76,,,Sync Pending,Factual Registry,Varies by Plan,-6.61
139538,Mahindra Manulife Liquid Fund,Mahindra Manulife Mutual Fund,Hybrid Schemes - Multi Asset Allocation Fund,Multi Asset,1849.7598,07-Sep-2026,6.59,7.0,6.39,0.23,2.174,-0.41,,,Sync Pending,Factual Registry,Varies by Plan,15.56
118859,Mirae Asset Liquid Fund,Mirae Asset Mutual Fund,Hybrid Schemes - Multi Asset Allocation Fund,Multi Asset,2997.3245,07-Sep-2026,6.47,6.96,6.34,0.2,2.3,-0.36,,,Sync Pending,Factual Registry,Varies by Plan,16.17
120304,UTI - Liquid Fund,UTI Mutual Fund,Hybrid Schemes - Multi Asset Allocation Fund,Multi Asset,465.5828,07-Sep-2026,-89.34,-50.34,-32.89,54.43,-1.044,-97.97,,,Sync Pending,Factual Registry,Varies by Plan,-40.67
145971,WhiteOak Capital Liquid Fund,WhiteOak Capital Mutual Fund,Hybrid Schemes - Multi Asset Allocation Fund,Multi Asset,1519.7154,07-Sep-2026,6.46,6.88,6.17,0.21,1.81,-0.38,,,Sync Pending,Factual Registry,Varies by Plan,13.63
150484,Aditya Birla Sun Life Long Term Fund,Aditya Birla Sun Life Mutual Fund,Hybrid Schemes - Multi Asset Allocation Fund,Multi Asset,13.4181,07-Sep-2026,4.07,6.72,,3.09,0.071,-5.56,,,Sync Pending,Factual Registry,Varies by Plan,2.73
151179,Axis Long Term Fund,Axis Mutual Fund,Hybrid Schemes - Multi Asset Allocation Fund,Multi Asset,1261.5357,07-Sep-2026,3.06,5.85,,4.02,-0.162,-7.24,,,Sync Pending,Factual Registry,Varies by Plan,1.13
152520,BANDHAN LONG TERM FUND,Bandhan Mutual Fund,Hybrid Schemes - Multi Asset Allocation Fund,Multi Asset,11.4327,07-Sep-2026,4.4,,,4.0,,-7.2,,,Sync Pending,Awaiting Sync,Varies by Plan,
153102,Franklin India Long Term Fund,Franklin Templeton Mutual Fund,Hybrid Schemes - Multi Asset Allocation Fund,Multi Asset,10.8973,07-Sep-2026,5.51,,,3.48,,-6.26,,,Sync Pending,Awaiting Sync,Varies by Plan,
151313,HDFC Long Term Fund,HDFC Mutual Fund,Hybrid Schemes - Multi Asset Allocation Fund,Multi Asset,12.531,07-Sep-2026,2.89,5.94,,4.13,-0.136,-7.43,,,Sync Pending,Factual Registry,Varies by Plan,1.28
120743,ICICI Prudential Long Term Fund,ICICI Prudential Mutual Fund,Hybrid Schemes - Multi Asset Allocation Fund,Multi Asset,101.2802,07-Sep-2026,3.57,6.71,5.5,4.49,0.047,-8.08,,,Sync Pending,Factual Registry,Varies by Plan,4.12
152491,Kotak Long Term Fund,Kotak Mahindra Mutual Fund,Hybrid Schemes - Multi Asset Allocation Fund,Multi Asset,11.2281,07-Sep-2026,3.29,,,4.37,,-7.87,,,Sync Pending,Awaiting Sync,Varies by Plan,
153105,Mirae Asset Long Term Fund,Mirae Asset Mutual Fund,Hybrid Schemes - Multi Asset Allocation Fund,Multi Asset,10.5112,07-Sep-2026,2.61,,,4.25,,-7.65,,,Sync Pending,Awaiting Sync,Varies by Plan,
143704,Nippon India Nivesh Lakshya Long Term Fund,Nippon India Mutual Fund,Hybrid Schemes - Multi Asset Allocation Fund,Multi Asset,18.6963,07-Sep-2026,3.19,6.38,5.94,4.67,-0.026,-8.41,,,Sync Pending,Factual Registry,Varies by Plan,3.74
151214,SBI Long Term Fund,SBI Mutual Fund,Hybrid Schemes - Multi Asset Allocation Fund,Multi Asset,12.7376,07-Sep-2026,2.99,6.15,,3.72,-0.094,-6.7,,,Sync Pending,Factual Registry,Varies by Plan,1.62
151523,UTI Long Term Fund,UTI Mutual Fund,Hybrid Schemes - Multi Asset Allocation Fund,Multi Asset,12.2816,07-Sep-2026,2.58,5.56,,3.87,-0.243,-6.97,,,Sync Pending,Factual Registry,Varies by Plan,0.62
119539,Aditya Birla Sun Life Medium Term Fund,Aditya Birla Sun Life Mutual Fund,Hybrid Schemes - Multi Asset Allocation Fund,Multi Asset,48.094,07-Sep-2026,9.56,10.67,12.76,5.49,0.76,-9.88,,,Sync Pending,Factual Registry,Varies by Plan,11.35
120475,Axis Medium Term Fund,Axis Mutual Fund,Hybrid Schemes - Multi Asset Allocation Fund,Multi Asset,33.4087,07-Sep-2026,7.22,8.47,7.39,2.51,0.785,-4.52,,,Sync Pending,Factual Registry,Varies by Plan,9.28
118401,Bandhan Medium Term Fund,Bandhan Mutual Fund,Hybrid Schemes - Multi Asset Allocation Fund,Multi Asset,53.3452,07-Sep-2026,6.34,7.54,6.0,1.98,0.525,-3.56,,,Sync Pending,Factual Registry,Varies by Plan,7.24
118924,DSP Medium Term Fund,DSP Mutual Fund,Hybrid Schemes - Multi Asset Allocation Fund,Multi Asset,92.561,07-Sep-2026,5.48,7.38,6.28,2.85,0.309,-5.13,,,Sync Pending,Factual Registry,Varies by Plan,6.1
119081,HDFC Medium Term Fund,HDFC Mutual Fund,Hybrid Schemes - Multi Asset Allocation Fund,Multi Asset,66.1042,07-Sep-2026,7.09,7.98,6.82,1.75,0.846,-3.15,,,Sync Pending,Factual Registry,Varies by Plan,9.29
151146,HSBC Medium Term Fund,HSBC Mutual Fund,Hybrid Schemes - Multi Asset Allocation Fund,Multi Asset,23.9268,07-Sep-2026,6.06,7.86,,1.19,1.143,-2.14,,,Sync Pending,Factual Registry,Varies by Plan,8.74
120670,ICICI Prudential Medium Term Fund,ICICI Prudential Mutual Fund,Hybrid Schemes - Multi Asset Allocation Fund,Multi Asset,53.8559,07-Sep-2026,8.05,8.56,7.44,1.93,1.067,-3.47,,,Sync Pending,Factual Registry,Varies by Plan,10.8
149011,Invesco India Medium Term Fund,Invesco Mutual Fund,Hybrid Schemes - Multi Asset Allocation Fund,Multi Asset,1362.0987,07-Sep-2026,5.48,7.32,6.06,1.45,0.566,-2.61,,,Sync Pending,Factual Registry,Varies by Plan,7.43
130050,Nippon India Medium Term Fund (Existing Number of Segregated Portfolios - 1),Nippon India Mutual Fund,Hybrid Schemes - Multi Asset Allocation Fund,Multi Asset,18.403,07-Sep-2026,6.6,8.49,6.86,9.62,0.207,-17.32,,,Sync Pending,Factual Registry,Varies by Plan,5.53
148080,Nippon India Medium Term Fund (Existing Number of Segregated Portfolios - 1),Nippon India Mutual Fund,Hybrid Schemes - Multi Asset Allocation Fund,Multi Asset,0.1886,27-Jan-2022,339.63,,,102.71,,-184.88,,,Sync Pending,Awaiting Sync,Varies by Plan,
148285,Nippon India Medium Term Fund (Existing Number of Segregated Portfolios - 1),Nippon India Mutual Fund,Hybrid Schemes - Multi Asset Allocation Fund,Multi Asset,0.0,07-Sep-2026,,,,,,,,,Sync Pending,Awaiting Sync,Varies by Plan,
119824,SBI MEDIUM TERM FUND,SBI Mutual Fund,Hybrid Schemes - Multi Asset Allocation Fund,Multi Asset,59.85,07-Sep-2026,7.26,7.91,6.89,2.54,0.555,-4.57,,,Sync Pending,Factual Registry,Varies by Plan,7.75
119675,Sundaram Medium Term Fund (Formerly Known as Sundaram Medium Duration Fund),Sundaram Mutual Fund,Hybrid Schemes - Multi Asset Allocation Fund,Multi Asset,80.9093,07-Sep-2026,4.32,6.15,4.95,2.93,-0.119,-5.27,,,Sync Pending,Factual Registry,Varies by Plan,3.06
134503,UTI Medium Term Fund,UTI Mutual Fund,Hybrid Schemes - Multi Asset Allocation Fund,Multi Asset,20.8172,07-Sep-2026,5.55,7.07,6.68,2.14,0.266,-3.85,,,Sync Pending,Factual Registry,Varies by Plan,5.95
119657,Aditya Birla Sun Life Medium to Long Term Fund,Aditya Birla Sun Life Mutual Fund,Hybrid Schemes - Multi Asset Allocation Fund,Multi Asset,140.7056,07-Sep-2026,4.2,6.32,5.58,3.7,-0.049,-6.66,,,Sync Pending,Factual Registry,Varies by Plan,3.59
118394,Bandhan Medium to Long Term Fund,Bandhan Mutual Fund,Hybrid Schemes - Multi Asset Allocation Fund,Multi Asset,74.9855,07-Sep-2026,6.13,6.62,5.28,3.57,0.034,-6.43,,,Sync Pending,Factual Registry,Varies by Plan,4.04
118282,Canara Robeco Medium To Long Term Fund,Canara Robeco Mutual Fund,Hybrid Schemes - Multi Asset Allocation Fund,Multi Asset,64.7398,07-Sep-2026,3.95,6.38,5.4,2.95,-0.041,-5.31,,,Sync Pending,Factual Registry,Varies by Plan,3.67
152851,Franklin India Medium to Long Term Fund,Franklin Templeton Mutual Fund,Hybrid Schemes - Multi Asset Allocation Fund,Multi Asset,11.3255,07-Sep-2026,5.69,,,1.86,,-3.35,,,Sync Pending,Awaiting Sync,Varies by Plan,
119069,HDFC Medium to Long Term Fund,HDFC Mutual Fund,Hybrid Schemes - Multi Asset Allocation Fund,Multi Asset,67.4693,07-Sep-2026,4.78,6.9,5.85,3.47,0.115,-6.25,,,Sync Pending,Factual Registry,Varies by Plan,4.74
120059,HSBC Medium to Long Term Fund,HSBC Mutual Fund,Hybrid Schemes - Multi Asset Allocation Fund,Multi Asset,48.8901,07-Sep-2026,3.84,6.59,5.28,3.32,0.027,-5.98,,,Sync Pending,Factual Registry,Varies by Plan,4.02
120619,ICICI Prudential Medium to Long Term Fund,ICICI Prudential Mutual Fund,Hybrid Schemes - Multi Asset Allocation Fund,Multi Asset,44.9979,07-Sep-2026,5.47,7.35,6.41,3.14,0.271,-5.65,,,Sync Pending,Factual Registry,Varies by Plan,5.9
120430,JM Medium to Long Term Fund,JM Financial Mutual Fund,Hybrid Schemes - Multi Asset Allocation Fund,Multi Asset,72.3951,07-Sep-2026,4.2,6.82,5.44,4.16,0.077,-7.49,,,Sync Pending,Factual Registry,Varies by Plan,4.33
119735,Kotak Medium to Long Term Fund,Kotak Mahindra Mutual Fund,Hybrid Schemes - Multi Asset Allocation Fund,Multi Asset,90.9046,07-Sep-2026,5.52,7.28,6.23,3.65,0.214,-6.57,,,Sync Pending,Factual Registry,Varies by Plan,5.49
120279,LIC MF Medium to Long Term Fund,LIC Mutual Fund,Hybrid Schemes - Multi Asset Allocation Fund,Multi Asset,82.2595,07-Sep-2026,5.4,7.42,6.3,2.67,0.345,-4.81,,,Sync Pending,Factual Registry,Varies by Plan,6.32
118687,Nippon India Medium to Long Term Fund,Nippon India Mutual Fund,Hybrid Schemes - Multi Asset Allocation Fund,Multi Asset,104.9025,07-Sep-2026,5.11,6.78,6.14,3.56,0.079,-6.41,,,Sync Pending,Factual Registry,Varies by Plan,4.59
119714,SBI MEDIUM TO LONG TERM FUND,SBI Mutual Fund,Hybrid Schemes - Multi Asset Allocation Fund,Multi Asset,80.4391,07-Sep-2026,5.29,7.01,6.26,3.02,0.169,-5.44,,,Sync Pending,Factual Registry,Varies by Plan,5.22
120689,UTI Medium to Long Term Fund,UTI Mutual Fund,Hybrid Schemes - Multi Asset Allocation Fund,Multi Asset,83.4908,07-Sep-2026,4.36,6.44,8.57,4.62,-0.013,-8.32,,,Sync Pending,Factual Registry,Varies by Plan,4.62
119511,Aditya Birla Sun Life Money Market Fund,Aditya Birla Sun Life Mutual Fund,Hybrid Schemes - Multi Asset Allocation Fund,Multi Asset,405.518,07-Sep-2026,6.67,7.46,6.75,0.53,1.811,-0.95,,,Sync Pending,Factual Registry,Varies by Plan,14.01
147567,Axis Money Market Fund,Axis Mutual Fund,Hybrid Schemes - Multi Asset Allocation Fund,Multi Asset,1562.9614,07-Sep-2026,6.71,7.49,6.76,0.63,1.571,-1.13,,,Sync Pending,Factual Registry,Varies by Plan,12.82
151889,Bajaj Finserv Money Market Fund,Bajaj Finserv Mutual Fund,Hybrid Schemes - Multi Asset Allocation Fund,Multi Asset,1255.333,07-Sep-2026,6.64,7.42,,0.45,2.044,-0.81,,,Sync Pending,Factual Registry,Varies by Plan,13.14
119106,DSP Money Market Fund,DSP Mutual Fund,Hybrid Schemes - Multi Asset Allocation Fund,Multi Asset,58.6594,07-Sep-2026,6.7,7.28,6.45,0.81,0.963,-1.46,,,Sync Pending,Factual Registry,Varies by Plan,9.58
153982,Groww Money Market Fund,Groww Mutual Fund,Hybrid Schemes - Multi Asset Allocation Fund,Multi Asset,10.4826,07-Sep-2026,,,,,,,,,Sync Pending,Awaiting Sync,Varies by Plan,
151054,HSBC Money Market Fund,HSBC Mutual Fund,Hybrid Schemes - Multi Asset Allocation Fund,Multi Asset,29.9184,07-Sep-2026,6.59,7.35,,0.4,2.125,-0.72,,,Sync Pending,Factual Registry,Varies by Plan,13.53
120507,Invesco India Money Market Fund,Invesco Mutual Fund,Hybrid Schemes - Multi Asset Allocation Fund,Multi Asset,3404.4452,07-Sep-2026,6.58,7.29,6.45,127.28,0.006,-229.1,,,Sync Pending,Factual Registry,Varies by Plan,-7.85
153649,JioBlackRock Money Market Fund,Jio BlackRock Mutual Fund,Hybrid Schemes - Multi Asset Allocation Fund,Multi Asset,1076.8065,07-Sep-2026,6.58,,,0.49,,-0.88,,,Sync Pending,Awaiting Sync,Varies by Plan,
119746,Kotak Money Market Fund,Kotak Mahindra Mutual Fund,Hybrid Schemes - Multi Asset Allocation Fund,Multi Asset,4902.594,07-Sep-2026,6.67,7.43,6.7,121.38,0.008,-218.48,,,Sync Pending,Factual Registry,Varies by Plan,-7.12
149112,Mirae Asset Money Market Fund,Mirae Asset Mutual Fund,Hybrid Schemes - Multi Asset Allocation Fund,Multi Asset,1381.0104,07-Sep-2026,6.56,7.45,6.59,0.38,2.5,-0.68,,,Sync Pending,Factual Registry,Varies by Plan,17.42
119821,SBI Money Market Fund,SBI Mutual Fund,Hybrid Schemes - Multi Asset Allocation Fund,Multi Asset,48.0225,07-Sep-2026,6.51,7.36,6.65,0.52,1.654,-0.94,,,Sync Pending,Factual Registry,Varies by Plan,13.16
153703,360 ONE Overnight Fund,360 ONE Mutual Fund,Hybrid Schemes - Multi Asset Allocation Fund,Multi Asset,1062.7109,07-Sep-2026,5.35,,,0.11,,-0.2,,,Sync Pending,Awaiting Sync,Varies by Plan,
146675,Axis Overnight Fund,Axis Mutual Fund,Hybrid Schemes - Multi Asset Allocation Fund,Multi Asset,1457.9564,07-Sep-2026,5.34,6.12,5.74,0.13,-2.923,-0.23,,,Sync Pending,Factual Registry,Varies by Plan,-10.46
147531,Canara Robeco Overnight Fund,Canara Robeco Mutual Fund,Hybrid Schemes - Multi Asset Allocation Fund,Multi Asset,1421.5866,07-Sep-2026,5.26,6.01,5.64,0.19,-2.579,-0.34,,,Sync Pending,Factual Registry,Varies by Plan,-8.82
154413,Choice Overnight Fund,Choice Mutual Fund,Hybrid Schemes - Multi Asset Allocation Fund,Multi Asset,100.9066,07-Sep-2026,,,,,,,,,Sync Pending,Awaiting Sync,Varies by Plan,
147450,Groww Overnight Fund,Groww Mutual Fund,Hybrid Schemes - Multi Asset Allocation Fund,Multi Asset,1418.2775,07-Sep-2026,5.2,6.02,5.57,0.13,-3.692,-0.23,,,Sync Pending,Factual Registry,Varies by Plan,-14.39
152152,Helios Overnight Fund,Helios Mutual Fund,Hybrid Schemes - Multi Asset Allocation Fund,Multi Asset,1180.634,07-Sep-2026,5.16,,,0.21,,-0.38,,,Sync Pending,Awaiting Sync,Varies by Plan,
147287,HSBC Overnight Fund,HSBC Mutual Fund,Hybrid Schemes - Multi Asset Allocation Fund,Multi Asset,1441.182,07-Sep-2026,5.31,6.09,5.72,0.13,-3.154,-0.23,,,Sync Pending,Factual Registry,Varies by Plan,-11.63
147883,Invesco India Overnight Fund,Invesco Mutual Fund,Hybrid Schemes - Multi Asset Allocation Fund,Multi Asset,1391.5119,07-Sep-2026,5.31,6.09,5.7,0.13,-3.154,-0.23,,,Sync Pending,Factual Registry,Varies by Plan,-11.64
153650,JioBlackRock Overnight Fund,Jio BlackRock Mutual Fund,Hybrid Schemes - Multi Asset Allocation Fund,Multi Asset,1063.4534,07-Sep-2026,5.3,,,0.1,,-0.18,,,Sync Pending,Awaiting Sync,Varies by Plan,
147837,JM Overnight Fund,JM Financial Mutual Fund,Hybrid Schemes - Multi Asset Allocation Fund,Multi Asset,1394.7187,07-Sep-2026,5.11,5.98,5.63,159.98,-0.003,-287.96,,,Sync Pending,Factual Registry,Varies by Plan,-11.93
149829,JM Overnight Fund,JM Financial Mutual Fund,Hybrid Schemes - Multi Asset Allocation Fund,Multi Asset,1394.7414,07-Sep-2026,5.11,5.98,,0.12,-4.333,-0.22,,,Sync Pending,Factual Registry,Varies by Plan,-19.29
149826,JM Overnight Fund,JM Financial Mutual Fund,Hybrid Schemes - Multi Asset Allocation Fund,Multi Asset,1073.9936,07-Sep-2026,,,,,,,,,Sync Pending,Awaiting Sync,Varies by Plan,
147736,Mirae Asset Overnight Fund,Mirae Asset Mutual Fund,Hybrid Schemes - Multi Asset Allocation Fund,Multi Asset,1412.4044,07-Sep-2026,5.31,6.1,5.73,0.13,-3.077,-0.23,,,Sync Pending,Factual Registry,Varies by Plan,-11.24
150369,NJ Overnight Fund,NJ Mutual Fund,Hybrid Schemes - Multi Asset Allocation Fund,Multi Asset,1274.3215,07-Sep-2026,5.23,6.02,,0.18,-2.667,-0.32,,,Sync Pending,Factual Registry,Varies by Plan,-10.95
154654,DSP Financial Services Sectoral Debt Fund,DSP Mutual Fund,Income/Debt Oriented Schemes - Sectoral Fund,Sectoral,10.0379,07-Sep-2026,,,,,,,,,Sync Pending,Awaiting Sync,Varies by Plan,
120510,Axis Short Term Fund,Axis Mutual Fund,Income/Debt Oriented Schemes - Sectoral Fund,Sectoral,36.3328,07-Sep-2026,6.3,7.84,6.81,1.46,0.918,-2.63,,,Sync Pending,Factual Registry,Varies by Plan,9.62
118407,Bandhan Short Term Fund,Bandhan Mutual Fund,Income/Debt Oriented Schemes - Sectoral Fund,Sectoral,65.8989,07-Sep-2026,6.67,7.81,6.5,1.45,0.903,-2.61,,,Sync Pending,Factual Registry,Varies by Plan,9.44
119382,BANK OF INDIA SHORT TERM FUND,Bank of India Mutual Fund,Income/Debt Oriented Schemes - Sectoral Fund,Sectoral,31.131,07-Sep-2026,5.76,7.74,10.83,6.19,0.2,-11.14,,,Sync Pending,Factual Registry,Varies by Plan,6.73
119400,Baroda BNP Paribas Short Term Fund (the scheme has 2 segregated portfolios),Baroda BNP Paribas Mutual Fund,Income/Debt Oriented Schemes - Sectoral Fund,Sectoral,33.9873,07-Sep-2026,5.83,7.55,6.54,1.21,0.868,-2.18,,,Sync Pending,Factual Registry,Varies by Plan,9.2
154673,Baroda BNP Paribas Short Term Fund (the scheme has 2 segregated portfolios),Baroda BNP Paribas Mutual Fund,Income/Debt Oriented Schemes - Sectoral Fund,Sectoral,0.0,07-Sep-2026,,,,,,,,,Sync Pending,Awaiting Sync,Varies by Plan,
118320,Canara Robeco Short Term Fund,Canara Robeco Mutual Fund,Income/Debt Oriented Schemes - Sectoral Fund,Sectoral,29.6352,07-Sep-2026,5.82,7.13,6.06,1.27,0.496,-2.29,,,Sync Pending,Factual Registry,Varies by Plan,7.02
154541,Franklin India Short Term Fund,Franklin Templeton Mutual Fund,Income/Debt Oriented Schemes - Sectoral Fund,Sectoral,10.0522,07-Sep-2026,,,,,,,,,Sync Pending,Awaiting Sync,Varies by Plan,
123704,Groww Short Term Fund,Groww Mutual Fund,Income/Debt Oriented Schemes - Sectoral Fund,Sectoral,2563.7545,07-Sep-2026,5.96,7.6,6.18,1.02,1.078,-1.84,,,Sync Pending,Factual Registry,Varies by Plan,10.18
119016,HDFC Short Term Fund,HDFC Mutual Fund,Income/Debt Oriented Schemes - Sectoral Fund,Sectoral,35.4511,07-Sep-2026,6.0,7.59,6.62,1.33,0.82,-2.39,,,Sync Pending,Factual Registry,Varies by Plan,8.99
120560,Invesco India Short Term Fund,Invesco Mutual Fund,Income/Debt Oriented Schemes - Sectoral Fund,Sectoral,4205.6348,07-Sep-2026,5.58,7.39,6.2,127.29,0.007,-229.12,,,Sync Pending,Factual Registry,Varies by Plan,-7.88
154079,JioBlackRock Short Term Fund,Jio BlackRock Mutual Fund,Income/Debt Oriented Schemes - Sectoral Fund,Sectoral,1039.9332,07-Sep-2026,,,,,,,,,Sync Pending,Awaiting Sync,Varies by Plan,
150545,JM Short Term Fund,JM Financial Mutual Fund,Income/Debt Oriented Schemes - Sectoral Fund,Sectoral,13.16,07-Sep-2026,5.71,7.24,,0.86,0.86,-1.55,,,Sync Pending,Factual Registry,Varies by Plan,7.11
119739,Kotak Short Term Fund,Kotak Mahindra Mutual Fund,Income/Debt Oriented Schemes - Sectoral Fund,Sectoral,61.4067,07-Sep-2026,5.84,7.52,6.49,1.76,0.58,-3.17,,,Sync Pending,Factual Registry,Varies by Plan,7.68
145954,LIC MF Short Term Fund,LIC Mutual Fund,Income/Debt Oriented Schemes - Sectoral Fund,Sectoral,16.6892,07-Sep-2026,6.01,7.6,6.31,1.35,0.815,-2.43,,,Sync Pending,Factual Registry,Varies by Plan,8.87
148729,Mahindra Manulife Short Term Fund,Mahindra Manulife Mutual Fund,Income/Debt Oriented Schemes - Sectoral Fund,Sectoral,14.3081,07-Sep-2026,6.25,7.84,6.65,0.92,1.457,-1.66,,,Sync Pending,Factual Registry,Varies by Plan,12.32
142641,Mirae Asset Short Term Fund,Mirae Asset Mutual Fund,Income/Debt Oriented Schemes - Sectoral Fund,Sectoral,17.8594,07-Sep-2026,5.76,7.49,6.44,1.34,0.739,-2.41,,,Sync Pending,Factual Registry,Varies by Plan,8.49
118796,Nippon India Short Term Fund,Nippon India Mutual Fund,Income/Debt Oriented Schemes - Sectoral Fund,Sectoral,61.6587,07-Sep-2026,6.2,7.77,6.73,1.43,0.888,-2.57,,,Sync Pending,Factual Registry,Varies by Plan,9.42
119816,SBI SHORT TERM FUND,SBI Mutual Fund,Income/Debt Oriented Schemes - Sectoral Fund,Sectoral,36.5126,07-Sep-2026,5.66,7.41,6.42,1.37,0.664,-2.47,,,Sync Pending,Factual Registry,Varies by Plan,8.07
149587,Sundaram Short Term Fund (Formerly Known as Sundaram Short Duration Fund),Sundaram Mutual Fund,Income/Debt Oriented Schemes - Sectoral Fund,Sectoral,51.3588,07-Sep-2026,5.98,7.53,,0.89,1.157,-1.6,,,Sync Pending,Factual Registry,Varies by Plan,8.71
119949,Tata Short Term Fund,Tata Mutual Fund,Income/Debt Oriented Schemes - Sectoral Fund,Sectoral,56.5588,07-Sep-2026,5.72,7.31,6.35,1.75,0.463,-3.15,,,Sync Pending,Factual Registry,Varies by Plan,6.97
120718,UTI Short Term Fund,UTI Mutual Fund,Income/Debt Oriented Schemes - Sectoral Fund,Sectoral,36.124,07-Sep-2026,5.78,7.47,7.56,3.37,0.288,-6.07,,,Sync Pending,Factual Registry,Varies by Plan,6.36
119501,Aditya Birla Sun Life Ultra Short Term Fund,Aditya Birla Sun Life Mutual Fund,Income/Debt Oriented Schemes - Sectoral Fund,Sectoral,604.0308,07-Sep-2026,6.78,7.53,6.75,0.65,1.585,-1.17,,,Sync Pending,Factual Registry,Varies by Plan,12.9
144754,Axis Ultra Short Term Fund,Axis Mutual Fund,Income/Debt Oriented Schemes - Sectoral Fund,Sectoral,16.9192,07-Sep-2026,6.89,7.48,6.77,0.52,1.885,-0.94,,,Sync Pending,Factual Registry,Varies by Plan,14.4
144173,BANDHAN ULTRA SHORT TERM FUND,Bandhan Mutual Fund,Income/Debt Oriented Schemes - Sectoral Fund,Sectoral,16.6265,07-Sep-2026,6.61,7.19,6.44,0.52,1.327,-0.94,,,Sync Pending,Factual Registry,Varies by Plan,11.39
119379,BANK OF INDIA ULTRA SHORT TERM FUND,Bank of India Mutual Fund,Income/Debt Oriented Schemes - Sectoral Fund,Sectoral,3528.9956,07-Sep-2026,6.6,6.94,6.22,0.54,0.815,-0.97,,,Sync Pending,Factual Registry,Varies by Plan,8.66
143508,Baroda BNP Paribas Ultra Short Term Fund,Baroda BNP Paribas Mutual Fund,Income/Debt Oriented Schemes - Sectoral Fund,Sectoral,1687.8852,07-Sep-2026,6.7,7.28,6.64,0.52,1.5,-0.94,,,Sync Pending,Factual Registry,Varies by Plan,12.35
118317,Canara Robeco Ultra Short Term Fund,Canara Robeco Mutual Fund,Income/Debt Oriented Schemes - Sectoral Fund,Sectoral,4362.2365,07-Sep-2026,6.65,7.1,6.3,0.46,1.304,-0.83,,,Sync Pending,Factual Registry,Varies by Plan,11.2
119205,DSP Ultra Short Term Fund,DSP Mutual Fund,Income/Debt Oriented Schemes - Sectoral Fund,Sectoral,4005.4197,07-Sep-2026,6.83,7.46,6.65,0.59,1.627,-1.06,,,Sync Pending,Factual Registry,Varies by Plan,13.06
154621,Edelweiss Ultra Short Term Fund,Edelweiss Mutual Fund,Income/Debt Oriented Schemes - Sectoral Fund,Sectoral,1003.8982,07-Sep-2026,,,,,,,,,Sync Pending,Awaiting Sync,Varies by Plan,
152825,Franklin India Ultra Short Term Fund,Franklin Templeton Mutual Fund,Income/Debt Oriented Schemes - Sectoral Fund,Sectoral,11.5254,07-Sep-2026,6.65,,,0.42,,-0.76,,,Sync Pending,Awaiting Sync,Varies by Plan,
120541,Invesco India Ultra Short Term Fund,Invesco Mutual Fund,Income/Debt Oriented Schemes - Sectoral Fund,Sectoral,3114.8559,07-Sep-2026,6.85,7.38,6.61,127.28,0.007,-229.1,,,Sync Pending,Factual Registry,Varies by Plan,-7.76
148913,ITI Ultra Short Term Fund,ITI Mutual Fund,Income/Debt Oriented Schemes - Sectoral Fund,Sectoral,1380.0094,07-Sep-2026,6.57,7.11,6.37,0.33,1.848,-0.59,,,Sync Pending,Factual Registry,Varies by Plan,13.96
119750,Kotak Ultra Short Term Fund,Kotak Mahindra Mutual Fund,Income/Debt Oriented Schemes - Sectoral Fund,Sectoral,48.5027,07-Sep-2026,6.65,7.26,6.57,0.58,1.31,-1.04,,,Sync Pending,Factual Registry,Varies by Plan,11.37
147772,LIC MF Ultra Short Term Fund,LIC Mutual Fund,Income/Debt Oriented Schemes - Sectoral Fund,Sectoral,1460.0807,07-Sep-2026,6.81,7.25,6.3,0.53,1.415,-0.95,,,Sync Pending,Factual Registry,Varies by Plan,11.81
147731,Mahindra Manulife Ultra Short Term Fund,Mahindra Manulife Mutual Fund,Income/Debt Oriented Schemes - Sectoral Fund,Sectoral,1523.2379,07-Sep-2026,6.75,7.33,6.59,0.47,1.766,-0.85,,,Sync Pending,Factual Registry,Varies by Plan,13.69
148529,Mirae Asset Ultra Short-Term Fund,Mirae Asset Mutual Fund,Income/Debt Oriented Schemes - Sectoral Fund,Sectoral,1430.7615,07-Sep-2026,6.81,7.46,6.68,0.35,2.743,-0.63,,,Sync Pending,Factual Registry,Varies by Plan,18.67
147675,Nippon India Ultra Short Term Fund,Nippon India Mutual Fund,Income/Debt Oriented Schemes - Sectoral Fund,Sectoral,0.0,10-Mar-2022,,,,,,,,,Sync Pending,Awaiting Sync,Varies by Plan,
143494,Nippon India Ultra Short Term Fund,Nippon India Mutual Fund,Income/Debt Oriented Schemes - Sectoral Fund,Sectoral,4819.2636,07-Sep-2026,7.08,7.61,6.98,2.1,0.529,-3.78,,,Sync Pending,Factual Registry,Varies by Plan,7.57
138358,PGIM India Ultra Short Term Fund,PGIM India Mutual Fund,Income/Debt Oriented Schemes - Sectoral Fund,Sectoral,38.3632,07-Sep-2026,6.38,7.11,6.45,16.21,0.038,-29.18,,,Sync Pending,Factual Registry,Varies by Plan,3.35
119828,SBI ULTRA SHORT TERM FUND,SBI Mutual Fund,Income/Debt Oriented Schemes - Sectoral Fund,Sectoral,6559.6452,07-Sep-2026,6.58,7.21,6.46,0.38,1.868,-0.68,,,Sync Pending,Factual Registry,Varies by Plan,14.12
149539,Sundaram Ultra Short Term Fund (Formerly Known as Sundaram Ultra Short Duration Fund),Sundaram Mutual Fund,Income/Debt Oriented Schemes - Sectoral Fund,Sectoral,3163.6525,07-Sep-2026,6.66,7.32,,0.35,2.343,-0.63,,,Sync Pending,Factual Registry,Varies by Plan,14.61
153242,Union Short Term Fund,Union Mutual Fund,Income/Debt Oriented Schemes - Sectoral Fund,Sectoral,11.0776,07-Sep-2026,5.43,,,1.2,,-2.16,,,Sync Pending,Awaiting Sync,Varies by Plan,
120746,UTI Ultra Short Term Fund,UTI Mutual Fund,Income/Debt Oriented Schemes - Sectoral Fund,Sectoral,4916.2919,07-Sep-2026,6.77,7.36,7.18,1.09,0.789,-1.96,,,Sync Pending,Factual Registry,Varies by Plan,8.93
147311,WhiteOak Capital Ultra Short Term Fund,WhiteOak Capital Mutual Fund,Income/Debt Oriented Schemes - Sectoral Fund,Sectoral,1518.9841,07-Sep-2026,6.47,7.05,6.47,0.54,1.019,-0.97,,,Sync Pending,Factual Registry,Varies by Plan,9.8
119523,Aditya Birla Sun Life Ultra short to short term Fund,Aditya Birla Sun Life Mutual Fund,Income/Debt Oriented Schemes - Sectoral Fund,Sectoral,784.3566,07-Sep-2026,6.45,7.44,6.77,0.77,1.221,-1.39,,,Sync Pending,Factual Registry,Varies by Plan,11.04
120513,Axis Ultra Short to Short Term Fund,Axis Mutual Fund,Income/Debt Oriented Schemes - Sectoral Fund,Sectoral,3504.4679,07-Sep-2026,6.57,7.49,6.68,0.68,1.456,-1.22,,,Sync Pending,Factual Registry,Varies by Plan,12.21
154204,Bajaj Finserv Ultra Short to Short Term Fund,Bajaj Finserv Mutual Fund,Income/Debt Oriented Schemes - Sectoral Fund,Sectoral,1036.7147,07-Sep-2026,,,,,,,,,Sync Pending,Awaiting Sync,Varies by Plan,
118371,BANDHAN ULTRA SHORT TO SHORT TERM FUND,Bandhan Mutual Fund,Income/Debt Oriented Schemes - Sectoral Fund,Sectoral,42.5554,07-Sep-2026,6.32,7.19,6.37,0.69,1.0,-1.24,,,Sync Pending,Factual Registry,Varies by Plan,9.72
150169,BARODA BNP PARIBAS ULTRA SHORT TO SHORT TERM FUND,Baroda BNP Paribas Mutual Fund,Income/Debt Oriented Schemes - Sectoral Fund,Sectoral,47.4058,07-Sep-2026,6.61,7.44,,0.51,1.843,-0.92,,,Sync Pending,Factual Registry,Varies by Plan,12.14
118291,Canara Robeco Ultra Short to Short Term Fund,Canara Robeco Mutual Fund,Income/Debt Oriented Schemes - Sectoral Fund,Sectoral,46.7266,07-Sep-2026,6.49,7.27,6.43,0.7,1.1,-1.26,,,Sync Pending,Factual Registry,Varies by Plan,10.27
133925,DSP Ultra Short to Short Term Fund,DSP Mutual Fund,Income/Debt Oriented Schemes - Sectoral Fund,Sectoral,22.0413,07-Sep-2026,6.28,7.21,6.43,0.94,0.755,-1.69,,,Sync Pending,Factual Registry,Varies by Plan,8.49
153416,Edelweiss Ultra Short to Short Term Fund,Edelweiss Mutual Fund,Income/Debt Oriented Schemes - Sectoral Fund,Sectoral,1106.1716,07-Sep-2026,6.45,,,0.59,,-1.06,,,Sync Pending,Awaiting Sync,Varies by Plan,
153368,Franklin India Ultra Short to Short Term Fund,Franklin Templeton Mutual Fund,Income/Debt Oriented Schemes - Sectoral Fund,Sectoral,11.1483,07-Sep-2026,6.65,,,0.62,,-1.12,,,Sync Pending,Awaiting Sync,Varies by Plan,
118942,HDFC Ultra Short to Short Term Fund,HDFC Mutual Fund,Income/Debt Oriented Schemes - Sectoral Fund,Sectoral,67.6058,07-Sep-2026,6.55,7.5,6.75,0.75,1.333,-1.35,,,Sync Pending,Factual Registry,Varies by Plan,11.62
151117,HSBC Ultra Short to Short Term Fund,HSBC Mutual Fund,Income/Debt Oriented Schemes - Sectoral Fund,Sectoral,32.6806,07-Sep-2026,6.54,7.92,,0.81,1.753,-1.46,,,Sync Pending,Factual Registry,Varies by Plan,11.85
120398,ICICI Prudential Ultra Short to Short Term Fund,ICICI Prudential Mutual Fund,Income/Debt Oriented Schemes - Sectoral Fund,Sectoral,595.96,07-Sep-2026,6.65,7.53,6.7,0.78,1.321,-1.4,,,Sync Pending,Factual Registry,Varies by Plan,11.55
120570,Invesco India Ultra Short to Short Term Fund,Invesco Mutual Fund,Income/Debt Oriented Schemes - Sectoral Fund,Sectoral,4243.0413,07-Sep-2026,6.27,7.21,6.39,0.71,1.0,-1.28,,,Sync Pending,Factual Registry,Varies by Plan,9.73
154081,JioBlackRock Ultra Short to Short Term Fund,Jio BlackRock Mutual Fund,Income/Debt Oriented Schemes - Sectoral Fund,Sectoral,1042.402,07-Sep-2026,,,,,,,,,Sync Pending,Awaiting Sync,Varies by Plan,
143612,JM Ultra Short to Short Term Fund,JM Financial Mutual Fund,Income/Debt Oriented Schemes - Sectoral Fund,Sectoral,41.0628,07-Sep-2026,6.42,7.31,6.47,7.73,0.105,-13.91,,,Sync Pending,Factual Registry,Varies by Plan,4.62
133810,Kotak Ultra Short to Short Term Fund,Kotak Mahindra Mutual Fund,Income/Debt Oriented Schemes - Sectoral Fund,Sectoral,3938.6573,07-Sep-2026,6.61,7.56,6.74,0.82,1.293,-1.48,,,Sync Pending,Factual Registry,Varies by Plan,11.43
120315,LIC MF Ultra Short to Short Term fund,LIC Mutual Fund,Income/Debt Oriented Schemes - Sectoral Fund,Sectoral,46.3121,07-Sep-2026,6.61,7.4,6.52,2.05,0.439,-3.69,,,Sync Pending,Factual Registry,Varies by Plan,6.91
140613,Mahindra Manulife Ultra Short to Short Term Fund,Mahindra Manulife Mutual Fund,Income/Debt Oriented Schemes - Sectoral Fund,Sectoral,1895.1438,07-Sep-2026,6.62,7.52,6.67,0.61,1.672,-1.1,,,Sync Pending,Factual Registry,Varies by Plan,13.31
118840,Mirae Asset Ultra Short to Short Term Fund,Mirae Asset Mutual Fund,Income/Debt Oriented Schemes - Sectoral Fund,Sectoral,2656.8795,07-Sep-2026,6.61,7.51,6.61,0.72,1.403,-1.3,,,Sync Pending,Factual Registry,Varies by Plan,11.93
118709,Nippon India Ultra Short to Short Term Fund,Nippon India Mutual Fund,Income/Debt Oriented Schemes - Sectoral Fund,Sectoral,4291.5874,07-Sep-2026,6.65,7.52,6.75,0.88,1.159,-1.58,,,Sync Pending,Factual Registry,Varies by Plan,10.74
119812,SBI Ultra Short to Short Term Fund,SBI Mutual Fund,Income/Debt Oriented Schemes - Sectoral Fund,Sectoral,3909.8533,07-Sep-2026,6.23,7.29,6.51,0.64,1.234,-1.15,,,Sync Pending,Factual Registry,Varies by Plan,10.97
149526,Sundaram Ultra Short to Short Term Fund (Formerly Known as Sundaram Low Duration Fund),Sundaram Mutual Fund,Income/Debt Oriented Schemes - Sectoral Fund,Sectoral,3994.8281,07-Sep-2026,6.24,7.35,,0.49,1.735,-0.88,,,Sync Pending,Factual Registry,Varies by Plan,11.57
119863,Tata Ultra Short to Short Term Fund,Tata Mutual Fund,Income/Debt Oriented Schemes - Sectoral Fund,Sectoral,4363.862,07-Sep-2026,6.6,7.35,6.51,1.39,0.612,-2.5,,,Sync Pending,Factual Registry,Varies by Plan,7.81
153654,Union Ultra Short to Short Term Fund,Union Mutual Fund,Income/Debt Oriented Schemes - Sectoral Fund,Sectoral,10.6978,07-Sep-2026,6.11,,,0.62,,-1.12,,,Sync Pending,Awaiting Sync,Varies by Plan,
120735,UTI Ultra Short to Short Term Fund,UTI Mutual Fund,Income/Debt Oriented Schemes - Sectoral Fund,Sectoral,3886.8446,07-Sep-2026,6.44,7.3,7.52,2.95,0.271,-5.31,,,Sync Pending,Factual Registry,Varies by Plan,6.24
151435,Axis Crisil IBX 50:50 Gilt Plus SDL September 2027 Index Fund,Axis Mutual Fund,Index Funds - Debt Funds,Index Fund,12.9629,07-Sep-2026,5.98,7.48,,0.9,1.089,-1.62,,,Sync Pending,Factual Registry,Varies by Plan,8.35
149873,Axis CRISIL IBX SDL May 2027 Index Fund,Axis Mutual Fund,Index Funds - Debt Funds,Index Fund,13.2527,07-Sep-2026,6.26,7.6,,1.54,0.714,-2.77,,,Sync Pending,Factual Registry,Varies by Plan,6.46
153051,Axis CRISIL-IBX AAA Bond Financial Services - Sep 2027 Index Fund,Axis Mutual Fund,Index Funds - Debt Funds,Index Fund,11.3738,07-Sep-2026,6.12,,,0.84,,-1.51,,,Sync Pending,Awaiting Sync,Varies by Plan,
152887,Axis CRISIL-IBX AAA Bond NBFC - Jun 2027 Index Fund,Axis Mutual Fund,Index Funds - Debt Funds,Index Fund,11.5765,07-Sep-2026,6.63,,,0.77,,-1.39,,,Sync Pending,Awaiting Sync,Varies by Plan,
153172,Axis CRISIL-IBX AAA Bond NBFC-HFC - Jun 2027 Index Fund,Axis Mutual Fund,Index Funds - Debt Funds,Index Fund,11.3275,07-Sep-2026,6.36,,,0.76,,-1.37,,,Sync Pending,Awaiting Sync,Varies by Plan,
153879,Axis CRISIL-IBX Financial Services 3-6 Months Debt Index Fund,Axis Mutual Fund,Index Funds - Debt Funds,Index Fund,10.6646,07-Sep-2026,,,,,,,0.1,,Sync Pending,Awaiting Sync,Factsheet Verified,
150854,Axis Nifty SDL September 2026 Debt Index Fund,Axis Mutual Fund,Index Funds - Debt Funds,Index Fund,13.0267,07-Sep-2026,5.84,7.26,,0.76,1.0,-1.37,,,Sync Pending,Factual Registry,Varies by Plan,7.83
149966,HSBC CRISIL IBX 50:50 Gilt Plus SDL Apr 2028 Index Fund,HSBC Mutual Fund,Index Funds - Debt Funds,Index Fund,13.3761,07-Sep-2026,5.93,7.52,,1.54,0.662,-2.77,,,Sync Pending,Factual Registry,Varies by Plan,6.16
151479,HSBC CRISIL IBX Gilt June 2027 Index Fund,HSBC Mutual Fund,Index Funds - Debt Funds,Index Fund,12.7927,07-Sep-2026,5.71,7.37,,0.97,0.897,-1.75,,,Sync Pending,Factual Registry,Varies by Plan,7.34
151593,Invesco India Nifty G-sec Jul 2027 Index Fund,Invesco Mutual Fund,Index Funds - Debt Funds,Index Fund,1278.9206,07-Sep-2026,5.73,7.39,,0.97,0.918,-1.75,,,Sync Pending,Factual Registry,Varies by Plan,7.45
151597,Invesco India Nifty G-sec Sep 2032 Index Fund,Invesco Mutual Fund,Index Funds - Debt Funds,Index Fund,1302.0888,07-Sep-2026,5.75,7.83,,2.26,0.588,-4.07,,,Sync Pending,Factual Registry,Varies by Plan,5.85
153791,JioBlackRock Nifty 8-13 yr G-Sec Index Fund,Jio BlackRock Mutual Fund,Index Funds - Debt Funds,Index Fund,10.4088,07-Sep-2026,3.66,,,,,,,,Sync Pending,Awaiting Sync,Varies by Plan,
150792,Mirae Asset CRISIL IBX Gilt Index - April 2033 Index Fund,Mirae Asset Mutual Fund,Index Funds - Debt Funds,Index Fund,13.5279,07-Sep-2026,5.38,7.7,,2.41,0.498,-4.34,,,Sync Pending,Factual Registry,Varies by Plan,5.33
153634,Mirae Asset CRISIL-IBX Financial Services 9-12 Months Debt Index Fund,Mirae Asset Mutual Fund,Index Funds - Debt Funds,Index Fund,10.7897,07-Sep-2026,6.48,,,0.55,,-0.99,,,Sync Pending,Awaiting Sync,Varies by Plan,
150358,Mirae Asset Nifty SDL Jun 2027 Index Fund,Mirae Asset Mutual Fund,Index Funds - Debt Funds,Index Fund,13.2707,07-Sep-2026,6.23,7.58,,1.52,0.711,-2.74,,,Sync Pending,Factual Registry,Varies by Plan,6.43
151691,Mirae Asset Nifty SDL June 2028 Index Fund,Mirae Asset Mutual Fund,Index Funds - Debt Funds,Index Fund,12.8886,07-Sep-2026,6.18,7.67,,1.34,0.873,-2.41,,,Sync Pending,Factual Registry,Varies by Plan,7.3
154467,SBI Crisil - IBX SDL Index - June 2034 Index Fund,SBI Mutual Fund,Index Funds - Debt Funds,Index Fund,9.9875,07-Sep-2026,,,,,,,,,Sync Pending,Awaiting Sync,Varies by Plan,
151185,UTI CRISIL SDL Maturity April 2033 Index Fund,UTI Mutual Fund,Index Funds - Debt Funds,Index Fund,13.1078,07-Sep-2026,6.17,7.3,,2.26,0.354,-4.07,,,Sync Pending,Factual Registry,Varies by Plan,4.46
151239,UTI CRISIL SDL Maturity June 2027 Index Fund,UTI Mutual Fund,Index Funds - Debt Funds,Index Fund,13.006,07-Sep-2026,6.21,7.57,,0.91,1.176,-1.64,,,Sync Pending,Factual Registry,Varies by Plan,8.82
151487,UTI NIFTY SDL Plus AAA PSU Bond Apr 2028- 75:25 Index Fund,UTI Mutual Fund,Index Funds - Debt Funds,Index Fund,12.9865,07-Sep-2026,6.09,7.57,,1.2,0.892,-2.16,,,Sync Pending,Factual Registry,Varies by Plan,7.37
151165,360 ONE ELSS Tax Saver Nifty 50 Index Fund,360 ONE Mutual Fund,Index Funds - Equity Funds,Index Fund,13.5316,07-Sep-2026,-2.25,11.5,,,,,0.27,76.53873,mfdata.in,Factual Registry,Factsheet Verified,4.6
153736,Aditya Birla Sun Life BSE 500 Momentum 50 Index Fund,Aditya Birla Sun Life Mutual Fund,Index Funds - Equity Funds,Index Fund,10.9912,07-Sep-2026,7.87,,,17.06,,-30.71,,,Sync Pending,Awaiting Sync,Varies by Plan,
153740,Aditya Birla Sun Life BSE 500 Quality 50 Index Fund,Aditya Birla Sun Life Mutual Fund,Index Funds - Equity Funds,Index Fund,10.7539,07-Sep-2026,4.36,,,13.6,,-24.48,,,Sync Pending,Awaiting Sync,Varies by Plan,
153081,Aditya Birla Sun Life BSE India Infrastructure Index Fund,Aditya Birla Sun Life Mutual Fund,Index Funds - Equity Funds,Index Fund,9.0112,07-Sep-2026,0.32,,,19.63,,-35.33,,,Sync Pending,Awaiting Sync,Varies by Plan,
148962,Aditya Birla Sun Life Nifty 50 Equal Weight index Fund,Aditya Birla Sun Life Mutual Fund,Index Funds - Equity Funds,Index Fund,18.8091,07-Sep-2026,2.64,16.64,,,,,0.42,468.9234,mfdata.in,Factual Registry,Factsheet Verified,6.66
152798,Aditya Birla Sun Life Nifty India Defence Index Fund,Aditya Birla Sun Life Mutual Fund,Index Funds - Equity Funds,Index Fund,13.9658,07-Sep-2026,16.79,,,,,,0.33,900.3528,mfdata.in,Awaiting Sync,Factsheet Verified,
148807,Aditya Birla Sun Life Nifty Midcap 150 Index Fund,Aditya Birla Sun Life Mutual Fund,Index Funds - Equity Funds,Index Fund,26.0979,07-Sep-2026,2.82,21.7,,,,,0.4,425.1438,mfdata.in,Factual Registry,Factsheet Verified,8.68
149838,Aditya Birla Sun Life Nifty Next 50 Index Fund,Aditya Birla Sun Life Mutual Fund,Index Funds - Equity Funds,Index Fund,18.0759,07-Sep-2026,-1.5,18.68,,,,,0.36,247.5647,mfdata.in,Factual Registry,Factsheet Verified,7.47
148815,Aditya Birla Sun Life Nifty Smallcap 50 Index Fund,Aditya Birla Sun Life Mutual Fund,Index Funds - Equity Funds,Index Fund,24.5653,07-Sep-2026,-3.54,22.6,,,,,0.49,255.0533,mfdata.in,Factual Registry,Factsheet Verified,9.04
154171,Axis BSE India Sector Leaders Index Fund,Axis Mutual Fund,Index Funds - Equity Funds,Index Fund,9.4914,07-Sep-2026,,,,,,,0.2,37.6813,mfdata.in,Awaiting Sync,Factsheet Verified,
152422,Axis BSE Sensex Index Fund,Axis Mutual Fund,Index Funds - Equity Funds,Index Fund,10.7256,07-Sep-2026,-4.16,,,13.47,,-24.25,,,Sync Pending,Awaiting Sync,Varies by Plan,
149373,Axis Nifty 50 Index Fund,Axis Mutual Fund,Index Funds - Equity Funds,Index Fund,14.4731,07-Sep-2026,-2.2,11.65,,,,,0.1,849.7226,mfdata.in,Factual Registry,Factsheet Verified,4.66
152731,Axis Nifty 500 Index Fund,Axis Mutual Fund,Index Funds - Equity Funds,Index Fund,10.1845,07-Sep-2026,-1.34,,,,,,0.1,301.96641,mfdata.in,Awaiting Sync,Factsheet Verified,
152629,Axis Nifty Bank Index Fund,Axis Mutual Fund,Index Funds - Equity Funds,Index Fund,11.8104,07-Sep-2026,2.33,,,,,,0.18,149.9321,mfdata.in,Awaiting Sync,Factsheet Verified,
154594,Axis Nifty Energy Index Fund,Axis Mutual Fund,Index Funds - Equity Funds,Index Fund,9.9917,07-Sep-2026,,,,,,,,,Sync Pending,Awaiting Sync,Varies by Plan,
154326,Axis Nifty India Defence Index Fund,Axis Mutual Fund,Index Funds - Equity Funds,Index Fund,10.817,07-Sep-2026,,,,,,,,,Sync Pending,Awaiting Sync,Varies by Plan,
151785,Axis Nifty IT Index Fund,Axis Mutual Fund,Index Funds - Equity Funds,Index Fund,10.5475,07-Sep-2026,-18.71,,,,,,0.32,118.5886,mfdata.in,Awaiting Sync,Factsheet Verified,
149936,Axis Nifty Midcap 50 Index Fund,Axis Mutual Fund,Index Funds - Equity Funds,Index Fund,21.9676,07-Sep-2026,4.27,23.08,,,,,0.24,608.4843,mfdata.in,Factual Registry,Factsheet Verified,9.23
149466,Axis Nifty Next 50 Index Fund,Axis Mutual Fund,Index Funds - Equity Funds,Index Fund,18.0415,07-Sep-2026,-1.35,18.87,,,,,0.15,439.9127,mfdata.in,Factual Registry,Factsheet Verified,7.55
149894,Axis Nifty Smallcap 50 Index Fund,Axis Mutual Fund,Index Funds - Equity Funds,Index Fund,21.3562,07-Sep-2026,-3.76,22.55,,,,,0.27,538.0031,mfdata.in,Factual Registry,Factsheet Verified,9.02
154460,Axis Nifty50 Equal Weight Index Fund,Axis Mutual Fund,Index Funds - Equity Funds,Index Fund,9.9386,07-Sep-2026,,,,,,,,,Sync Pending,Awaiting Sync,Varies by Plan,
153244,Axis Nifty500 Momentum 50 Index Fund,Axis Mutual Fund,Index Funds - Equity Funds,Index Fund,11.3245,07-Sep-2026,-2.5,,,,,,0.15,127.1147,mfdata.in,Awaiting Sync,Factsheet Verified,
153829,Axis Nifty500 Quality 50 Index Fund,Axis Mutual Fund,Index Funds - Equity Funds,Index Fund,10.1368,07-Sep-2026,,,,,,,0.16,,Sync Pending,Awaiting Sync,Factsheet Verified,
152949,Axis Nifty500 Value 50 Index Fund,Axis Mutual Fund,Index Funds - Equity Funds,Index Fund,11.3876,07-Sep-2026,12.65,,,,,,0.17,145.2678,mfdata.in,Awaiting Sync,Factsheet Verified,
154548,Edelweiss Nifty REITs & Realty Index Fund,Edelweiss Mutual Fund,Index Funds - Equity Funds,Index Fund,9.9274,07-Sep-2026,,,,,,,,,Sync Pending,Awaiting Sync,Varies by Plan,
153704,Groww Nifty 50 Index Fund,Groww Mutual Fund,Index Funds - Equity Funds,Index Fund,9.5448,07-Sep-2026,-2.83,,,12.77,,-22.99,,,Sync Pending,Awaiting Sync,Varies by Plan,
153230,Groww Nifty India Railways PSU Index Fund,Groww Mutual Fund,Index Funds - Equity Funds,Index Fund,7.5864,07-Sep-2026,-18.09,,,23.35,,-42.03,,,Sync Pending,Awaiting Sync,Varies by Plan,
153939,Groww Nifty Midcap 150 Index Fund,Groww Mutual Fund,Index Funds - Equity Funds,Index Fund,10.3381,07-Sep-2026,,,,,,,,,Sync Pending,Awaiting Sync,Varies by Plan,
153786,Groww Nifty Next 50 Index Fund,Groww Mutual Fund,Index Funds - Equity Funds,Index Fund,10.7571,07-Sep-2026,8.97,,,16.57,,-29.83,,,Sync Pending,Awaiting Sync,Varies by Plan,
152637,Groww Nifty Non-Cyclical Consumer Index Fund,Groww Mutual Fund,Index Funds - Equity Funds,Index Fund,10.1743,07-Sep-2026,-10.4,,,14.25,,-25.65,,,Sync Pending,Awaiting Sync,Varies by Plan,
154346,Groww Nifty Private Bank Index Fund,Groww Mutual Fund,Index Funds - Equity Funds,Index Fund,10.3401,07-Sep-2026,,,,,,,,,Sync Pending,Awaiting Sync,Varies by Plan,
154278,Groww Nifty PSU Bank Index Fund,Groww Mutual Fund,Index Funds - Equity Funds,Index Fund,10.0096,07-Sep-2026,,,,,,,,,Sync Pending,Awaiting Sync,Varies by Plan,
152431,Groww Nifty Smallcap 250 Index Fund,Groww Mutual Fund,Index Funds - Equity Funds,Index Fund,12.3446,07-Sep-2026,-5.15,,,,,,0.52,114.97623,mfdata.in,Awaiting Sync,Factsheet Verified,
154383,Groww Nifty Smallcap 250 Momentum Quality 100 Index Fund,Groww Mutual Fund,Index Funds - Equity Funds,Index Fund,10.736,07-Sep-2026,,,,,,,,,Sync Pending,Awaiting Sync,Varies by Plan,
152092,Groww Nifty Total Market Index Fund,Groww Mutual Fund,Index Funds - Equity Funds,Index Fund,13.9854,07-Sep-2026,-1.99,,,,,,0.46,340.57943,mfdata.in,Awaiting Sync,Factsheet Verified,
154427,HDFC Nifty Auto Index Fund,HDFC Mutual Fund,Index Funds - Equity Funds,Index Fund,10.156,07-Sep-2026,,,,,,,,,Sync Pending,Awaiting Sync,Varies by Plan,
151157,HSBC NIFTY 50 Index Fund,HSBC Mutual Fund,Index Funds - Equity Funds,Index Fund,28.1738,07-Sep-2026,-2.24,11.62,10.52,,,,0.18,388.6153,mfdata.in,Factual Registry,Factsheet Verified,7.8
151160,HSBC NIFTY NEXT 50 Index Fund,HSBC Mutual Fund,Index Funds - Equity Funds,Index Fund,31.8693,07-Sep-2026,-1.65,18.67,12.93,,,,0.33,145.8111,mfdata.in,Factual Registry,Factsheet Verified,11.35
154340,Invesco India BSE Sensex Index Fund,Invesco Mutual Fund,Index Funds - Equity Funds,Index Fund,10.0038,07-Sep-2026,,,,,,,,,Sync Pending,Awaiting Sync,Varies by Plan,
154343,Invesco India Nifty Bank Index Fund,Invesco Mutual Fund,Index Funds - Equity Funds,Index Fund,10.55,07-Sep-2026,,,,,,,,,Sync Pending,Awaiting Sync,Varies by Plan,
153787,JioBlackRock Nifty 50 Index Fund,Jio BlackRock Mutual Fund,Index Funds - Equity Funds,Index Fund,9.6492,07-Sep-2026,-2.47,,,13.05,,-23.49,,,Sync Pending,Awaiting Sync,Varies by Plan,
153788,JioBlackRock Nifty Midcap 150 Index Fund,Jio BlackRock Mutual Fund,Index Funds - Equity Funds,Index Fund,10.8736,07-Sep-2026,9.84,,,15.88,,-28.58,,,Sync Pending,Awaiting Sync,Varies by Plan,
153789,JioBlackRock Nifty Next 50 Index Fund,Jio BlackRock Mutual Fund,Index Funds - Equity Funds,Index Fund,10.8389,07-Sep-2026,9.24,,,16.62,,-29.92,,,Sync Pending,Awaiting Sync,Varies by Plan,
153790,JioBlackRock Nifty Smallcap 250 Index Fund,Jio BlackRock Mutual Fund,Index Funds - Equity Funds,Index Fund,10.9701,07-Sep-2026,9.84,,,16.93,,-30.47,,,Sync Pending,Awaiting Sync,Varies by Plan,
154571,Kotak Nifty Bank Index Fund,Kotak Mahindra Mutual Fund,Index Funds - Equity Funds,Index Fund,9.896,07-Sep-2026,,,,,,,,,Sync Pending,Awaiting Sync,Varies by Plan,
152972,Mirae Asset Nifty 50 Index Fund,Mirae Asset Mutual Fund,Index Funds - Equity Funds,Index Fund,9.9279,07-Sep-2026,-2.54,,,13.18,,-23.72,,,Sync Pending,Awaiting Sync,Varies by Plan,
152976,Mirae Asset Nifty LargeMidcap 250 Index Fund,Mirae Asset Mutual Fund,Index Funds - Equity Funds,Index Fund,10.5416,07-Sep-2026,4.5,,,14.88,,-26.78,,,Sync Pending,Awaiting Sync,Varies by Plan,
152968,Mirae Asset Nifty Total Market Index Fund,Mirae Asset Mutual Fund,Index Funds - Equity Funds,Index Fund,10.4121,07-Sep-2026,2.93,,,14.37,,-25.87,,,Sync Pending,Awaiting Sync,Varies by Plan,
143341,UTI - Nifty Next 50 Index Fund,UTI Mutual Fund,Index Funds - Equity Funds,Index Fund,26.9851,07-Sep-2026,-1.44,18.92,13.2,,,,0.35,6245.961,mfdata.in,Factual Registry,Factsheet Verified,11.53
151764,UTI BSE Housing Index Fund,UTI Mutual Fund,Index Funds - Equity Funds,Index Fund,13.9048,07-Sep-2026,-6.69,7.93,,18.28,0.078,-32.9,,,Sync Pending,Factual Registry,Varies by Plan,1.73
149881,UTI BSE Low Volatility Index Fund,UTI Mutual Fund,Index Funds - Equity Funds,Index Fund,15.9318,07-Sep-2026,-1.79,12.94,,,,,0.43,531.6112,mfdata.in,Factual Registry,Factsheet Verified,5.18
149803,UTI BSE Sensex Index Fund,UTI Mutual Fund,Index Funds - Equity Funds,Index Fund,13.7758,07-Sep-2026,-4.13,9.83,,,,,0.19,202.8439,mfdata.in,Factual Registry,Factsheet Verified,3.93
148703,UTI Nifty 200 Momentum 30 Index Fund,UTI Mutual Fund,Index Funds - Equity Funds,Index Fund,21.3046,07-Sep-2026,-1.93,16.74,14.43,,,,0.43,8711.891,mfdata.in,Factual Registry,Factsheet Verified,11.02
152859,UTI Nifty 200 Quality 30 Index Fund,UTI Mutual Fund,Index Funds - Equity Funds,Index Fund,8.8264,07-Sep-2026,-2.16,,,,,,0.69,621.1166,mfdata.in,Awaiting Sync,Factsheet Verified,
151739,UTI Nifty 500 Value 50 Index Fund,UTI Mutual Fund,Index Funds - Equity Funds,Index Fund,22.1274,07-Sep-2026,12.17,,,,,,0.63,642.4469,mfdata.in,Awaiting Sync,Factsheet Verified,
153086,UTI Nifty Alpha Low-Volatility 30 Index Fund,UTI Mutual Fund,Index Funds - Equity Funds,Index Fund,9.7005,07-Sep-2026,0.92,,,12.84,,-23.11,,,Sync Pending,Awaiting Sync,Varies by Plan,
153270,UTI Nifty India Manufacturing Index Fund,UTI Mutual Fund,Index Funds - Equity Funds,Index Fund,12.6041,07-Sep-2026,11.08,,,15.62,,-28.12,,,Sync Pending,Awaiting Sync,Varies by Plan,
153089,UTI Nifty Midcap 150 Index Fund,UTI Mutual Fund,Index Funds - Equity Funds,Index Fund,11.071,07-Sep-2026,9.59,,,17.27,,-31.09,,,Sync Pending,Awaiting Sync,Varies by Plan,
150313,UTI Nifty Midcap 150 Quality 50 Index Fund,UTI Mutual Fund,Index Funds - Equity Funds,Index Fund,14.341,07-Sep-2026,-4.22,12.31,,,,,0.59,237.0863,mfdata.in,Factual Registry,Factsheet Verified,4.92
153272,UTI Nifty Midsmallcap 400 Momentum Quality 100 Index Fund,UTI Mutual Fund,Index Funds - Equity Funds,Index Fund,11.8142,07-Sep-2026,-1.54,,,,,,0.65,96.2391,mfdata.in,Awaiting Sync,Factsheet Verified,
152864,UTI Nifty Private Bank Index Fund,UTI Mutual Fund,Index Funds - Equity Funds,Index Fund,10.3088,07-Sep-2026,-3.12,,,,,,0.64,224.2836,mfdata.in,Awaiting Sync,Factsheet Verified,
151762,UTI Nifty50 Equal Weight Index Fund,UTI Mutual Fund,Index Funds - Equity Funds,Index Fund,15.019,07-Sep-2026,2.66,,,,,,0.32,127.5145,mfdata.in,Awaiting Sync,Factsheet Verified,
154197,UTI Nifty500 Shariah Index Fund,UTI Mutual Fund,Index Funds - Equity Funds,Index Fund,10.0428,07-Sep-2026,,,,,,,0.55,,Sync Pending,Awaiting Sync,Factsheet Verified,
154493,Mirae Asset Nifty200 Momentum 30 Plus 8-13yr G-Sec 75:25 Index Fund,Mirae Asset Mutual Fund,Index Funds - Hybrid Fund,Index Fund,10.1725,07-Sep-2026,,,,,,,,,Sync Pending,Awaiting Sync,Varies by Plan,
154436,Zerodha Life Cycle Fund 2036,Zerodha Mutual Fund,Index Funds - Hybrid Fund,Index Fund,9.9902,07-Sep-2026,,,,,,,,,Sync Pending,Awaiting Sync,Varies by Plan,
154437,Zerodha Life Cycle Fund 2041,Zerodha Mutual Fund,Index Funds - Hybrid Fund,Index Fund,9.9775,07-Sep-2026,,,,,,,,,Sync Pending,Awaiting Sync,Varies by Plan,
132185,Aditya Birla Sun Life Aggressive Hybrid Omni FOF,Aditya Birla Sun Life Mutual Fund,Index Funds - Hybrid Fund,Index Fund,47.436,04-Sep-2026,5.62,11.21,10.28,7.8,0.604,-14.04,,,Sync Pending,Factual Registry,Varies by Plan,9.81
132183,Aditya Birla Sun Life Conservative Hybrid Active FOF,Aditya Birla Sun Life Mutual Fund,Index Funds - Hybrid Fund,Index Fund,38.1354,04-Sep-2026,5.49,9.57,8.88,4.58,0.67,-8.24,,,Sync Pending,Factual Registry,Varies by Plan,9.38
132186,Aditya Birla Sun Life Dynamic Asset Allocation Omni FOF,Aditya Birla Sun Life Mutual Fund,Index Funds - Hybrid Fund,Index Fund,62.7714,04-Sep-2026,7.28,13.22,11.99,10.73,0.626,-19.31,,,Sync Pending,Factual Registry,Varies by Plan,10.94
120546,Aditya Birla Sun Life Gold Fund,Aditya Birla Sun Life Mutual Fund,Index Funds - Hybrid Fund,Index Fund,45.8485,07-Sep-2026,44.32,36.04,25.31,20.61,1.433,-37.1,,,Sync Pending,Factual Registry,Varies by Plan,27.11
131898,Aditya Birla Sun Life Income Plus Arbitrage Active FOF,Aditya Birla Sun Life Mutual Fund,Index Funds - Hybrid Fund,Index Fund,42.2033,04-Sep-2026,5.67,7.24,6.19,4.79,0.154,-8.62,,,Sync Pending,Factual Registry,Varies by Plan,5.04
131865,Aditya Birla Sun Life Multi Asset Omni FoF,Aditya Birla Sun Life Mutual Fund,Index Funds - Hybrid Fund,Index Fund,41.3448,04-Sep-2026,17.06,17.37,13.83,10.06,1.081,-18.11,,,Sync Pending,Factual Registry,Varies by Plan,15.5
150688,Aditya Birla Sun Life Multi-Asset Passive FOF,Aditya Birla Sun Life Mutual Fund,Index Funds - Hybrid Fund,Index Fund,17.8769,04-Sep-2026,13.38,16.16,,10.43,0.926,-18.77,,,Sync Pending,Factual Registry,Varies by Plan,10.05
153827,ANGEL ONE GOLD ETF FOF,Angel One Mutual Fund,Index Funds - Hybrid Fund,Index Fund,13.81,07-Sep-2026,,,,,,,,,Sync Pending,Awaiting Sync,Varies by Plan,
154206,ANGEL ONE SILVER ETF FOF,Angel One Mutual Fund,Index Funds - Hybrid Fund,Index Fund,7.9744,07-Sep-2026,,,,,,,0.18,,Sync Pending,Awaiting Sync,Factsheet Verified,
118485,Bandhan Aggressive Hybrid Passive FOF,Bandhan Mutual Fund,Index Funds - Hybrid Fund,Index Fund,54.2145,07-Sep-2026,10.72,13.49,10.7,10.27,0.681,-18.49,,,Sync Pending,Factual Registry,Varies by Plan,10.98
118486,Bandhan Conservative Hybrid Passive FOF,Bandhan Mutual Fund,Index Funds - Hybrid Fund,Index Fund,37.5587,07-Sep-2026,4.31,7.95,6.86,3.52,0.412,-6.34,,,Sync Pending,Factual Registry,Varies by Plan,6.95
154129,Bandhan Gold ETF FOF,Bandhan Mutual Fund,Index Funds - Hybrid Fund,Index Fund,9.9376,07-Sep-2026,,,,,,,,,Sync Pending,Awaiting Sync,Varies by Plan,
118410,Bandhan Income Plus Arbitrage Active FOF,Bandhan Mutual Fund,Index Funds - Hybrid Fund,Index Fund,49.3298,07-Sep-2026,6.09,7.39,6.24,1.38,0.645,-2.48,,,Sync Pending,Factual Registry,Varies by Plan,7.91
118489,Bandhan Multi-Asset Passive FOF,Bandhan Mutual Fund,Index Funds - Hybrid Fund,Index Fund,45.3566,07-Sep-2026,5.66,10.32,8.54,6.69,0.571,-12.04,,,Sync Pending,Factual Registry,Varies by Plan,8.88
154136,Bandhan Silver ETF FOF,Bandhan Mutual Fund,Index Funds - Hybrid Fund,Index Fund,7.5254,07-Sep-2026,,,,,,,,,Sync Pending,Awaiting Sync,Varies by Plan,
153795,Baroda BNP Paribas Gold ETF Fund of Fund,Baroda BNP Paribas Mutual Fund,Index Funds - Hybrid Fund,Index Fund,15.0876,07-Sep-2026,42.63,,,35.4,,-63.72,,,Sync Pending,Awaiting Sync,Varies by Plan,
153536,Baroda BNP Paribas Income Plus Arbitrage Active Fund of Funds,Baroda BNP Paribas Mutual Fund,Index Funds - Hybrid Fund,Index Fund,10.7776,07-Sep-2026,6.29,,,0.84,,-1.51,,,Sync Pending,Awaiting Sync,Varies by Plan,
153552,Baroda BNP Paribas Multi Asset Active Fund of Funds,Baroda BNP Paribas Mutual Fund,Index Funds - Hybrid Fund,Index Fund,11.5075,07-Sep-2026,12.61,,,8.63,,-15.53,,,Sync Pending,Awaiting Sync,Varies by Plan,
152183,DSP Gold ETF Fund of Fund,DSP Mutual Fund,Index Funds - Hybrid Fund,Index Fund,23.8907,07-Sep-2026,44.38,,,22.52,,-40.54,,,Sync Pending,Awaiting Sync,Varies by Plan,
130493,DSP Income Plus Arbitrage Omni FoF,DSP Mutual Fund,Index Funds - Hybrid Fund,Index Fund,23.8924,04-Sep-2026,5.43,9.7,5.9,8.91,0.359,-16.04,,,Sync Pending,Factual Registry,Varies by Plan,6.55
154167,DSP Multi Asset Omni Fund of Funds,DSP Mutual Fund,Index Funds - Hybrid Fund,Index Fund,10.161,04-Sep-2026,,,,,,,,,Sync Pending,Awaiting Sync,Varies by Plan,
153487,DSP Silver ETF Fund of Fund,DSP Mutual Fund,Index Funds - Hybrid Fund,Index Fund,23.8934,07-Sep-2026,86.33,,,55.05,,-99.09,,,Sync Pending,Awaiting Sync,Varies by Plan,
149401,BHARAT Bond ETF FOF - April 2032,Edelweiss Mutual Fund,Index Funds - Hybrid Fund,Index Fund,13.3787,04-Sep-2026,4.55,7.32,,3.51,0.234,-6.32,,,Sync Pending,Factual Registry,Varies by Plan,3.75
150989,BHARAT Bond ETF FOF - April 2033,Edelweiss Mutual Fund,Index Funds - Hybrid Fund,Index Fund,13.1235,04-Sep-2026,5.0,7.5,,4.32,0.231,-7.78,,,Sync Pending,Factual Registry,Varies by Plan,3.72
147857,Bharat Bond FOF - April 2030,Edelweiss Mutual Fund,Index Funds - Hybrid Fund,Index Fund,16.0158,04-Sep-2026,5.07,7.43,6.49,3.86,0.241,-6.95,,,Sync Pending,Factual Registry,Varies by Plan,5.74
148446,BHARAT Bond FOF- April 2025,Edelweiss Mutual Fund,Index Funds - Hybrid Fund,Index Fund,12.8931,16-Apr-2025,7.55,6.35,,2.0,-0.075,-3.6,,,Sync Pending,Factual Registry,Varies by Plan,1.97
148450,BHARAT Bond FOF- April 2031,Edelweiss Mutual Fund,Index Funds - Hybrid Fund,Index Fund,14.3507,04-Sep-2026,5.27,7.55,6.48,3.14,0.334,-5.65,,,Sync Pending,Factual Registry,Varies by Plan,6.32
150581,Edelweiss Gold and Silver ETF FOF,Edelweiss Mutual Fund,Index Funds - Hybrid Fund,Index Fund,34.671,04-Sep-2026,67.53,41.72,,26.02,1.354,-46.84,,,Sync Pending,Factual Registry,Varies by Plan,20.86
154208,Edelweiss Gold ETF Fund of Fund,Edelweiss Mutual Fund,Index Funds - Hybrid Fund,Index Fund,9.5325,04-Sep-2026,,,,,,,,,Sync Pending,Awaiting Sync,Varies by Plan,
153712,Edelweiss Income Plus Arbitrage Omni Fund of Funds,Edelweiss Mutual Fund,Index Funds - Hybrid Fund,Index Fund,10.6311,04-Sep-2026,5.77,,,0.72,,-1.3,,,Sync Pending,Awaiting Sync,Varies by Plan,
153776,Edelweiss Multi Asset Omni Fund of Fund,Edelweiss Mutual Fund,Index Funds - Hybrid Fund,Index Fund,11.753,04-Sep-2026,,,,,,,,,Sync Pending,Awaiting Sync,Varies by Plan,
154072,Edelweiss Silver ETF Fund of Fund,Edelweiss Mutual Fund,Index Funds - Hybrid Fund,Index Fund,10.162,04-Sep-2026,,,,,,,,,Sync Pending,Awaiting Sync,Varies by Plan,
118543,Franklin India Dynamic Asset Allocation Active Fund of Funds,Franklin Templeton Mutual Fund,Index Funds - Hybrid Fund,Index Fund,190.4506,04-Sep-2026,2.68,9.22,11.01,9.81,0.277,-17.66,,,Sync Pending,Factual Registry,Varies by Plan,7.4
132989,Franklin India Income Plus Arbitrage Active Fund of Funds,Franklin Templeton Mutual Fund,Index Funds - Hybrid Fund,Index Fund,25.3803,04-Sep-2026,6.39,12.75,11.02,9.53,0.656,-17.15,,,Sync Pending,Factual Registry,Varies by Plan,10.73
153860,HDFC Diversified Equity All Cap Active FOF,HDFC Mutual Fund,Index Funds - Hybrid Fund,Index Fund,10.1965,07-Sep-2026,,,,,,,,,Sync Pending,Awaiting Sync,Varies by Plan,
119132,HDFC Gold ETF Fund of Fund,HDFC Mutual Fund,Index Funds - Hybrid Fund,Index Fund,47.3975,07-Sep-2026,44.3,36.04,25.47,15.34,1.926,-27.61,,,Sync Pending,Factual Registry,Varies by Plan,30.15
130543,HDFC Income Plus Arbitrage Active FOF,HDFC Mutual Fund,Index Funds - Hybrid Fund,Index Fund,45.8034,07-Sep-2026,5.81,8.82,10.53,9.45,0.246,-17.01,,,Sync Pending,Factual Registry,Varies by Plan,6.97
154262,HDFC INCOME PLUS ARBITRAGE OMNI FOF,HDFC Mutual Fund,Index Funds - Hybrid Fund,Index Fund,10.4001,07-Sep-2026,,,,,,,,,Sync Pending,Awaiting Sync,Varies by Plan,
148903,HDFC Multi-Asset Active FOF,HDFC Mutual Fund,Index Funds - Hybrid Fund,Index Fund,20.853,07-Sep-2026,8.4,13.92,13.47,7.29,1.018,-13.12,,,Sync Pending,Factual Registry,Varies by Plan,13.97
150737,HDFC Silver ETF Fund of Fund,HDFC Mutual Fund,Index Funds - Hybrid Fund,Index Fund,37.9655,07-Sep-2026,85.08,45.65,,38.74,1.011,-69.73,,,Sync Pending,Factual Registry,Varies by Plan,19.44
120700,ICICI Prudential Aggressive Hybrid Active FOF,ICICI Prudential Mutual Fund,Index Funds - Hybrid Fund,Index Fund,245.9163,04-Sep-2026,2.39,14.5,13.96,15.55,0.514,-27.99,,,Sync Pending,Factual Registry,Varies by Plan,11.0
149331,ICICI Prudential BSE 500 ETF FOF,ICICI Prudential Mutual Fund,Index Funds - Hybrid Fund,Index Fund,15.9387,07-Sep-2026,1.89,10.47,,13.91,0.285,-25.04,,,Sync Pending,Factual Registry,Varies by Plan,4.22
120702,ICICI Prudential Diversified Debt Strategy Active FOF,ICICI Prudential Mutual Fund,Index Funds - Hybrid Fund,Index Fund,49.9821,07-Sep-2026,5.96,7.41,6.53,1.99,0.457,-3.58,,,Sync Pending,Factual Registry,Varies by Plan,7.01
154266,ICICI Prudential Diversified Equity All Cap Active FOF,ICICI Prudential Mutual Fund,Index Funds - Hybrid Fund,Index Fund,10.8656,07-Sep-2026,,,,,,,,,Sync Pending,Awaiting Sync,Varies by Plan,
148035,ICICI Prudential Diversified Equity All Cap Omni FOF,ICICI Prudential Mutual Fund,Index Funds - Hybrid Fund,Index Fund,33.0188,04-Sep-2026,4.06,15.57,15.39,15.79,0.574,-28.42,,,Sync Pending,Factual Registry,Varies by Plan,12.14
120679,ICICI Prudential Dynamic Asset Allocation Active FOF,ICICI Prudential Mutual Fund,Index Funds - Hybrid Fund,Index Fund,139.7264,04-Sep-2026,4.72,11.44,11.43,9.14,0.54,-16.45,,,Sync Pending,Factual Registry,Varies by Plan,9.79
147648,ICICI Prudential Global Advantage Fund (FOF),ICICI Prudential Mutual Fund,Index Funds - Hybrid Fund,Index Fund,23.4275,04-Sep-2026,21.35,19.96,10.65,14.3,0.941,-25.74,,,Sync Pending,Factual Registry,Varies by Plan,14.45
120685,ICICI Prudential Gold ETF FOF,ICICI Prudential Mutual Fund,Index Funds - Hybrid Fund,Index Fund,48.5197,07-Sep-2026,44.48,36.23,25.5,16.91,1.758,-30.44,,,Sync Pending,Factual Registry,Varies by Plan,29.24
120313,ICICI Prudential Income plus Arbitrage Omni FOF,ICICI Prudential Mutual Fund,Index Funds - Hybrid Fund,Index Fund,72.1432,07-Sep-2026,6.46,9.33,9.72,5.8,0.488,-10.44,,,Sync Pending,Factual Registry,Varies by Plan,8.51
120242,ICICI Prudential Multi Sector Passive FOF,ICICI Prudential Mutual Fund,Index Funds - Hybrid Fund,Index Fund,177.2226,07-Sep-2026,6.14,13.19,11.99,13.25,0.505,-23.85,,,Sync Pending,Factual Registry,Varies by Plan,10.07
154449,ICICI Prudential Multi-Asset Active FOF,ICICI Prudential Mutual Fund,Index Funds - Hybrid Fund,Index Fund,10.1653,04-Sep-2026,,,,,,,,,Sync Pending,Awaiting Sync,Varies by Plan,
148822,ICICI Prudential Nifty 100 Low Volatility 30 ETF FOF,ICICI Prudential Mutual Fund,Index Funds - Hybrid Fund,Index Fund,18.2222,07-Sep-2026,-2.61,10.37,8.99,11.51,0.336,-20.72,,,Sync Pending,Factual Registry,Varies by Plan,7.37
149158,ICICI Prudential Nifty Alpha Low - Volatility 30 ETF FOF,ICICI Prudential Mutual Fund,Index Funds - Hybrid Fund,Index Fund,14.9861,07-Sep-2026,0.74,11.27,,13.15,0.363,-23.67,,,Sync Pending,Factual Registry,Varies by Plan,5.01
153394,ICICI Prudential Nifty EV & New Age Automotive ETF FOF,ICICI Prudential Mutual Fund,Index Funds - Hybrid Fund,Index Fund,12.1645,07-Sep-2026,5.1,,,17.84,,-32.11,,,Sync Pending,Awaiting Sync,Varies by Plan,
149441,ICICI Prudential Passive Multi-Asset Fund of Funds,ICICI Prudential Mutual Fund,Index Funds - Hybrid Fund,Index Fund,17.1786,04-Sep-2026,10.5,13.7,,6.86,1.05,-12.35,,,Sync Pending,Factual Registry,Varies by Plan,10.04
149775,ICICI Prudential Silver ETF FOF,ICICI Prudential Mutual Fund,Index Funds - Hybrid Fund,Index Fund,35.2306,07-Sep-2026,85.53,45.69,,34.15,1.148,-61.47,,,Sync Pending,Factual Registry,Varies by Plan,20.6
119781,Kotak Gold Fund,Kotak Mahindra Mutual Fund,Index Funds - Hybrid Fund,Index Fund,61.2867,07-Sep-2026,44.51,36.01,25.3,15.72,1.877,-28.3,,,Sync Pending,Factual Registry,Varies by Plan,29.81
153921,Kotak Gold Silver Passive FOF,Kotak Mahindra Mutual Fund,Index Funds - Hybrid Fund,Index Fund,15.239,07-Sep-2026,,,,,,,,,Sync Pending,Awaiting Sync,Varies by Plan,
150822,Kotak Income Plus Arbitrage Omni FOF,Kotak Mahindra Mutual Fund,Index Funds - Hybrid Fund,Index Fund,13.2493,07-Sep-2026,6.0,7.64,,1.32,0.864,-2.38,,,Sync Pending,Factual Registry,Varies by Plan,7.24
119777,Kotak Multi Asset Omni FOF,Kotak Mahindra Mutual Fund,Index Funds - Hybrid Fund,Index Fund,282.291,04-Sep-2026,11.37,15.81,15.31,10.33,0.901,-18.59,,,Sync Pending,Factual Registry,Varies by Plan,14.39
154275,Kotak Multi Factor Passive FOF,Kotak Mahindra Mutual Fund,Index Funds - Hybrid Fund,Index Fund,10.937,07-Sep-2026,,,,,,,,,Sync Pending,Awaiting Sync,Varies by Plan,
151603,Kotak Silver ETF Fund of Fund,Kotak Mahindra Mutual Fund,Index Funds - Hybrid Fund,Index Fund,30.7177,07-Sep-2026,87.26,45.81,,39.02,1.007,-70.24,,,Sync Pending,Factual Registry,Varies by Plan,19.46
151974,LIC MF Gold ETF Fund of Fund,LIC Mutual Fund,Index Funds - Hybrid Fund,Index Fund,41.4579,07-Sep-2026,43.37,36.06,,23.9,1.237,-43.02,,,Sync Pending,Factual Registry,Varies by Plan,18.22
149240,Motilal Oswal 5 Year G-Sec Fund of Fund,Motilal Oswal Mutual Fund,Index Funds - Hybrid Fund,Index Fund,13.2712,07-Sep-2026,5.86,7.51,,11.36,0.089,-20.45,,,Sync Pending,Factual Registry,Varies by Plan,2.31
148750,Motilal Oswal Asset Allocation Fund of Fund- Conservative,Motilal Oswal Mutual Fund,Index Funds - Hybrid Fund,Index Fund,18.1799,04-Sep-2026,10.82,13.6,10.72,8.32,0.853,-14.98,,,Sync Pending,Factual Registry,Varies by Plan,12.09
154112,Motilal Oswal Diversified Equity Flexicap Passive Fund of Funds,Motilal Oswal Mutual Fund,Index Funds - Hybrid Fund,Index Fund,10.7859,07-Sep-2026,,,,,,,,,Sync Pending,Awaiting Sync,Varies by Plan,
150642,Motilal Oswal Gold and Silver Passive Fund of Funds,Motilal Oswal Mutual Fund,Index Funds - Hybrid Fund,Index Fund,30.961,07-Sep-2026,54.38,38.45,,24.43,1.308,-43.97,,,Sync Pending,Factual Registry,Varies by Plan,19.48
148642,Nippon India Diversified Equity Flexicap Passive FoF,Nippon India Mutual Fund,Index Funds - Hybrid Fund,Index Fund,21.3123,07-Sep-2026,1.89,10.65,10.0,13.46,0.308,-24.23,,,Sync Pending,Factual Registry,Varies by Plan,7.45
118663,Nippon India Gold Savings Fund,Nippon India Mutual Fund,Index Funds - Hybrid Fund,Index Fund,60.519,07-Sep-2026,44.03,35.99,25.28,15.29,1.929,-27.52,,,Sync Pending,Factual Registry,Varies by Plan,30.1
153600,Nippon India Income Plus Arbitrage Active Fund of Fund,Nippon India Mutual Fund,Index Funds - Hybrid Fund,Index Fund,10.7258,07-Sep-2026,5.99,,,0.84,,-1.51,,,Sync Pending,Awaiting Sync,Varies by Plan,
148666,Nippon India Multi - Asset Omni FoF,Nippon India Mutual Fund,Index Funds - Hybrid Fund,Index Fund,25.2207,07-Sep-2026,12.43,16.79,16.01,9.53,1.08,-17.15,,,Sync Pending,Factual Registry,Varies by Plan,15.97
146513,Nippon India Nifty Next 50 Junior BeES FoF,Nippon India Mutual Fund,Index Funds - Hybrid Fund,Index Fund,27.4523,07-Sep-2026,9.53,17.88,12.04,17.47,0.651,-31.45,,,Sync Pending,Factual Registry,Varies by Plan,12.27
149760,Nippon India Silver ETF FOF,Nippon India Mutual Fund,Index Funds - Hybrid Fund,Index Fund,35.0462,07-Sep-2026,85.23,45.44,,33.43,1.165,-60.17,,,Sync Pending,Factual Registry,Varies by Plan,20.66
112039,Quantum Diversified Equity All Cap Active FOF,Quantum Mutual Fund,Index Funds - Hybrid Fund,Index Fund,86.656,04-Sep-2026,2.97,11.78,10.0,14.88,0.355,-26.78,,,Sync Pending,Factual Registry,Varies by Plan,8.0
115132,Quantum Gold ETF FOF,Quantum Mutual Fund,Index Funds - Hybrid Fund,Index Fund,58.1238,07-Sep-2026,44.76,36.48,25.56,15.21,1.971,-27.38,,,Sync Pending,Factual Registry,Varies by Plan,30.59
117608,Quantum Multi Asset Active FOF,Quantum Mutual Fund,Index Funds - Hybrid Fund,Index Fund,37.6154,04-Sep-2026,7.16,11.68,9.96,5.93,0.874,-10.67,,,Sync Pending,Factual Registry,Varies by Plan,11.44
150390,Quantum Nifty 50 ETF FOF,Quantum Mutual Fund,Index Funds - Hybrid Fund,Index Fund,14.2911,04-Sep-2026,-2.26,8.01,,11.97,0.126,-21.55,,,Sync Pending,Factual Registry,Varies by Plan,2.64
153832,SBI Dynamic Asset Allocation Active FoF,SBI Mutual Fund,Index Funds - Hybrid Fund,Index Fund,10.3888,07-Sep-2026,,,,,,,,,Sync Pending,Awaiting Sync,Varies by Plan,
119788,SBI GOLD FUND,SBI Mutual Fund,Index Funds - Hybrid Fund,Index Fund,46.3806,07-Sep-2026,44.44,36.15,25.58,15.44,1.92,-27.79,,,Sync Pending,Factual Registry,Varies by Plan,30.19
153498,SBI Income Plus Arbitrage Active FOF,SBI Mutual Fund,Index Funds - Hybrid Fund,Index Fund,10.7699,07-Sep-2026,5.83,,,0.77,,-1.39,,,Sync Pending,Awaiting Sync,Varies by Plan,
152735,SBI Silver ETF Fund of Fund,SBI Mutual Fund,Index Funds - Hybrid Fund,Index Fund,24.532,07-Sep-2026,88.25,,,46.07,,-82.93,,,Sync Pending,Awaiting Sync,Varies by Plan,
154123,Sundaram Income Plus Arbitrage Active FoF,Sundaram Mutual Fund,Index Funds - Hybrid Fund,Index Fund,10.3939,04-Sep-2026,,,,,,,,,Sync Pending,Awaiting Sync,Varies by Plan,
152287,Tata Gold ETF Fund of Fund,Tata Mutual Fund,Index Funds - Hybrid Fund,Index Fund,23.3202,07-Sep-2026,43.01,,,22.51,,-40.52,,,Sync Pending,Awaiting Sync,Varies by Plan,
153513,Tata Income Plus Arbitrage Active FOF,Tata Mutual Fund,Index Funds - Hybrid Fund,Index Fund,10.7229,07-Sep-2026,5.88,,,0.91,,-1.64,,,Sync Pending,Awaiting Sync,Varies by Plan,
150344,Tata Nifty India Digital ETF Fund of Fund,Tata Mutual Fund,Index Funds - Hybrid Fund,Index Fund,14.0469,07-Sep-2026,-2.16,10.66,,17.75,0.234,-31.95,,,Sync Pending,Factual Registry,Varies by Plan,3.66
152293,Tata Silver ETF Fund of Fund,Tata Mutual Fund,Index Funds - Hybrid Fund,Index Fund,30.1207,07-Sep-2026,82.22,,,43.78,,-78.8,,,Sync Pending,Awaiting Sync,Varies by Plan,
154131,The Wealth Company Gold ETF FOF,The Wealth Company Mutual Fund,Index Funds - Hybrid Fund,Index Fund,9.6315,07-Sep-2026,,,,,,,,,Sync Pending,Awaiting Sync,Varies by Plan,
153824,Union Diversified Equity All Cap Active FOF,Union Mutual Fund,Index Funds - Hybrid Fund,Index Fund,11.0263,07-Sep-2026,,,,,,,,,Sync Pending,Awaiting Sync,Varies by Plan,
153340,Union Gold ETF Fund of Fund,Union Mutual Fund,Index Funds - Hybrid Fund,Index Fund,17.3499,07-Sep-2026,43.15,,,30.95,,-55.71,,,Sync Pending,Awaiting Sync,Varies by Plan,
153575,Union Income Plus Arbitrage Active FOF,Union Mutual Fund,Index Funds - Hybrid Fund,Index Fund,10.518,07-Sep-2026,4.83,,,1.53,,-2.75,,,Sync Pending,Awaiting Sync,Varies by Plan,
153011,Zerodha Gold ETF FoF,Zerodha Mutual Fund,Index Funds - Hybrid Fund,Index Fund,19.8385,07-Sep-2026,44.39,,,25.99,,-46.78,,,Sync Pending,Awaiting Sync,Varies by Plan,
153757,Zerodha Multi Asset Passive FoF,Zerodha Mutual Fund,Index Funds - Hybrid Fund,Index Fund,11.5401,07-Sep-2026,14.17,,,13.3,,-23.94,,,Sync Pending,Awaiting Sync,Varies by Plan,
153656,Zerodha Silver ETF FoF,Zerodha Mutual Fund,Index Funds - Hybrid Fund,Index Fund,20.9627,07-Sep-2026,86.25,,,58.89,,-106.0,,,Sync Pending,Awaiting Sync,Varies by Plan,
132140,Aditya Birla Sun Life Global Emerging Opportunities Fund,Aditya Birla Sun Life Mutual Fund,Index Funds - Hybrid Fund,Index Fund,34.4315,03-Sep-2026,20.21,18.52,9.8,18.68,0.643,-33.62,,,Sync Pending,Factual Registry,Varies by Plan,11.7
132009,Aditya Birla Sun Life Global Excellence Equity Fund Of Fund,Aditya Birla Sun Life Mutual Fund,Index Funds - Hybrid Fund,Index Fund,46.6342,03-Sep-2026,23.68,20.91,13.15,17.47,0.825,-31.45,,,Sync Pending,Factual Registry,Varies by Plan,14.69
152140,Aditya Birla Sun Life US Treasury 1-3 Year Bond ETFs Passive FOF,Aditya Birla Sun Life Mutual Fund,Index Funds - Hybrid Fund,Index Fund,12.7677,04-Sep-2026,9.87,,,4.07,,-7.33,,,Sync Pending,Awaiting Sync,Varies by Plan,
152150,Aditya Birla Sun Life US Treasury 3-10 Year Bond ETFs Passive FOF,Aditya Birla Sun Life Mutual Fund,Index Funds - Hybrid Fund,Index Fund,12.8708,04-Sep-2026,7.53,,,5.6,,-10.08,,,Sync Pending,Awaiting Sync,Varies by Plan,
149098,Bandhan US specific Equity Active FOF,Bandhan Mutual Fund,Index Funds - Hybrid Fund,Index Fund,20.371,04-Sep-2026,13.07,23.05,15.02,21.22,0.78,-38.2,,,Sync Pending,Factual Registry,Varies by Plan,15.5
151548,Bandhan US Treasury Bond 0-1 year specific Debt Passive FOF,Bandhan Mutual Fund,Index Funds - Hybrid Fund,Index Fund,13.2921,04-Sep-2026,10.99,9.0,,3.8,0.658,-6.84,,,Sync Pending,Factual Registry,Varies by Plan,6.51
150285,Baroda BNP Paribas Aqua Fund of Fund,Baroda BNP Paribas Mutual Fund,Index Funds - Hybrid Fund,Index Fund,16.3362,04-Sep-2026,13.34,14.43,,16.81,0.472,-30.26,,,Sync Pending,Factual Registry,Varies by Plan,6.45
119275,DSP Global Clean Energy Overseas Equity Omni FoF,DSP Mutual Fund,Index Funds - Hybrid Fund,Index Fund,29.6951,04-Sep-2026,37.18,18.16,12.07,21.38,0.545,-38.48,,,Sync Pending,Factual Registry,Varies by Plan,11.47
149816,DSP Global Innovation Overseas Equity Omni FoF,DSP Mutual Fund,Index Funds - Hybrid Fund,Index Fund,22.7144,04-Sep-2026,28.69,26.25,,20.77,0.951,-37.39,,,Sync Pending,Factual Registry,Varies by Plan,13.18
152528,DSP US Specific Debt Passive FoF,DSP Mutual Fund,Index Funds - Hybrid Fund,Index Fund,12.3718,04-Sep-2026,7.43,,,6.4,,-11.52,,,Sync Pending,Awaiting Sync,Varies by Plan,
119252,DSP US Specific Equity Omni FoF,DSP Mutual Fund,Index Funds - Hybrid Fund,Index Fund,102.7184,04-Sep-2026,36.16,27.37,19.1,16.73,1.247,-30.11,,,Sync Pending,Factual Registry,Varies by Plan,21.24
119277,DSP World Gold Mining Overseas Equity Omni FoF,DSP Mutual Fund,Index Funds - Hybrid Fund,Index Fund,68.5472,04-Sep-2026,68.64,59.0,30.48,32.93,1.594,-59.27,,,Sync Pending,Factual Registry,Varies by Plan,37.42
119279,DSP World Mining Overseas Equity Omni FoF,DSP Mutual Fund,Index Funds - Hybrid Fund,Index Fund,37.6756,04-Sep-2026,73.39,31.13,20.35,26.7,0.922,-48.06,,,Sync Pending,Factual Registry,Varies by Plan,20.5
140256,Edelweiss ASEAN Equity Off-shore Fund,Edelweiss Mutual Fund,Index Funds - Hybrid Fund,Index Fund,43.106,04-Sep-2026,23.71,17.24,11.3,14.24,0.754,-25.63,,,Sync Pending,Factual Registry,Varies by Plan,12.63
140327,Edelweiss Emerging Markets Opportunities Equity Offshore Fund,Edelweiss Mutual Fund,Index Funds - Hybrid Fund,Index Fund,31.0269,04-Sep-2026,57.33,28.32,11.6,17.81,1.225,-32.06,,,Sync Pending,Factual Registry,Varies by Plan,19.15
140296,Edelweiss Europe Dynamic Equity Offshore Fund,Edelweiss Mutual Fund,Index Funds - Hybrid Fund,Index Fund,34.7887,04-Sep-2026,27.89,25.52,15.75,16.92,1.124,-30.46,,,Sync Pending,Factual Registry,Varies by Plan,18.86
140243,Edelweiss Greater China Equity Off-shore Fund,Edelweiss Mutual Fund,Index Funds - Hybrid Fund,Index Fund,72.19,04-Sep-2026,35.66,22.82,5.86,22.46,0.727,-40.43,,,Sync Pending,Factual Registry,Varies by Plan,12.27
148063,Edelweiss US Technology Equity Fund of Fund,Edelweiss Mutual Fund,Index Funds - Hybrid Fund,Index Fund,39.7487,04-Sep-2026,25.9,27.89,14.69,30.67,0.697,-55.21,,,Sync Pending,Factual Registry,Varies by Plan,15.98
140274,Edelweiss US Value Equity Offshore Fund,Edelweiss Mutual Fund,Index Funds - Hybrid Fund,Index Fund,49.0668,04-Sep-2026,30.27,20.19,15.04,16.83,0.813,-30.29,,,Sync Pending,Factual Registry,Varies by Plan,14.97
118551,Franklin U. S. Opportunities Equity Active Fund of Funds,Franklin Templeton Mutual Fund,Index Funds - Hybrid Fund,Index Fund,103.6555,04-Sep-2026,15.23,20.98,9.6,20.99,0.69,-37.78,,,Sync Pending,Factual Registry,Varies by Plan,12.62
123654,ICICI Prudential Global Stable Equity Fund (FOF),ICICI Prudential Mutual Fund,Index Funds - Hybrid Fund,Index Fund,36.86,04-Sep-2026,18.52,14.4,10.89,12.61,0.626,-22.7,,,Sync Pending,Factual Registry,Varies by Plan,10.9
149455,ICICI Prudential Strategic Metal and Energy Equity Fund of Fund,ICICI Prudential Mutual Fund,Index Funds - Hybrid Fund,Index Fund,34.7932,04-Sep-2026,71.27,36.69,,25.49,1.184,-45.88,,,Sync Pending,Factual Registry,Varies by Plan,18.05
148662,Kotak US Specific Equity Passive FOF,Kotak Mahindra Mutual Fund,Index Funds - Hybrid Fund,Index Fund,28.2674,04-Sep-2026,34.37,29.37,19.59,21.42,1.068,-38.56,,,Sync Pending,Factual Registry,Varies by Plan,20.82
149230,Mahindra Manulife Asia Pacific REITs FOF,Mahindra Manulife Mutual Fund,Index Funds - Hybrid Fund,Index Fund,11.1569,07-Sep-2026,9.37,9.73,,14.39,0.224,-25.9,,,Sync Pending,Factual Registry,Varies by Plan,3.57
152090,Motilal Oswal Developed Market Ex US ETFs Overseas Equity Passive FOF,Motilal Oswal Mutual Fund,Index Funds - Hybrid Fund,Index Fund,19.0113,04-Sep-2026,31.83,,,15.27,,-27.49,,,Sync Pending,Awaiting Sync,Varies by Plan,
138456,PGIM India Emerging Markets Equity Fund of Fund,PGIM India Mutual Fund,Index Funds - Hybrid Fund,Index Fund,25.99,04-Sep-2026,29.24,24.96,3.73,20.89,0.884,-37.6,,,Sync Pending,Factual Registry,Varies by Plan,13.43
138528,PGIM India Global Equity Opportunities Fund of Fund,PGIM India Mutual Fund,Index Funds - Hybrid Fund,Index Fund,55.01,04-Sep-2026,6.28,14.87,5.43,20.88,0.401,-37.58,,,Sync Pending,Factual Registry,Varies by Plan,7.49
149298,PGIM India Global Select Real Estate Securities Fund of Fund,PGIM India Mutual Fund,Index Funds - Hybrid Fund,Index Fund,13.66,04-Sep-2026,18.06,15.09,,15.51,0.554,-27.92,,,Sync Pending,Factual Registry,Varies by Plan,7.26
148760,SBI US Specific Equity Active FoF,SBI Mutual Fund,Index Funds - Hybrid Fund,Index Fund,25.1078,04-Sep-2026,25.91,25.43,17.12,19.57,0.967,-35.23,,,Sync Pending,Factual Registry,Varies by Plan,18.19
119602,Sundaram Global Brand Theme-Equity Active FOF,Sundaram Mutual Fund,Index Funds - Hybrid Fund,Index Fund,48.3843,04-Sep-2026,20.64,18.83,12.8,14.73,0.837,-26.51,,,Sync Pending,Factual Registry,Varies by Plan,14.08
153933,Choice Gold ETF,Choice Mutual Fund,Index Funds - Hybrid Fund,Index Fund,150.2041,07-Sep-2026,,,,,,,,,Sync Pending,Awaiting Sync,Varies by Plan,
154294,HSBC Gold ETF,HSBC Mutual Fund,Index Funds - Hybrid Fund,Index Fund,131.6308,07-Sep-2026,,,,,,,,,Sync Pending,Awaiting Sync,Varies by Plan,
153337,Union Gold ETF,Union Mutual Fund,Index Funds - Hybrid Fund,Index Fund,148.0752,07-Sep-2026,44.19,,,24.06,,-43.31,,,Sync Pending,Awaiting Sync,Varies by Plan,
150702,Aditya Birla Sun Life Crisil IBX 50:50 Gilt Plus SDL Apr 2028 Index Fund,Aditya Birla Sun Life Mutual Fund,Other Scheme - Index Funds,Index Fund,13.3813,07-Sep-2026,5.85,7.54,,1.25,0.832,-2.25,,,Sync Pending,Factual Registry,Varies by Plan,7.05
150353,Aditya Birla Sun Life Crisil IBX 60:40 SDL+AAA PSU-APR 2027 Index Fund,Aditya Birla Sun Life Mutual Fund,Other Scheme - Index Funds,Index Fund,13.1791,07-Sep-2026,6.22,7.42,,1.3,0.708,-2.34,,,Sync Pending,Factual Registry,Varies by Plan,6.38
150778,Aditya Birla Sun Life Crisil IBX Gilt -Apr 2029 Index Fund,Aditya Birla Sun Life Mutual Fund,Other Scheme - Index Funds,Index Fund,13.4757,07-Sep-2026,5.85,7.71,,1.72,0.703,-3.1,,,Sync Pending,Factual Registry,Varies by Plan,6.43
151577,Aditya Birla Sun Life Crisil IBX Gilt Apr 2028 Index Fund,Aditya Birla Sun Life Mutual Fund,Other Scheme - Index Funds,Index Fund,12.7065,07-Sep-2026,5.43,7.12,,1.11,0.559,-2.0,,,Sync Pending,Factual Registry,Varies by Plan,5.53
152267,Aditya Birla Sun Life Crisil IBX Gilt April 2033 Index Fund,Aditya Birla Sun Life Mutual Fund,Other Scheme - Index Funds,Index Fund,12.2787,07-Sep-2026,5.88,,,2.31,,-4.16,,,Sync Pending,Awaiting Sync,Varies by Plan,
152659,Aditya Birla Sun Life Crisil IBX Gilt June 2027 Index Fund,Aditya Birla Sun Life Mutual Fund,Other Scheme - Index Funds,Index Fund,11.6967,07-Sep-2026,5.54,,,0.79,,-1.42,,,Sync Pending,Awaiting Sync,Varies by Plan,
150698,Aditya Birla Sun Life Crisil IBX Gilt-April 2026 Index Fund,Aditya Birla Sun Life Mutual Fund,Other Scheme - Index Funds,Index Fund,12.7894,30-Apr-2026,5.82,6.83,,0.84,0.393,-1.51,,,Sync Pending,Factual Registry,Varies by Plan,4.61
151427,Aditya Birla Sun Life CRISIL IBX SDL Jun 2032 Index Fund,Aditya Birla Sun Life Mutual Fund,Other Scheme - Index Funds,Index Fund,13.0994,07-Sep-2026,6.14,7.47,,2.18,0.445,-3.92,,,Sync Pending,Factual Registry,Varies by Plan,5.0
153030,Aditya Birla Sun Life Crisil-IBX AAA Financial Services Index-Sep 2027 Fund,Aditya Birla Sun Life Mutual Fund,Other Scheme - Index Funds,Index Fund,11.4285,07-Sep-2026,6.52,,,0.78,,-1.4,,,Sync Pending,Awaiting Sync,Varies by Plan,
152947,Aditya Birla Sun Life Crisil-IBX AAA NBFC-HFC INDEX-Sep 2026 Fund,Aditya Birla Sun Life Mutual Fund,Other Scheme - Index Funds,Index Fund,11.5169,07-Sep-2026,6.82,,,0.44,,-0.79,,,Sync Pending,Awaiting Sync,Varies by Plan,
153179,Aditya Birla Sun Life Crisil-IBX Financial Services 3 to 6 months Debt Index Fund,Aditya Birla Sun Life Mutual Fund,Other Scheme - Index Funds,Index Fund,11.304,07-Sep-2026,7.07,,,0.38,,-0.68,,,Sync Pending,Awaiting Sync,Varies by Plan,
153443,Aditya Birla Sun Life Crisil-IBX Financial Services 9-12 Months Debt Index Fund,Aditya Birla Sun Life Mutual Fund,Other Scheme - Index Funds,Index Fund,11.0744,07-Sep-2026,6.5,,,0.6,,-1.08,,,Sync Pending,Awaiting Sync,Varies by Plan,
119648,Aditya Birla Sun Life Nifty 50 Index Fund,Aditya Birla Sun Life Mutual Fund,Other Scheme - Index Funds,Index Fund,248.5181,07-Sep-2026,-2.24,11.62,10.46,,,,0.17,1277.6061,mfdata.in,Factual Registry,Factsheet Verified,7.79
149794,Aditya Birla Sun Life Nifty SDL Apr 2027 Index Fund,Aditya Birla Sun Life Mutual Fund,Other Scheme - Index Funds,Index Fund,13.3335,07-Sep-2026,5.98,7.37,,1.38,0.63,-2.48,,,Sync Pending,Factual Registry,Varies by Plan,5.96
149199,Aditya Birla Sun Life Nifty SDL Plus PSU Bond SEP 2026 60:40 Index Fund,Aditya Birla Sun Life Mutual Fund,Other Scheme - Index Funds,Index Fund,13.3193,07-Sep-2026,6.01,7.23,,1.21,0.603,-2.18,,,Sync Pending,Factual Registry,Varies by Plan,5.79
151562,Aditya Birla Sun Life Nifty SDL SEP 2027 Index Fund,Aditya Birla Sun Life Mutual Fund,Other Scheme - Index Funds,Index Fund,12.9863,07-Sep-2026,6.12,7.59,,0.95,1.147,-1.71,,,Sync Pending,Factual Registry,Varies by Plan,8.68
153529,ANGEL ONE NIFTY 50 INDEX FUND,Angel One Mutual Fund,Other Scheme - Index Funds,Index Fund,9.8016,07-Sep-2026,-2.6,,,12.36,,-22.25,,,Sync Pending,Awaiting Sync,Varies by Plan,
153330,ANGEL ONE NIFTY TOTAL MARKET INDEX FUND,Angel One Mutual Fund,Other Scheme - Index Funds,Index Fund,11.846,07-Sep-2026,2.97,,,14.12,,-25.42,,,Sync Pending,Awaiting Sync,Varies by Plan,
153956,ANGEL ONE NIFTY TOTAL MARKET MOMENTUM QUALITY 50 INDEX FUND,Angel One Mutual Fund,Other Scheme - Index Funds,Index Fund,10.3052,07-Sep-2026,,,,,,,0.34,,Sync Pending,Awaiting Sync,Factsheet Verified,
151300,Axis CRISIL IBX 50:50 Gilt Plus SDL June 2028 Index Fund,Axis Mutual Fund,Other Scheme - Index Funds,Index Fund,12.979,07-Sep-2026,5.98,7.55,,1.17,0.897,-2.11,,,Sync Pending,Factual Registry,Varies by Plan,7.39
147666,Axis Nifty 100 Index Fund,Axis Mutual Fund,Other Scheme - Index Funds,Index Fund,22.3462,07-Sep-2026,-2.11,12.69,10.79,,,,0.21,1983.8499,mfdata.in,Factual Registry,Factsheet Verified,8.31
153506,Bajaj Finserv Nifty 50 Index Fund,Bajaj Finserv Mutual Fund,Other Scheme - Index Funds,Index Fund,9.7198,07-Sep-2026,-2.84,,,12.31,,-22.16,,,Sync Pending,Awaiting Sync,Varies by Plan,
153479,Bajaj Finserv Nifty Next 50 Index Fund,Bajaj Finserv Mutual Fund,Other Scheme - Index Funds,Index Fund,11.571,07-Sep-2026,8.45,,,15.7,,-28.26,,,Sync Pending,Awaiting Sync,Varies by Plan,
152844,Bandhan BSE Healthcare Index Fund,Bandhan Mutual Fund,Other Scheme - Index Funds,Index Fund,11.8421,07-Sep-2026,15.21,,,14.51,,-26.12,,,Sync Pending,Awaiting Sync,Varies by Plan,
153838,Bandhan BSE India Sector Leaders Index Fund,Bandhan Mutual Fund,Other Scheme - Index Funds,Index Fund,9.5734,07-Sep-2026,,,,,,,0.28,26.904896,mfdata.in,Awaiting Sync,Factsheet Verified,
150871,BANDHAN CRISIL IBX 90:10 SDL PLUS GILT - APRIL 2032 INDEX FUND,Bandhan Mutual Fund,Other Scheme - Index Funds,Index Fund,13.2709,07-Sep-2026,6.38,7.55,,2.12,0.495,-3.82,,,Sync Pending,Factual Registry,Varies by Plan,5.28
150868,BANDHAN CRISIL IBX 90:10 SDL PLUS GILT - NOV 2026 INDEX FUND,Bandhan Mutual Fund,Other Scheme - Index Funds,Index Fund,13.0728,07-Sep-2026,5.96,7.35,,0.75,1.133,-1.35,,,Sync Pending,Factual Registry,Varies by Plan,8.53
150888,BANDHAN CRISIL IBX 90:10 SDL PLUS GILT - SEPTEMBER 2027 INDEX FUND,Bandhan Mutual Fund,Other Scheme - Index Funds,Index Fund,13.1846,07-Sep-2026,6.34,7.66,,1.06,1.094,-1.91,,,Sync Pending,Factual Registry,Varies by Plan,8.43
150746,BANDHAN CRISIL IBX GILT APRIL 2026 INDEX FUND,Bandhan Mutual Fund,Other Scheme - Index Funds,Index Fund,12.77112514,30-Apr-2026,5.82,6.84,,0.78,0.436,-1.4,,,Sync Pending,Factual Registry,Varies by Plan,4.84
148792,BANDHAN CRISIL IBX GILT APRIL 2028 INDEX FUND,Bandhan Mutual Fund,Other Scheme - Index Funds,Index Fund,14.0038,07-Sep-2026,5.78,7.49,6.1,1.77,0.559,-3.19,,,Sync Pending,Factual Registry,Varies by Plan,7.44
151408,BANDHAN CRISIL IBX GILT APRIL 2032 INDEX FUND,Bandhan Mutual Fund,Other Scheme - Index Funds,Index Fund,13.188,07-Sep-2026,5.87,7.86,,2.22,0.613,-4.0,,,Sync Pending,Factual Registry,Varies by Plan,5.99
148789,BANDHAN CRISIL IBX GILT JUNE 2027 INDEX FUND,Bandhan Mutual Fund,Other Scheme - Index Funds,Index Fund,13.916,07-Sep-2026,5.7,7.36,5.98,1.63,0.528,-2.93,,,Sync Pending,Factual Registry,Varies by Plan,7.21
153389,Bandhan CRISIL-IBX 10:90 Gilt Plus SDL Index - Dec 2029 Fund,Bandhan Mutual Fund,Other Scheme - Index Funds,Index Fund,11.0361,07-Sep-2026,5.69,,,2.11,,-3.8,,,Sync Pending,Awaiting Sync,Varies by Plan,
153407,Bandhan CRISIL-IBX Financial Services 3-6 Months Debt Index Fund,Bandhan Mutual Fund,Other Scheme - Index Funds,Index Fund,11.1053,07-Sep-2026,7.06,,,0.39,,-0.7,,,Sync Pending,Awaiting Sync,Varies by Plan,
149832,BANDHAN NIFTY 100 INDEX FUND,Bandhan Mutual Fund,Other Scheme - Index Funds,Index Fund,14.9701,07-Sep-2026,-2.07,12.78,,,,,0.1,229.0246,mfdata.in,Factual Registry,Factsheet Verified,5.11
153114,Bandhan Nifty 200 Quality 30 Index Fund,Bandhan Mutual Fund,Other Scheme - Index Funds,Index Fund,9.5256,07-Sep-2026,-1.99,,,13.61,,-24.5,,,Sync Pending,Awaiting Sync,Varies by Plan,
118482,BANDHAN Nifty 50 Index Fund,Bandhan Mutual Fund,Other Scheme - Index Funds,Index Fund,53.2885,07-Sep-2026,-2.21,11.65,10.57,,,,0.1,2245.1415,mfdata.in,Factual Registry,Factsheet Verified,7.83
153003,Bandhan Nifty 500 Momentum 50 Index Fund,Bandhan Mutual Fund,Other Scheme - Index Funds,Index Fund,9.1656,07-Sep-2026,7.02,,,19.97,,-35.95,,,Sync Pending,Awaiting Sync,Varies by Plan,
152990,Bandhan Nifty 500 Value 50 Index Fund,Bandhan Mutual Fund,Other Scheme - Index Funds,Index Fund,11.2592,07-Sep-2026,15.74,,,17.61,,-31.7,,,Sync Pending,Awaiting Sync,Varies by Plan,
152177,Bandhan Nifty Alpha 50 Index Fund,Bandhan Mutual Fund,Other Scheme - Index Funds,Index Fund,14.8215,07-Sep-2026,-4.37,,,,,,0.35,520.1003,mfdata.in,Awaiting Sync,Factsheet Verified,
153213,Bandhan Nifty Alpha Low Volatility 30 Index Fund,Bandhan Mutual Fund,Other Scheme - Index Funds,Index Fund,10.1793,07-Sep-2026,1.1,,,12.78,,-23.0,,,Sync Pending,Awaiting Sync,Varies by Plan,
152793,BANDHAN NIFTY BANK INDEX FUND,Bandhan Mutual Fund,Other Scheme - Index Funds,Index Fund,11.228,07-Sep-2026,6.39,,,15.49,,-27.88,,,Sync Pending,Awaiting Sync,Varies by Plan,
152041,Bandhan Nifty IT Index Fund,Bandhan Mutual Fund,Other Scheme - Index Funds,Index Fund,10.2142,07-Sep-2026,-11.3,0.24,,22.13,-0.283,-39.83,,,Sync Pending,Factual Registry,Varies by Plan,-3.53
152855,Bandhan Nifty Midcap 150 Index Fund,Bandhan Mutual Fund,Other Scheme - Index Funds,Index Fund,10.5026,07-Sep-2026,9.64,,,17.1,,-30.78,,,Sync Pending,Awaiting Sync,Varies by Plan,
153350,Bandhan Nifty Next 50 Index Fund,Bandhan Mutual Fund,Other Scheme - Index Funds,Index Fund,12.8222,07-Sep-2026,9.16,,,16.81,,-30.26,,,Sync Pending,Awaiting Sync,Varies by Plan,
152264,BANDHAN Nifty Smallcap 250 Index Fund,Bandhan Mutual Fund,Other Scheme - Index Funds,Index Fund,13.4189,07-Sep-2026,9.75,,,19.33,,-34.79,,,Sync Pending,Awaiting Sync,Varies by Plan,
152716,BANDHAN NIFTY TOTAL MARKET INDEX FUND,Bandhan Mutual Fund,Other Scheme - Index Funds,Index Fund,10.2247,07-Sep-2026,2.66,,,14.2,,-25.56,,,Sync Pending,Awaiting Sync,Varies by Plan,
150636,BANDHAN Nifty100 Low Volatility 30 Index Fund,Bandhan Mutual Fund,Other Scheme - Index Funds,Index Fund,15.6076,07-Sep-2026,-0.5,13.8,,,,,0.35,1834.1659,mfdata.in,Factual Registry,Factsheet Verified,5.52
150591,BANDHAN NIFTY200 MOMENTUM 30 INDEX FUND,Bandhan Mutual Fund,Other Scheme - Index Funds,Index Fund,15.6862,07-Sep-2026,-2.25,15.96,,,,,0.42,132.6995,mfdata.in,Factual Registry,Factsheet Verified,6.38
152329,Baroda BNP Paribas Nifty 50 Index Fund,Baroda BNP Paribas Mutual Fund,Other Scheme - Index Funds,Index Fund,11.2355,07-Sep-2026,-2.61,,,13.46,,-24.23,,,Sync Pending,Awaiting Sync,Varies by Plan,
153000,Baroda BNP Paribas Nifty Midcap 150 Index Fund,Baroda BNP Paribas Mutual Fund,Other Scheme - Index Funds,Index Fund,11.1108,07-Sep-2026,9.38,,,17.14,,-30.85,,,Sync Pending,Awaiting Sync,Varies by Plan,
151283,Baroda BNP Paribas Nifty SDL December 2026 Index Fund,Baroda BNP Paribas Mutual Fund,Other Scheme - Index Funds,Index Fund,12.8756,20-Aug-2026,6.0,7.4,,0.85,1.059,-1.53,,,Sync Pending,Factual Registry,Varies by Plan,8.17
151574,Baroda BNP Paribas NIFTY SDL December 2028 Index Fund,Baroda BNP Paribas Mutual Fund,Other Scheme - Index Funds,Index Fund,12.943,07-Sep-2026,5.8,7.54,,1.64,0.634,-2.95,,,Sync Pending,Factual Registry,Varies by Plan,6.02
152931,Baroda BNP Paribas Nifty200 Momentum 30 Index Fund,Baroda BNP Paribas Mutual Fund,Other Scheme - Index Funds,Index Fund,8.1156,07-Sep-2026,1.56,,,18.83,,-33.89,,,Sync Pending,Awaiting Sync,Varies by Plan,
154301,Choice Nifty 50 Index Fund,Choice Mutual Fund,Other Scheme - Index Funds,Index Fund,10.2927,07-Sep-2026,,,,,,,,,Sync Pending,Awaiting Sync,Varies by Plan,
154304,Choice Nifty Next 50 Index Fund,Choice Mutual Fund,Other Scheme - Index Funds,Index Fund,11.2882,07-Sep-2026,,,,,,,,,Sync Pending,Awaiting Sync,Varies by Plan,
153219,DSP BSE SENSEX Next 30 Index Fund,DSP Mutual Fund,Other Scheme - Index Funds,Index Fund,12.1602,07-Sep-2026,9.69,,,15.05,,-27.09,,,Sync Pending,Awaiting Sync,Varies by Plan,
151329,DSP CRISIL-IBX 50:50 Gilt Plus SDL - April 2033 Index Fund,DSP Mutual Fund,Other Scheme - Index Funds,Index Fund,13.1505,07-Sep-2026,5.88,7.57,,1.98,0.54,-3.56,,,Sync Pending,Factual Registry,Varies by Plan,5.53
141877,DSP Nifty 50 Equal Weight Index Fund,DSP Mutual Fund,Other Scheme - Index Funds,Index Fund,27.1188,07-Sep-2026,2.7,16.68,14.63,,,,0.41,2471.388,mfdata.in,Factual Registry,Factsheet Verified,11.06
146376,DSP Nifty 50 Index Fund,DSP Mutual Fund,Other Scheme - Index Funds,Index Fund,23.4978,07-Sep-2026,-2.22,11.63,10.53,,,,0.18,983.2319,mfdata.in,Factual Registry,Factsheet Verified,7.81
154088,DSP Nifty 500 Index Fund,DSP Mutual Fund,Other Scheme - Index Funds,Index Fund,9.673,07-Sep-2026,,,,,,,0.3,,Sync Pending,Awaiting Sync,Factsheet Verified,
152654,DSP Nifty Bank Index Fund,DSP Mutual Fund,Other Scheme - Index Funds,Index Fund,11.7757,07-Sep-2026,6.45,,,16.72,,-30.1,,,Sync Pending,Awaiting Sync,Varies by Plan,
153594,DSP Nifty Healthcare Index Fund,DSP Mutual Fund,Other Scheme - Index Funds,Index Fund,11.7617,07-Sep-2026,13.49,,,13.41,,-24.14,,,Sync Pending,Awaiting Sync,Varies by Plan,
153590,DSP Nifty IT Index Fund,DSP Mutual Fund,Other Scheme - Index Funds,Index Fund,7.8711,07-Sep-2026,-11.05,,,24.02,,-43.24,,,Sync Pending,Awaiting Sync,Varies by Plan,
154014,DSP Nifty Midcap 150 Index Fund,DSP Mutual Fund,Other Scheme - Index Funds,Index Fund,10.541,07-Sep-2026,,,,,,,0.24,,Sync Pending,Awaiting Sync,Factsheet Verified,
150428,DSP Nifty Midcap 150 Quality 50 Index Fund,DSP Mutual Fund,Other Scheme - Index Funds,Index Fund,14.7915,07-Sep-2026,-3.99,12.5,,,,,0.29,462.4255,mfdata.in,Factual Registry,Factsheet Verified,5.0
146381,DSP Nifty Next 50 Index Fund,DSP Mutual Fund,Other Scheme - Index Funds,Index Fund,28.7973,07-Sep-2026,-1.33,18.94,13.25,,,,0.25,1194.4566,mfdata.in,Factual Registry,Factsheet Verified,11.55
153348,DSP Nifty Private Bank Index Fund,DSP Mutual Fund,Other Scheme - Index Funds,Index Fund,11.4344,07-Sep-2026,5.89,,,15.95,,-28.71,,,Sync Pending,Awaiting Sync,Varies by Plan,
149970,DSP Nifty SDL Plus G-Sec Jun 2028 30:70 Index Fund,DSP Mutual Fund,Other Scheme - Index Funds,Index Fund,13.3839,07-Sep-2026,5.92,7.55,,1.57,0.669,-2.83,,,Sync Pending,Factual Registry,Varies by Plan,6.21
151373,DSP Nifty SDL Plus G-Sec Sep 2027 50:50 Index Fund,DSP Mutual Fund,Other Scheme - Index Funds,Index Fund,12.9928,07-Sep-2026,6.03,7.51,,0.93,1.086,-1.67,,,Sync Pending,Factual Registry,Varies by Plan,8.34
154018,DSP Nifty Smallcap 250 Index Fund,DSP Mutual Fund,Other Scheme - Index Funds,Index Fund,11.3698,07-Sep-2026,,,,,,,0.26,,Sync Pending,Awaiting Sync,Factsheet Verified,
152243,DSP Nifty Smallcap250 Quality 50 Index Fund,DSP Mutual Fund,Other Scheme - Index Funds,Index Fund,11.2108,07-Sep-2026,-10.08,,,,,,0.17,283.1231,mfdata.in,Awaiting Sync,Factsheet Verified,
152814,DSP Nifty Top 10 Equal Weight Index Fund,DSP Mutual Fund,Other Scheme - Index Funds,Index Fund,8.9468,07-Sep-2026,-9.31,,,,,,0.24,1307.1416,mfdata.in,Awaiting Sync,Factsheet Verified,
153801,DSP Nifty500 Flexicap Quality 30 Index Fund,DSP Mutual Fund,Other Scheme - Index Funds,Index Fund,9.6357,07-Sep-2026,-4.49,,,,,,,,Sync Pending,Awaiting Sync,Varies by Plan,
153497,Edelweiss BSE Internet Economy Index Fund,Edelweiss Mutual Fund,Other Scheme - Index Funds,Index Fund,11.8223,07-Sep-2026,9.3,,,17.66,,-31.79,,,Sync Pending,Awaiting Sync,Varies by Plan,
150671,Edelweiss CRISIL IBX 50:50 Gilt Plus SDL April 2037 Index Fund,Edelweiss Mutual Fund,Other Scheme - Index Funds,Index Fund,13.4735,07-Sep-2026,4.95,7.25,,2.57,0.292,-4.63,,,Sync Pending,Factual Registry,Varies by Plan,4.1
150727,Edelweiss CRISIL IBX 50:50 Gilt Plus SDL June 2027 Index Fund,Edelweiss Mutual Fund,Other Scheme - Index Funds,Index Fund,13.2529,07-Sep-2026,5.89,7.42,,0.93,0.989,-1.67,,,Sync Pending,Factual Registry,Varies by Plan,7.82
150807,Edelweiss CRISIL IBX 50:50 Gilt Plus SDL Sep 2028 Index Fund,Edelweiss Mutual Fund,Other Scheme - Index Funds,Index Fund,13.3047,07-Sep-2026,5.83,7.58,,1.2,0.9,-2.16,,,Sync Pending,Factual Registry,Varies by Plan,7.41
151365,Edelweiss CRISIL IBX 50:50 Gilt Plus SDL Short Duration Index Fund,Edelweiss Mutual Fund,Other Scheme - Index Funds,Index Fund,12.9276,07-Sep-2026,5.78,7.38,,1.01,0.871,-1.82,,,Sync Pending,Factual Registry,Varies by Plan,7.21
153335,Edelweiss CRISIL IBX AAA Bond NBFC HFC Jun 2027 Index Fund,Edelweiss Mutual Fund,Other Scheme - Index Funds,Index Fund,11.2398,07-Sep-2026,6.71,,,0.81,,-1.46,,,Sync Pending,Awaiting Sync,Varies by Plan,
153115,Edelweiss CRISIL IBX AAA Financial Services Bond - Jan 2028 Index Fund,Edelweiss Mutual Fund,Other Scheme - Index Funds,Index Fund,11.396,07-Sep-2026,6.32,,,0.93,,-1.67,,,Sync Pending,Awaiting Sync,Varies by Plan,
149950,Edelweiss CRISIL PSU Plus SDL 50:50 Oct 2025 Index Fund,Edelweiss Mutual Fund,Other Scheme - Index Funds,Index Fund,12.3889,31-Oct-2025,6.78,7.23,,1.05,0.695,-1.89,,,Sync Pending,Factual Registry,Varies by Plan,6.26
148555,Edelweiss MSCI India Domestic & World Healthcare 45 Index Fund,Edelweiss Mutual Fund,Other Scheme - Index Funds,Index Fund,24.6758,04-Sep-2026,7.75,22.09,15.03,,,,0.52,174.9312,mfdata.in,Factual Registry,Factsheet Verified,13.34
149254,Edelweiss Nifty 100 Quality 30 Index Fund,Edelweiss Mutual Fund,Other Scheme - Index Funds,Index Fund,14.6796,07-Sep-2026,-0.98,12.41,,,,,0.38,143.8637,mfdata.in,Factual Registry,Factsheet Verified,4.96
149250,Edelweiss Nifty 50 Index Fund,Edelweiss Mutual Fund,Other Scheme - Index Funds,Index Fund,14.1112,07-Sep-2026,-2.14,11.57,,,,,0.05,258.6372,mfdata.in,Factual Registry,Factsheet Verified,4.63
152616,Edelweiss Nifty Alpha Low Volatility 30 Index Fund,Edelweiss Mutual Fund,Other Scheme - Index Funds,Index Fund,10.0088,07-Sep-2026,-2.66,,,,,,0.39,116.7407,mfdata.in,Awaiting Sync,Factsheet Verified,
149343,Edelweiss NIFTY Large Midcap 250 Index Fund,Edelweiss Mutual Fund,Other Scheme - Index Funds,Index Fund,17.334,07-Sep-2026,0.37,17.15,,,,,0.3,327.6751,mfdata.in,Factual Registry,Factsheet Verified,6.86
154310,Edelweiss Nifty LargeMidcap250 Plus 8-13yr G-Sec 70:30 Index Fund,Edelweiss Mutual Fund,Other Scheme - Index Funds,Index Fund,10.8002,07-Sep-2026,,,,,,,,,Sync Pending,Awaiting Sync,Varies by Plan,
150902,Edelweiss Nifty Midcap150 Momentum 50 Index Fund,Edelweiss Mutual Fund,Other Scheme - Index Funds,Index Fund,18.7668,07-Sep-2026,-0.28,22.01,,,,,0.43,1452.1827,mfdata.in,Factual Registry,Factsheet Verified,8.8
150899,Edelweiss Nifty Next 50 Index Fund,Edelweiss Mutual Fund,Other Scheme - Index Funds,Index Fund,16.9643,07-Sep-2026,-1.45,18.9,,,,,0.08,220.5678,mfdata.in,Factual Registry,Factsheet Verified,7.56
148795,Edelweiss Nifty PSU Bond Plus SDL Apr 2026 50:50 Index Fund,Edelweiss Mutual Fund,Other Scheme - Index Funds,Index Fund,13.7188,30-Apr-2026,6.26,7.08,6.14,1.23,0.472,-2.21,,,Sync Pending,Factual Registry,Varies by Plan,6.91
149247,Edelweiss NIFTY PSU Bond Plus SDL Apr 2027 50:50 Index Fund,Edelweiss Mutual Fund,Other Scheme - Index Funds,Index Fund,13.4259,07-Sep-2026,6.18,7.49,,1.42,0.697,-2.56,,,Sync Pending,Factual Registry,Varies by Plan,6.34
150892,Edelweiss Nifty Smallcap 250 Index Fund,Edelweiss Mutual Fund,Other Scheme - Index Funds,Index Fund,19.2805,07-Sep-2026,-5.07,18.95,,,,,0.14,194.4542,mfdata.in,Factual Registry,Factsheet Verified,7.58
152985,Edelweiss Nifty500 Multicap Momentum Quality 50 Index Fund,Edelweiss Mutual Fund,Other Scheme - Index Funds,Index Fund,9.1739,07-Sep-2026,-2.91,,,,,,0.36,521.3473,mfdata.in,Awaiting Sync,Factsheet Verified,
118581,Franklin India NSE Nifty 50 Index Fund,Franklin Templeton Mutual Fund,Other Scheme - Index Funds,Index Fund,203.5322,07-Sep-2026,-2.24,11.55,10.42,,,,0.28,764.57426,mfdata.in,Factual Registry,Factsheet Verified,7.75
151728,HDFC BSE 500 Index Fund,HDFC Mutual Fund,Other Scheme - Index Funds,Index Fund,15.6604,07-Sep-2026,-1.99,,,,,,0.3,258.7886,mfdata.in,Awaiting Sync,Factsheet Verified,
153959,HDFC BSE India Sector Leaders Index Fund,HDFC Mutual Fund,Other Scheme - Index Funds,Index Fund,9.3882,07-Sep-2026,,,,,,,0.3,191.198,mfdata.in,Awaiting Sync,Factsheet Verified,
119065,HDFC BSE Sensex Index Fund,HDFC Mutual Fund,Other Scheme - Index Funds,Index Fund,728.9654,07-Sep-2026,-4.46,6.12,6.67,16.13,-0.024,-29.03,,,Sync Pending,Factual Registry,Varies by Plan,2.72
153517,HDFC CRISIL-IBX Financial Services 3-6 Months Debt Index Fund,HDFC Mutual Fund,Other Scheme - Index Funds,Index Fund,10.9805,07-Sep-2026,7.26,,,0.38,,-0.68,,,Sync Pending,Awaiting Sync,Varies by Plan,
154308,HDFC CRISIL-IBX Financial Services 9-12 Months Debt Index Fund,HDFC Mutual Fund,Other Scheme - Index Funds,Index Fund,10.3739,07-Sep-2026,,,,,,,0.12,,Sync Pending,Awaiting Sync,Factsheet Verified,
149870,HDFC NIFTY 100 Equal Weight Index Fund,HDFC Mutual Fund,Other Scheme - Index Funds,Index Fund,17.4879,07-Sep-2026,0.59,17.48,,,,,0.4,417.8106,mfdata.in,Factual Registry,Factsheet Verified,6.99
149868,HDFC NIFTY 100 Index Fund,HDFC Mutual Fund,Other Scheme - Index Funds,Index Fund,14.8824,07-Sep-2026,-2.22,12.54,,,,,0.3,403.2634,mfdata.in,Factual Registry,Factsheet Verified,5.02
119063,HDFC Nifty 50 Index Fund,HDFC Mutual Fund,Other Scheme - Index Funds,Index Fund,232.7811,07-Sep-2026,-2.59,7.84,7.63,16.11,0.083,-29.0,,,Sync Pending,Factual Registry,Varies by Plan,4.23
151495,HDFC Nifty G-Sec Apr 2029 Index Fund,HDFC Mutual Fund,Other Scheme - Index Funds,Index Fund,13.0641,07-Sep-2026,5.82,7.7,,1.58,0.759,-2.84,,,Sync Pending,Factual Registry,Varies by Plan,6.72
150845,HDFC Nifty G-Sec Dec 2026 Index Fund,HDFC Mutual Fund,Other Scheme - Index Funds,Index Fund,13.045,07-Sep-2026,5.68,7.16,,0.91,0.725,-1.64,,,Sync Pending,Factual Registry,Varies by Plan,6.4
150847,HDFC Nifty G-Sec July 2031 Index Fund,HDFC Mutual Fund,Other Scheme - Index Funds,Index Fund,13.4304,07-Sep-2026,6.0,7.88,,2.27,0.608,-4.09,,,Sync Pending,Factual Registry,Varies by Plan,5.96
151181,HDFC Nifty G-Sec Jun 2027 Index Fund,HDFC Mutual Fund,Other Scheme - Index Funds,Index Fund,13.022,07-Sep-2026,5.69,7.37,,1.09,0.798,-1.96,,,Sync Pending,Factual Registry,Varies by Plan,6.83
151489,HDFC Nifty G-Sec Jun 2036 Index Fund,HDFC Mutual Fund,Other Scheme - Index Funds,Index Fund,13.1538,07-Sep-2026,5.28,7.72,,3.17,0.385,-5.71,,,Sync Pending,Factual Registry,Varies by Plan,4.7
151183,HDFC Nifty G-Sec Sep 2032 Index Fund,HDFC Mutual Fund,Other Scheme - Index Funds,Index Fund,13.2892,07-Sep-2026,5.65,7.79,,2.43,0.531,-4.37,,,Sync Pending,Factual Registry,Varies by Plan,5.53
154179,HDFC Nifty India Consumption Index Fund,HDFC Mutual Fund,Other Scheme - Index Funds,Index Fund,9.7329,07-Sep-2026,,,,,,,0.35,162.2406,mfdata.in,Awaiting Sync,Factsheet Verified,
153097,HDFC Nifty India Digital Index Fund,HDFC Mutual Fund,Other Scheme - Index Funds,Index Fund,8.7754,07-Sep-2026,-1.66,,,18.74,,-33.73,,,Sync Pending,Awaiting Sync,Varies by Plan,
152889,HDFC NIFTY LargeMidcap 250 Index Fund,HDFC Mutual Fund,Other Scheme - Index Funds,Index Fund,10.1517,07-Sep-2026,0.39,,,,,,0.25,420.835,mfdata.in,Awaiting Sync,Factsheet Verified,
151724,HDFC NIFTY Midcap 150 Index Fund,HDFC Mutual Fund,Other Scheme - Index Funds,Index Fund,19.7104,07-Sep-2026,2.87,,,,,,0.3,508.1279,mfdata.in,Awaiting Sync,Factsheet Verified,
149288,HDFC NIFTY Next 50 index Fund,HDFC Mutual Fund,Other Scheme - Index Funds,Index Fund,17.1849,07-Sep-2026,-1.51,18.65,,,,,0.3,2249.0524,mfdata.in,Factual Registry,Factsheet Verified,7.46
152521,HDFC NIFTY Realty Index Fund,HDFC Mutual Fund,Other Scheme - Index Funds,Index Fund,10.0245,07-Sep-2026,2.73,,,27.91,,-50.24,,,Sync Pending,Awaiting Sync,Varies by Plan,
151456,HDFC Nifty SDL Oct 2026 Index Fund,HDFC Mutual Fund,Other Scheme - Index Funds,Index Fund,12.8627,07-Sep-2026,5.78,7.21,,0.69,1.029,-1.24,,,Sync Pending,Factual Registry,Varies by Plan,7.96
151570,HDFC NIFTY SDL Plus G-Sec Jun 2027 40:60 Index Fund,HDFC Mutual Fund,Other Scheme - Index Funds,Index Fund,12.8022,07-Sep-2026,5.87,7.42,,0.82,1.122,-1.48,,,Sync Pending,Factual Registry,Varies by Plan,8.5
151727,HDFC NIFTY Smallcap 250 Index Fund,HDFC Mutual Fund,Other Scheme - Index Funds,Index Fund,20.1601,07-Sep-2026,-5.21,,,,,,0.3,554.6723,mfdata.in,Awaiting Sync,Factsheet Verified,
153405,HDFC Nifty Top 20 Equal Weight Index Fund,HDFC Mutual Fund,Other Scheme - Index Funds,Index Fund,10.0735,07-Sep-2026,-2.85,,,13.4,,-24.12,,,Sync Pending,Awaiting Sync,Varies by Plan,
152713,HDFC NIFTY100 Low Volatility 30 Index Fund,HDFC Mutual Fund,Other Scheme - Index Funds,Index Fund,10.2719,07-Sep-2026,-2.44,,,11.76,,-21.17,,,Sync Pending,Awaiting Sync,Varies by Plan,
153264,HDFC Nifty100 Quality 30 Index Fund,HDFC Mutual Fund,Other Scheme - Index Funds,Index Fund,10.805,07-Sep-2026,-0.32,,,12.58,,-22.64,,,Sync Pending,Awaiting Sync,Varies by Plan,
152430,HDFC NIFTY200 Momentum 30 Index Fund,HDFC Mutual Fund,Other Scheme - Index Funds,Index Fund,10.29,07-Sep-2026,1.96,,,20.37,,-36.67,,,Sync Pending,Awaiting Sync,Varies by Plan,
149107,HDFC NIFTY50 Equal Weight Index Fund,HDFC Mutual Fund,Other Scheme - Index Funds,Index Fund,18.3854,07-Sep-2026,2.63,16.66,,,,,0.4,1698.103,mfdata.in,Factual Registry,Factsheet Verified,6.66
152778,HDFC NIFTY500 Multicap 50:25:25 Index Fund,HDFC Mutual Fund,Other Scheme - Index Funds,Index Fund,10.1512,07-Sep-2026,4.61,,,14.93,,-26.87,,,Sync Pending,Awaiting Sync,Varies by Plan,
153411,ICICI Prudential CRISIL-IBX Financial Services 3-6 Months Debt Index Fund,ICICI Prudential Mutual Fund,Other Scheme - Index Funds,Index Fund,11.0908,07-Sep-2026,7.1,,,0.38,,-0.68,,,Sync Pending,Awaiting Sync,Varies by Plan,
149219,ICICI Prudential NASDAQ 100 Index Fund,ICICI Prudential Mutual Fund,Other Scheme - Index Funds,Index Fund,24.2824,04-Sep-2026,30.33,29.44,,,,,0.51,2800.8886,mfdata.in,Factual Registry,Factsheet Verified,11.78
150452,ICICI Prudential Nifty 200 Momentum 30 Index Fund,ICICI Prudential Mutual Fund,Other Scheme - Index Funds,Index Fund,16.7133,07-Sep-2026,-2.02,16.1,,,,,0.32,564.14976,mfdata.in,Factual Registry,Factsheet Verified,6.44
153161,ICICI Prudential Nifty 500 Index Fund,ICICI Prudential Mutual Fund,Other Scheme - Index Funds,Index Fund,10.4716,07-Sep-2026,2.24,,,14.15,,-25.47,,,Sync Pending,Awaiting Sync,Varies by Plan,
150643,ICICI Prudential Nifty Auto Index Fund,ICICI Prudential Mutual Fund,Other Scheme - Index Funds,Index Fund,22.4092,07-Sep-2026,12.42,26.79,,,,,0.3,216.59492,mfdata.in,Factual Registry,Factsheet Verified,10.72
149858,ICICI Prudential Nifty Bank Index Fund,ICICI Prudential Mutual Fund,Other Scheme - Index Funds,Index Fund,16.4918,07-Sep-2026,2.36,10.72,,,,,0.15,703.74866,mfdata.in,Factual Registry,Factsheet Verified,4.29
150733,ICICI Prudential Nifty G-Sec Dec 2030 Index Fund,ICICI Prudential Mutual Fund,Other Scheme - Index Funds,Index Fund,13.488,07-Sep-2026,5.85,7.71,,2.06,0.587,-3.71,,,Sync Pending,Factual Registry,Varies by Plan,5.81
150468,ICICI Prudential Nifty IT Index Fund,ICICI Prudential Mutual Fund,Other Scheme - Index Funds,Index Fund,10.661,07-Sep-2026,-18.64,3.81,,,,,0.26,516.50243,mfdata.in,Factual Registry,Factsheet Verified,1.52
152482,ICICI Prudential Nifty LargeMidcap 250 Index Fund,ICICI Prudential Mutual Fund,Other Scheme - Index Funds,Index Fund,12.4723,07-Sep-2026,0.39,,,,,,0.25,249.63407,mfdata.in,Awaiting Sync,Factsheet Verified,
149389,ICICI Prudential Nifty Midcap 150 Index Fund,ICICI Prudential Mutual Fund,Other Scheme - Index Funds,Index Fund,20.6468,07-Sep-2026,2.95,21.44,,,,,0.16,957.88,mfdata.in,Factual Registry,Factsheet Verified,8.58
120684,ICICI Prudential Nifty Next 50 Index Fund,ICICI Prudential Mutual Fund,Other Scheme - Index Funds,Index Fund,67.5608,07-Sep-2026,-1.53,18.76,13.08,,,,0.31,8396.383,mfdata.in,Factual Registry,Factsheet Verified,11.43
150930,ICICI Prudential Nifty Pharma Index Fund,ICICI Prudential Mutual Fund,Other Scheme - Index Funds,Index Fund,20.6604,07-Sep-2026,2.42,23.46,,,,,0.38,97.03316,mfdata.in,Factual Registry,Factsheet Verified,9.38
153679,ICICI Prudential Nifty Private Bank Index Fund,ICICI Prudential Mutual Fund,Other Scheme - Index Funds,Index Fund,9.9772,07-Sep-2026,5.91,,,15.82,,-28.48,,,Sync Pending,Awaiting Sync,Varies by Plan,
149210,ICICI Prudential Nifty PSU Bond Plus SDL Sep 2027 40:60 Index Fund,ICICI Prudential Mutual Fund,Other Scheme - Index Funds,Index Fund,13.4082,07-Sep-2026,6.18,7.56,,1.54,0.688,-2.77,,,Sync Pending,Factual Registry,Varies by Plan,6.31
150729,ICICI Prudential Nifty SDL Dec 2028 Index Fund,ICICI Prudential Mutual Fund,Other Scheme - Index Funds,Index Fund,13.4285,07-Sep-2026,5.83,7.58,,1.7,0.635,-3.06,,,Sync Pending,Factual Registry,Varies by Plan,6.04
151211,ICICI Prudential Nifty SDL Sep 2026 Index Fund,ICICI Prudential Mutual Fund,Other Scheme - Index Funds,Index Fund,12.9134,07-Sep-2026,5.75,7.19,,0.68,1.015,-1.22,,,Sync Pending,Factual Registry,Varies by Plan,7.88
149999,ICICI Prudential Nifty SDL Sep 2027 Index Fund,ICICI Prudential Mutual Fund,Other Scheme - Index Funds,Index Fund,13.302,07-Sep-2026,6.33,7.64,,1.67,0.683,-3.01,,,Sync Pending,Factual Registry,Varies by Plan,6.3
149283,ICICI Prudential Nifty Smallcap 250 Index Fund,ICICI Prudential Mutual Fund,Other Scheme - Index Funds,Index Fund,18.9891,07-Sep-2026,-5.27,18.65,,,,,0.3,595.6202,mfdata.in,Factual Registry,Factsheet Verified,7.46
153614,ICICI Prudential Nifty Top 15 Equal Weight Index Fund,ICICI Prudential Mutual Fund,Other Scheme - Index Funds,Index Fund,9.2913,07-Sep-2026,-4.79,,,13.36,,-24.05,,,Sync Pending,Awaiting Sync,Varies by Plan,
153546,ICICI Prudential Nifty200 Quality 30 Index Fund,ICICI Prudential Mutual Fund,Other Scheme - Index Funds,Index Fund,9.7474,07-Sep-2026,-2.02,,,12.75,,-22.95,,,Sync Pending,Awaiting Sync,Varies by Plan,
152936,ICICI Prudential Nifty200 Value 30 Index Fund,ICICI Prudential Mutual Fund,Other Scheme - Index Funds,Index Fund,10.9062,07-Sep-2026,14.87,,,,,,0.38,200.76346,mfdata.in,Awaiting Sync,Factsheet Verified,
150639,ICICI Prudential Nifty50 Equal Weight Index Fund-,ICICI Prudential Mutual Fund,Other Scheme - Index Funds,Index Fund,16.9243,07-Sep-2026,2.74,16.58,,,,,0.26,213.43571,mfdata.in,Factual Registry,Factsheet Verified,6.63
152365,ICICI Prudential Nifty50 Value 20 Index Fund,ICICI Prudential Mutual Fund,Other Scheme - Index Funds,Index Fund,10.0287,07-Sep-2026,-5.29,,,,,,0.25,106.642266,mfdata.in,Awaiting Sync,Factsheet Verified,
152039,Kotak BSE Housing Index Fund,Kotak Mahindra Mutual Fund,Other Scheme - Index Funds,Index Fund,12.952,07-Sep-2026,-6.67,7.89,,18.82,0.074,-33.88,,,Sync Pending,Factual Registry,Varies by Plan,1.64
152755,kotak BSE PSU Index Fund,Kotak Mahindra Mutual Fund,Other Scheme - Index Funds,Index Fund,9.322,07-Sep-2026,11.65,,,,,,0.39,95.9389,mfdata.in,Awaiting Sync,Factsheet Verified,
153286,Kotak BSE Sensex Index Fund,Kotak Mahindra Mutual Fund,Other Scheme - Index Funds,Index Fund,10.179,07-Sep-2026,-4.51,,,13.32,,-23.98,,,Sync Pending,Awaiting Sync,Varies by Plan,
153313,Kotak CRISIL- IBX AAA Bond Financial Services Index - Dec 2026 Fund,Kotak Mahindra Mutual Fund,Other Scheme - Index Funds,Index Fund,11.2021,07-Sep-2026,6.72,,,0.58,,-1.04,,,Sync Pending,Awaiting Sync,Varies by Plan,
152869,Kotak CRISIL-IBX AAA Financial Services Index-Sep 2027 Fund,Kotak Mahindra Mutual Fund,Other Scheme - Index Funds,Index Fund,11.6013,07-Sep-2026,6.36,,,0.81,,-1.46,,,Sync Pending,Awaiting Sync,Varies by Plan,
153372,Kotak CRISIL-IBX Financial Services 3-6 Months Debt Index Fund,Kotak Mahindra Mutual Fund,Other Scheme - Index Funds,Index Fund,11.1062,07-Sep-2026,6.95,,,0.39,,-0.7,,,Sync Pending,Awaiting Sync,Varies by Plan,
153875,Kotak CRISIL-IBX Financial Services 9 to 12 Months Debt Index Fund,Kotak Mahindra Mutual Fund,Other Scheme - Index Funds,Index Fund,10.6324,07-Sep-2026,,,,,,,0.12,,Sync Pending,Awaiting Sync,Factsheet Verified,
153146,Kotak Nifty 100 Equal Weight Index Fund,Kotak Mahindra Mutual Fund,Other Scheme - Index Funds,Index Fund,11.052,07-Sep-2026,6.44,,,15.34,,-27.61,,,Sync Pending,Awaiting Sync,Varies by Plan,
152663,Kotak NIFTY 100 Low Volatility 30 Index Fund,Kotak Mahindra Mutual Fund,Other Scheme - Index Funds,Index Fund,10.7216,07-Sep-2026,-0.59,,,,,,0.2,132.6665,mfdata.in,Awaiting Sync,Factsheet Verified,
151781,Kotak Nifty 200 Momentum 30 Index Fund,Kotak Mahindra Mutual Fund,Other Scheme - Index Funds,Index Fund,14.671,07-Sep-2026,-1.56,,,,,,0.2,502.7612,mfdata.in,Awaiting Sync,Factsheet Verified,
153660,KOTAK NIFTY 200 QUALITY 30 INDEX FUND,Kotak Mahindra Mutual Fund,Other Scheme - Index Funds,Index Fund,9.783,07-Sep-2026,-1.81,,,13.11,,-23.6,,,Sync Pending,Awaiting Sync,Varies by Plan,
153150,Kotak Nifty 50 Equal Weight Index Fund,Kotak Mahindra Mutual Fund,Other Scheme - Index Funds,Index Fund,11.079,07-Sep-2026,3.47,,,13.63,,-24.53,,,Sync Pending,Awaiting Sync,Varies by Plan,
148978,Kotak Nifty 50 Index Fund,Kotak Mahindra Mutual Fund,Other Scheme - Index Funds,Index Fund,15.819,07-Sep-2026,-2.17,11.51,,,,,0.07,1055.4682,mfdata.in,Factual Registry,Factsheet Verified,4.6
153680,Kotak Nifty AAA Bond Financial Services Mar 2028 Index Fund,Kotak Mahindra Mutual Fund,Other Scheme - Index Funds,Index Fund,10.6944,07-Sep-2026,6.11,,,0.92,,-1.66,,,Sync Pending,Awaiting Sync,Varies by Plan,
153781,Kotak Nifty Alpha 50 Index Fund,Kotak Mahindra Mutual Fund,Other Scheme - Index Funds,Index Fund,10.926,07-Sep-2026,11.28,,,18.7,,-33.66,,,Sync Pending,Awaiting Sync,Varies by Plan,
154388,Kotak Nifty Alpha Low Volatility 30 Index Fund,Kotak Mahindra Mutual Fund,Other Scheme - Index Funds,Index Fund,10.144,07-Sep-2026,,,,,,,,,Sync Pending,Awaiting Sync,Varies by Plan,
153353,Kotak Nifty Commodities Index Fund,Kotak Mahindra Mutual Fund,Other Scheme - Index Funds,Index Fund,12.173,07-Sep-2026,7.63,,,,,,0.2,274.5163,mfdata.in,Awaiting Sync,Factsheet Verified,
151911,Kotak Nifty Financial Services Ex-Bank Index Fund,Kotak Mahindra Mutual Fund,Other Scheme - Index Funds,Index Fund,16.702,07-Sep-2026,5.92,,,,,,0.22,97.4038,mfdata.in,Awaiting Sync,Factsheet Verified,
152098,Kotak Nifty G-Sec July 2033 Index Fund,Kotak Mahindra Mutual Fund,Other Scheme - Index Funds,Index Fund,12.5439,07-Sep-2026,5.68,,,2.26,,-4.07,,,Sync Pending,Awaiting Sync,Varies by Plan,
152870,Kotak Nifty India Tourism Index Fund,Kotak Mahindra Mutual Fund,Other Scheme - Index Funds,Index Fund,8.389,07-Sep-2026,-15.49,,,21.12,,-38.02,,,Sync Pending,Awaiting Sync,Varies by Plan,
153401,Kotak Nifty Midcap 150 Index Fund,Kotak Mahindra Mutual Fund,Other Scheme - Index Funds,Index Fund,11.865,07-Sep-2026,9.66,,,16.43,,-29.57,,,Sync Pending,Awaiting Sync,Varies by Plan,
152916,Kotak Nifty Midcap 150 Momentum 50 Index Fund,Kotak Mahindra Mutual Fund,Other Scheme - Index Funds,Index Fund,9.608,07-Sep-2026,-0.15,,,,,,0.28,321.5597,mfdata.in,Awaiting Sync,Factsheet Verified,
152767,Kotak Nifty Midcap 50 Index Fund,Kotak Mahindra Mutual Fund,Other Scheme - Index Funds,Index Fund,11.111,07-Sep-2026,12.94,,,17.46,,-31.43,,,Sync Pending,Awaiting Sync,Varies by Plan,
148745,Kotak Nifty Next 50 Index Fund,Kotak Mahindra Mutual Fund,Other Scheme - Index Funds,Index Fund,21.3051,07-Sep-2026,-1.38,18.94,13.28,,,,0.1,941.4809,mfdata.in,Factual Registry,Factsheet Verified,11.56
149855,Kotak Nifty SDL Apr 2027 Top 12 Equal Weight Index Fund,Kotak Mahindra Mutual Fund,Other Scheme - Index Funds,Index Fund,13.2552,07-Sep-2026,6.15,7.52,,1.48,0.689,-2.66,,,Sync Pending,Factual Registry,Varies by Plan,6.3
149865,Kotak Nifty SDL Apr 2032 Top 12 Equal Weight Index Fund,Kotak Mahindra Mutual Fund,Other Scheme - Index Funds,Index Fund,13.5302,07-Sep-2026,6.31,7.37,,2.89,0.301,-5.2,,,Sync Pending,Factual Registry,Varies by Plan,4.16
151218,Kotak Nifty SDL Jul 2026 Index Fund,Kotak Mahindra Mutual Fund,Other Scheme - Index Funds,Index Fund,12.81250098,31-Jul-2026,5.59,7.12,,0.67,0.925,-1.21,,,Sync Pending,Factual Registry,Varies by Plan,7.41
151420,Kotak Nifty SDL Jul 2033 Index Fund,Kotak Mahindra Mutual Fund,Other Scheme - Index Funds,Index Fund,13.0279,07-Sep-2026,6.25,7.24,,2.39,0.31,-4.3,,,Sync Pending,Factual Registry,Varies by Plan,4.21
150725,Kotak Nifty SDL Plus AAA PSU Bond Jul 2028 60 - 40 Index Fund,Kotak Mahindra Mutual Fund,Other Scheme - Index Funds,Index Fund,13.3065,07-Sep-2026,6.0,7.52,,1.18,0.864,-2.12,,,Sync Pending,Factual Registry,Varies by Plan,7.21
153223,Kotak Nifty SmallCap 250 Index Fund,Kotak Mahindra Mutual Fund,Other Scheme - Index Funds,Index Fund,12.021,07-Sep-2026,9.74,,,18.25,,-32.85,,,Sync Pending,Awaiting Sync,Varies by Plan,
151649,Kotak Nifty Smallcap 50 Index Fund,Kotak Mahindra Mutual Fund,Other Scheme - Index Funds,Index Fund,23.458,07-Sep-2026,-3.67,,,,,,0.2,179.1433,mfdata.in,Awaiting Sync,Factsheet Verified,
153461,Kotak Nifty Top 10 Equal Weight Index Fund,Kotak Mahindra Mutual Fund,Other Scheme - Index Funds,Index Fund,9.062,07-Sep-2026,-6.65,,,13.31,,-23.96,,,Sync Pending,Awaiting Sync,Varies by Plan,
154145,Kotak Nifty200 Value 30 Index Fund,Kotak Mahindra Mutual Fund,Other Scheme - Index Funds,Index Fund,9.535,07-Sep-2026,,,,,,,0.21,,Sync Pending,Awaiting Sync,Factsheet Verified,
154032,Kotak Nifty500 Momentum 50 Index Fund,Kotak Mahindra Mutual Fund,Other Scheme - Index Funds,Index Fund,10.357,07-Sep-2026,,,,,,,0.19,,Sync Pending,Awaiting Sync,Factsheet Verified,
120308,LIC MF BSE Sensex Index Fund,LIC Mutual Fund,Other Scheme - Index Funds,Index Fund,153.6558,07-Sep-2026,-4.6,9.56,9.32,,,,0.83,89.8463,mfdata.in,Factual Registry,Factsheet Verified,6.62
120307,LIC MF Nifty 50 Index Fund,LIC Mutual Fund,Other Scheme - Index Funds,Index Fund,142.5385,07-Sep-2026,-2.61,11.4,10.38,,,,0.64,352.846,mfdata.in,Factual Registry,Factsheet Verified,7.67
151937,LIC MF Nifty Next 50 Index Fund,LIC Mutual Fund,Other Scheme - Index Funds,Index Fund,59.6696,07-Sep-2026,-1.4,18.76,13.23,,,,0.38,101.1376,mfdata.in,Factual Registry,Factsheet Verified,11.47
153596,Motilal Oswal BSE 1000 Index Fund,Motilal Oswal Mutual Fund,Other Scheme - Index Funds,Index Fund,10.0771,07-Sep-2026,2.79,,,13.26,,-23.87,,,Sync Pending,Awaiting Sync,Varies by Plan,
154364,Motilal Oswal BSE Clean Environment Index Fund,Motilal Oswal Mutual Fund,Other Scheme - Index Funds,Index Fund,9.2733,07-Sep-2026,,,,,,,,,Sync Pending,Awaiting Sync,Varies by Plan,
149800,Motilal Oswal Nifty 200 Momentum 30 Index Fund,Motilal Oswal Mutual Fund,Other Scheme - Index Funds,Index Fund,15.3202,07-Sep-2026,1.81,11.02,,18.99,0.238,-34.18,,,Sync Pending,Factual Registry,Varies by Plan,3.7
147794,Motilal Oswal Nifty 50 Index Fund,Motilal Oswal Mutual Fund,Other Scheme - Index Funds,Index Fund,20.7701,07-Sep-2026,-2.21,11.68,10.55,,,,0.12,852.6337,mfdata.in,Factual Registry,Factsheet Verified,7.84
147625,Motilal Oswal Nifty 500 Index Fund,Motilal Oswal Mutual Fund,Other Scheme - Index Funds,Index Fund,27.0799,07-Sep-2026,2.72,11.24,10.29,17.47,0.271,-31.45,,,Sync Pending,Factual Registry,Varies by Plan,7.19
152875,Motilal Oswal Nifty 500 Momentum 50 Index Fund,Motilal Oswal Mutual Fund,Other Scheme - Index Funds,Index Fund,8.4932,07-Sep-2026,-2.73,,,,,,0.44,725.1877,mfdata.in,Awaiting Sync,Factsheet Verified,
147620,Motilal Oswal Nifty Bank Index Fund,Motilal Oswal Mutual Fund,Other Scheme - Index Funds,Index Fund,21.2503,07-Sep-2026,6.43,9.35,9.9,23.46,0.121,-42.23,,,Sync Pending,Factual Registry,Varies by Plan,4.97
153138,Motilal Oswal Nifty Capital Market Index Fund,Motilal Oswal Mutual Fund,Other Scheme - Index Funds,Index Fund,12.9868,07-Sep-2026,31.21,,,,,,0.49,346.5356,mfdata.in,Awaiting Sync,Factsheet Verified,
152712,Motilal Oswal Nifty India Defence Index Fund,Motilal Oswal Mutual Fund,Other Scheme - Index Funds,Index Fund,12.7896,07-Sep-2026,17.06,,,,,,0.58,4086.9523,mfdata.in,Awaiting Sync,Factsheet Verified,
151814,Motilal Oswal Nifty Microcap 250 Index Fund,Motilal Oswal Mutual Fund,Other Scheme - Index Funds,Index Fund,19.4256,07-Sep-2026,-10.64,,,,,,0.53,2292.2695,mfdata.in,Awaiting Sync,Factsheet Verified,
147622,Motilal Oswal Nifty Midcap 150 Index Fund,Motilal Oswal Mutual Fund,Other Scheme - Index Funds,Index Fund,41.8672,07-Sep-2026,9.95,15.79,16.78,18.66,0.498,-33.59,,,Sync Pending,Factual Registry,Varies by Plan,11.97
153027,Motilal Oswal Nifty MidSmall Financial Services Index Fund,Motilal Oswal Mutual Fund,Other Scheme - Index Funds,Index Fund,14.8742,07-Sep-2026,24.53,,,,,,0.59,82.9378,mfdata.in,Awaiting Sync,Factsheet Verified,
153023,Motilal Oswal Nifty MidSmall Healthcare Index Fund,Motilal Oswal Mutual Fund,Other Scheme - Index Funds,Index Fund,12.6279,07-Sep-2026,16.97,,,16.15,,-29.07,,,Sync Pending,Awaiting Sync,Varies by Plan,
153025,Motilal Oswal Nifty MidSmall India Consumption Index Fund,Motilal Oswal Mutual Fund,Other Scheme - Index Funds,Index Fund,9.6805,07-Sep-2026,-6.11,,,16.97,,-30.55,,,Sync Pending,Awaiting Sync,Varies by Plan,
147796,Motilal Oswal Nifty Next 50 Index Fund,Motilal Oswal Mutual Fund,Other Scheme - Index Funds,Index Fund,26.1082,07-Sep-2026,-1.47,18.95,13.18,,,,0.32,426.927,mfdata.in,Factual Registry,Factsheet Verified,11.53
147623,Motilal Oswal Nifty Smallcap 250 Index Fund,Motilal Oswal Mutual Fund,Other Scheme - Index Funds,Index Fund,41.4417,07-Sep-2026,9.77,15.02,15.66,19.99,0.426,-35.98,,,Sync Pending,Factual Registry,Varies by Plan,10.84
148381,Motilal Oswal S&P 500 Index Fund,Motilal Oswal Mutual Fund,Other Scheme - Index Funds,Index Fund,33.6575,04-Sep-2026,25.48,24.35,17.43,,,,0.65,4055.835,mfdata.in,Factual Registry,Factsheet Verified,14.97
152062,NAVI BSE SENSEX INDEX FUND,Navi Mutual Fund,Other Scheme - Index Funds,Index Fund,11.8756,07-Sep-2026,-4.42,6.07,,13.2,-0.033,-23.76,,,Sync Pending,Factual Registry,Varies by Plan,0.94
149039,Navi Nifty 50 Index Fund,Navi Mutual Fund,Other Scheme - Index Funds,Index Fund,15.7116,07-Sep-2026,-2.19,11.67,,,,,0.06,3872.531,mfdata.in,Factual Registry,Factsheet Verified,4.67
152751,Navi Nifty 500 Multicap 50:25:25 Index Fund,Navi Mutual Fund,Other Scheme - Index Funds,Index Fund,10.2152,07-Sep-2026,4.61,,,14.88,,-26.78,,,Sync Pending,Awaiting Sync,Varies by Plan,
149804,Navi Nifty Bank Index Fund,Navi Mutual Fund,Other Scheme - Index Funds,Index Fund,15.0698,07-Sep-2026,2.25,10.71,,,,,0.16,669.50897,mfdata.in,Factual Registry,Factsheet Verified,4.28
150515,Navi Nifty India Manufacturing Index Fund,Navi Mutual Fund,Other Scheme - Index Funds,Index Fund,19.7166,07-Sep-2026,11.4,18.18,,14.82,0.788,-26.68,,,Sync Pending,Factual Registry,Varies by Plan,9.73
154027,Navi Nifty Midsmallcap 400 Index Fund,Navi Mutual Fund,Other Scheme - Index Funds,Index Fund,10.857,07-Sep-2026,,,,,,,0.15,,Sync Pending,Awaiting Sync,Factsheet Verified,
149447,Navi Nifty Next 50 Index Fund,Navi Mutual Fund,Other Scheme - Index Funds,Index Fund,17.3163,07-Sep-2026,-1.54,18.84,,,,,0.16,1392.3858,mfdata.in,Factual Registry,Factsheet Verified,7.54
153362,Navi Nifty Smallcap250 Momentum Quality 100 Index Fund,Navi Mutual Fund,Other Scheme - Index Funds,Index Fund,12.385,07-Sep-2026,9.0,,,18.18,,-32.72,,,Sync Pending,Awaiting Sync,Varies by Plan,
152535,Navi NiftyIT Index Fund,Navi Mutual Fund,Other Scheme - Index Funds,Index Fund,8.9484,07-Sep-2026,-11.28,,,22.6,,-40.68,,,Sync Pending,Awaiting Sync,Varies by Plan,
153567,Nippon India BSE Sensex Next 30 Index Fund,Nippon India Mutual Fund,Other Scheme - Index Funds,Index Fund,10.9294,07-Sep-2026,9.66,,,13.26,,-23.87,,,Sync Pending,Awaiting Sync,Varies by Plan,
152992,Nippon India CRISIL - IBX AAA Financial Services - Dec 2026 Index Fund,Nippon India Mutual Fund,Other Scheme - Index Funds,Index Fund,11.4764,07-Sep-2026,6.81,,,0.53,,-0.95,,,Sync Pending,Awaiting Sync,Varies by Plan,
152996,Nippon India CRISIL - IBX AAA Financial Services - Jan 2028 Index Fund,Nippon India Mutual Fund,Other Scheme - Index Funds,Index Fund,11.4635,07-Sep-2026,6.27,,,0.92,,-1.66,,,Sync Pending,Awaiting Sync,Varies by Plan,
154271,Nippon India CRISIL-IBX Financial Services 3-6 Months Debt Index Fund,Nippon India Mutual Fund,Other Scheme - Index Funds,Index Fund,10.3931,07-Sep-2026,,,,,,,0.1,,Sync Pending,Awaiting Sync,Factsheet Verified,
154252,Nippon India CRISIL-IBX Financial Services 9-12 Months Debt Index Fund,Nippon India Mutual Fund,Other Scheme - Index Funds,Index Fund,10.3814,07-Sep-2026,,,,,,,0.1,,Sync Pending,Awaiting Sync,Factsheet Verified,
118791,Nippon India Index Fund - BSE Sensex Plan,Nippon India Mutual Fund,Other Scheme - Index Funds,Index Fund,41.4454,07-Sep-2026,-4.16,9.86,9.57,,,,0.2,945.6169,mfdata.in,Factual Registry,Factsheet Verified,6.81
118741,Nippon India Index Fund - Nifty 50 Plan,Nippon India Mutual Fund,Other Scheme - Index Funds,Index Fund,43.9402,07-Sep-2026,-2.19,11.64,10.53,,,,0.07,3160.4576,mfdata.in,Factual Registry,Factsheet Verified,7.82
148721,Nippon India Nifty 50 Value 20 Index Fund,Nippon India Mutual Fund,Other Scheme - Index Funds,Index Fund,17.5048,07-Sep-2026,-5.32,11.24,11.83,,,,0.25,1020.5971,mfdata.in,Factual Registry,Factsheet Verified,8.04
152842,Nippon India Nifty 500 Equal Weight Index Fund,Nippon India Mutual Fund,Other Scheme - Index Funds,Index Fund,9.9162,07-Sep-2026,-2.89,,,,,,0.35,396.41193,mfdata.in,Awaiting Sync,Factsheet Verified,
153474,Nippon India Nifty 500 Low Volatility 50 Index Fund,Nippon India Mutual Fund,Other Scheme - Index Funds,Index Fund,10.5838,07-Sep-2026,-0.59,,,11.46,,-20.63,,,Sync Pending,Awaiting Sync,Varies by Plan,
152881,Nippon India Nifty 500 Momentum 50 Index Fund,Nippon India Mutual Fund,Other Scheme - Index Funds,Index Fund,8.5834,07-Sep-2026,-2.64,,,,,,0.25,1084.178,mfdata.in,Awaiting Sync,Factsheet Verified,
153470,Nippon India Nifty 500 Quality 50 Index Fund,Nippon India Mutual Fund,Other Scheme - Index Funds,Index Fund,10.9455,07-Sep-2026,3.19,,,15.3,,-27.54,,,Sync Pending,Awaiting Sync,Varies by Plan,
150012,Nippon India Nifty AAA CPSE Bond Plus SDL - Apr 2027 Maturity 60:40 Index Fund,Nippon India Mutual Fund,Other Scheme - Index Funds,Index Fund,13.1809,07-Sep-2026,6.38,7.48,,1.26,0.778,-2.27,,,Sync Pending,Factual Registry,Varies by Plan,6.76
150754,Nippon India Nifty AAA PSU Bond Plus SDL - Sep 2026 Maturity 50:50 Index Fund,Nippon India Mutual Fund,Other Scheme - Index Funds,Index Fund,13.0923,02-Sep-2026,6.05,7.2,,0.61,1.148,-1.1,,,Sync Pending,Factual Registry,Varies by Plan,8.56
150487,Nippon India Nifty Alpha Low Volatility 30 Index Fund,Nippon India Mutual Fund,Other Scheme - Index Funds,Index Fund,16.0311,07-Sep-2026,-2.62,14.5,,,,,0.35,1392.3858,mfdata.in,Factual Registry,Factsheet Verified,5.8
153064,Nippon India Nifty Auto Index Fund,Nippon India Mutual Fund,Other Scheme - Index Funds,Index Fund,11.8965,07-Sep-2026,7.5,,,20.24,,-36.43,,,Sync Pending,Awaiting Sync,Varies by Plan,
152389,Nippon India Nifty Bank Index Fund,Nippon India Mutual Fund,Other Scheme - Index Funds,Index Fund,12.3375,07-Sep-2026,2.2,,,,,,0.2,188.57541,mfdata.in,Awaiting Sync,Factsheet Verified,
150920,Nippon India Nifty G-Sec Jun 2036 Maturity Index Fund,Nippon India Mutual Fund,Other Scheme - Index Funds,Index Fund,13.2625,07-Sep-2026,5.22,7.72,,3.03,0.403,-5.45,,,Sync Pending,Factual Registry,Varies by Plan,4.8
151440,Nippon India Nifty G-Sec Oct 2028 Maturity Index Fund,Nippon India Mutual Fund,Other Scheme - Index Funds,Index Fund,13.0093,07-Sep-2026,5.76,7.55,,1.32,0.795,-2.38,,,Sync Pending,Factual Registry,Varies by Plan,6.86
150906,Nippon India Nifty G-Sec Sep 2027 Maturity Index Fund,Nippon India Mutual Fund,Other Scheme - Index Funds,Index Fund,12.9895,07-Sep-2026,5.69,7.37,,1.11,0.784,-2.0,,,Sync Pending,Factual Registry,Varies by Plan,6.76
153806,Nippon India Nifty India Manufacturing Index Fund,Nippon India Mutual Fund,Other Scheme - Index Funds,Index Fund,11.3118,07-Sep-2026,11.45,,,15.02,,-27.04,,,Sync Pending,Awaiting Sync,Varies by Plan,
152392,Nippon India Nifty IT Index Fund,Nippon India Mutual Fund,Other Scheme - Index Funds,Index Fund,8.2335,07-Sep-2026,-18.6,,,,,,0.25,186.24978,mfdata.in,Awaiting Sync,Factsheet Verified,
148726,Nippon India Nifty Midcap 150 Index Fund,Nippon India Mutual Fund,Other Scheme - Index Funds,Index Fund,26.7252,07-Sep-2026,2.92,21.53,17.94,,,,0.3,2188.153,mfdata.in,Factual Registry,Factsheet Verified,13.99
153060,Nippon India Nifty Realty Index Fund,Nippon India Mutual Fund,Other Scheme - Index Funds,Index Fund,8.2785,07-Sep-2026,2.88,,,27.65,,-49.77,,,Sync Pending,Awaiting Sync,Varies by Plan,
150824,Nippon India Nifty SDL Plus G-Sec - Jun 2028 Maturity 70:30 Index Fund,Nippon India Mutual Fund,Other Scheme - Index Funds,Index Fund,13.1728,07-Sep-2026,6.03,7.58,,1.14,0.947,-2.05,,,Sync Pending,Factual Registry,Varies by Plan,7.65
151390,Nippon India Nifty SDL Plus G-Sec - Jun 2029 Maturity 70:30 Index Fund,Nippon India Mutual Fund,Other Scheme - Index Funds,Index Fund,13.0165,07-Sep-2026,5.98,7.62,,1.43,0.783,-2.57,,,Sync Pending,Factual Registry,Varies by Plan,6.82
148519,Nippon India Nifty Smallcap 250 Index Fund,Nippon India Mutual Fund,Other Scheme - Index Funds,Index Fund,36.6773,07-Sep-2026,-5.72,18.46,16.08,,,,0.35,2752.937,mfdata.in,Factual Registry,Factsheet Verified,12.21
151407,PGIM India CRISIL IBX Gilt Index - Apr 2028 Fund,PGIM India Mutual Fund,Other Scheme - Index Funds,Index Fund,12.9001,07-Sep-2026,5.47,7.27,,1.12,0.687,-2.02,,,Sync Pending,Factual Registry,Varies by Plan,6.23
153432,SBI BSE PSU BANK INDEX FUND,SBI Mutual Fund,Other Scheme - Index Funds,Index Fund,13.5755,07-Sep-2026,33.73,,,,,,0.27,284.706,mfdata.in,Awaiting Sync,Factsheet Verified,
151769,SBI BSE Sensex Index Fund,SBI Mutual Fund,Other Scheme - Index Funds,Index Fund,12.5696,07-Sep-2026,-4.31,,,,,,0.2,301.6045,mfdata.in,Awaiting Sync,Factsheet Verified,
149474,SBI CPSE Bond Plus SDL Sep 2026 50:50 Index Fund,SBI Mutual Fund,Other Scheme - Index Funds,Index Fund,13.2217,07-Sep-2026,6.06,7.23,,1.23,0.593,-2.21,,,Sync Pending,Factual Registry,Varies by Plan,5.73
150706,SBI CRISIL IBX Gilt Index - April 2029 Fund,SBI Mutual Fund,Other Scheme - Index Funds,Index Fund,13.4259,07-Sep-2026,5.82,7.69,,1.76,0.676,-3.17,,,Sync Pending,Factual Registry,Varies by Plan,6.28
150681,SBI CRISIL IBX Gilt Index - June 2036 Fund,SBI Mutual Fund,Other Scheme - Index Funds,Index Fund,13.5426,07-Sep-2026,5.19,7.62,,3.15,0.356,-5.67,,,Sync Pending,Factual Registry,Varies by Plan,4.51
150711,SBI CRISIL IBX SDL Index - September 2027 Fund,SBI Mutual Fund,Other Scheme - Index Funds,Index Fund,13.2964,07-Sep-2026,6.27,7.6,,1.15,0.957,-2.07,,,Sync Pending,Factual Registry,Varies by Plan,7.71
154370,SBI CRISIL-IBX 10:90 Gilt + SDL Index - Dec 2029 Index Fund,SBI Mutual Fund,Other Scheme - Index Funds,Index Fund,10.2726,07-Sep-2026,,,,,,,,,Sync Pending,Awaiting Sync,Varies by Plan,
154331,SBI CRISIL-IBX Financial Services 3-6 Months Debt Index Fund,SBI Mutual Fund,Other Scheme - Index Funds,Index Fund,10.2783,07-Sep-2026,,,,,,,,,Sync Pending,Awaiting Sync,Varies by Plan,
154334,SBI CRISIL-IBX Financial Services 9-12 Months Debt Index Fund,SBI Mutual Fund,Other Scheme - Index Funds,Index Fund,10.2746,07-Sep-2026,,,,,,,,,Sync Pending,Awaiting Sync,Varies by Plan,
152908,SBI Nifty 500 Index Fund,SBI Mutual Fund,Other Scheme - Index Funds,Index Fund,9.6649,07-Sep-2026,-1.61,,,,,,0.31,776.6774,mfdata.in,Awaiting Sync,Factsheet Verified,
153250,SBI Nifty Bank Index Fund,SBI Mutual Fund,Other Scheme - Index Funds,Index Fund,11.4637,07-Sep-2026,2.3,,,,,,0.21,143.9778,mfdata.in,Awaiting Sync,Factsheet Verified,
154372,SBI Nifty G-sec Jul 2031 Index Fund,SBI Mutual Fund,Other Scheme - Index Funds,Index Fund,10.3259,07-Sep-2026,,,,,,,,,Sync Pending,Awaiting Sync,Varies by Plan,
119827,SBI NIFTY INDEX FUND,SBI Mutual Fund,Other Scheme - Index Funds,Index Fund,222.5376,07-Sep-2026,-2.34,11.59,10.5,,,,0.19,11879.119,mfdata.in,Factual Registry,Factsheet Verified,7.79
153015,SBI Nifty India Consumption Index Fund,SBI Mutual Fund,Other Scheme - Index Funds,Index Fund,10.1017,07-Sep-2026,-5.87,,,14.51,,-26.12,,,Sync Pending,Awaiting Sync,Varies by Plan,
153320,SBI Nifty IT Index Fund,SBI Mutual Fund,Other Scheme - Index Funds,Index Fund,7.5965,07-Sep-2026,-18.76,,,,,,0.33,73.1031,mfdata.in,Awaiting Sync,Factsheet Verified,
150673,SBI Nifty Midcap 150 Index Fund,SBI Mutual Fund,Other Scheme - Index Funds,Index Fund,20.1139,07-Sep-2026,2.86,21.49,,,,,0.4,963.8972,mfdata.in,Factual Registry,Factsheet Verified,8.6
148945,SBI Nifty Next 50 Index Fund,SBI Mutual Fund,Other Scheme - Index Funds,Index Fund,20.1621,07-Sep-2026,-1.49,18.9,,,,,0.31,1901.0626,mfdata.in,Factual Registry,Factsheet Verified,7.56
150677,SBI Nifty Smallcap 250 Index Fund,SBI Mutual Fund,Other Scheme - Index Funds,Index Fund,20.1739,07-Sep-2026,-5.3,18.71,,,,,0.4,1423.4218,mfdata.in,Factual Registry,Factsheet Verified,7.48
153718,SBI Nifty100 Low Volatility 30 Index Fund,SBI Mutual Fund,Other Scheme - Index Funds,Index Fund,10.0384,07-Sep-2026,-2.42,,,11.71,,-21.08,,,Sync Pending,Awaiting Sync,Varies by Plan,
153662,SBI Nifty200 Momentum 30 Index Fund,SBI Mutual Fund,Other Scheme - Index Funds,Index Fund,9.7462,07-Sep-2026,1.92,,,17.3,,-31.14,,,Sync Pending,Awaiting Sync,Varies by Plan,
153555,SBI Nifty200 Quality 30 Index Fund,SBI Mutual Fund,Other Scheme - Index Funds,Index Fund,9.9016,07-Sep-2026,-1.98,,,12.68,,-22.82,,,Sync Pending,Awaiting Sync,Varies by Plan,
152370,SBI Nifty50 Equal Weight Index Fund,SBI Mutual Fund,Other Scheme - Index Funds,Index Fund,12.1069,07-Sep-2026,2.6,,,,,,0.45,1060.9349,mfdata.in,Awaiting Sync,Factsheet Verified,
149483,Sundaram Nifty 100 Equal Weight Fund (Formerly Known as Principal Nifty 100 Equal Weight Fund),Sundaram Mutual Fund,Other Scheme - Index Funds,Index Fund,193.763,07-Sep-2026,0.61,17.33,13.22,,,,0.49,134.58775,mfdata.in,Factual Registry,Factsheet Verified,10.9
154066,Tata BSE Multicap Consumption 50:30:20 Index Fund,Tata Mutual Fund,Other Scheme - Index Funds,Index Fund,9.7254,07-Sep-2026,,,,,,,0.26,,Sync Pending,Awaiting Sync,Factsheet Verified,
153420,Tata BSE Quality Index Fund,Tata Mutual Fund,Other Scheme - Index Funds,Index Fund,11.2502,07-Sep-2026,2.1,,,13.87,,-24.97,,,Sync Pending,Awaiting Sync,Varies by Plan,
153132,Tata BSE Select Business Groups Index Fund,Tata Mutual Fund,Other Scheme - Index Funds,Index Fund,10.234,07-Sep-2026,1.0,,,,,,0.29,225.19043,mfdata.in,Awaiting Sync,Factsheet Verified,
150692,TATA CRISIL-IBX GILT INDEX - APRIL 2026 INDEX FUND,Tata Mutual Fund,Other Scheme - Index Funds,Index Fund,12.6722,13-Feb-2026,6.74,7.29,,0.86,0.919,-1.55,,,Sync Pending,Factual Registry,Varies by Plan,7.43
152557,Tata Nifty Auto Index Fund,Tata Mutual Fund,Other Scheme - Index Funds,Index Fund,12.6416,07-Sep-2026,12.07,,,,,,0.51,100.88749,mfdata.in,Awaiting Sync,Factsheet Verified,
152951,Tata Nifty Capital Markets Index Fund,Tata Mutual Fund,Other Scheme - Index Funds,Index Fund,14.8589,07-Sep-2026,30.85,,,,,,0.52,496.3202,mfdata.in,Awaiting Sync,Factsheet Verified,
152577,Tata Nifty Financial Services Index Fund,Tata Mutual Fund,Other Scheme - Index Funds,Index Fund,12.2137,07-Sep-2026,-2.06,,,,,,0.49,72.50447,mfdata.in,Awaiting Sync,Factsheet Verified,
151301,Tata Nifty G-Sec Dec 2026 Index Fund,Tata Mutual Fund,Other Scheme - Index Funds,Index Fund,12.8587,07-Sep-2026,5.76,7.21,,0.86,0.826,-1.55,,,Sync Pending,Factual Registry,Varies by Plan,6.93
151273,Tata Nifty G-Sec Dec 2029 Index Fund,Tata Mutual Fund,Other Scheme - Index Funds,Index Fund,13.1295,07-Sep-2026,5.84,7.76,,1.63,0.773,-2.93,,,Sync Pending,Factual Registry,Varies by Plan,6.81
152742,Tata Nifty India Tourism Index Fund,Tata Mutual Fund,Other Scheme - Index Funds,Index Fund,8.907,07-Sep-2026,-22.02,,,,,,0.48,255.9736,mfdata.in,Awaiting Sync,Factsheet Verified,
153581,Tata Nifty Midcap 150 Index Fund,Tata Mutual Fund,Other Scheme - Index Funds,Index Fund,10.9836,07-Sep-2026,9.73,,,15.28,,-27.5,,,Sync Pending,Awaiting Sync,Varies by Plan,
150738,Tata Nifty Midcap 150 Momentum 50 Index Fund,Tata Mutual Fund,Other Scheme - Index Funds,Index Fund,18.6686,07-Sep-2026,-0.29,21.58,,,,,0.44,1062.9724,mfdata.in,Factual Registry,Factsheet Verified,8.63
152564,Tata Nifty MidSmall Healthcare Index Fund,Tata Mutual Fund,Other Scheme - Index Funds,Index Fund,15.3537,07-Sep-2026,0.5,,,,,,0.51,158.33834,mfdata.in,Awaiting Sync,Factsheet Verified,
153858,Tata Nifty Next 50 Index Fund,Tata Mutual Fund,Other Scheme - Index Funds,Index Fund,10.7117,07-Sep-2026,,,,,,,0.23,109.15139,mfdata.in,Awaiting Sync,Factsheet Verified,
152570,Tata Nifty Realty Index Fund,Tata Mutual Fund,Other Scheme - Index Funds,Index Fund,9.1728,07-Sep-2026,3.01,,,28.05,,-50.49,,,Sync Pending,Awaiting Sync,Varies by Plan,
150326,Tata Nifty SDL Plus AAA PSU Bond Dec 2027 60 40 Index Fund,Tata Mutual Fund,Other Scheme - Index Funds,Index Fund,13.3951,07-Sep-2026,5.95,7.53,,1.41,0.73,-2.54,,,Sync Pending,Factual Registry,Varies by Plan,6.52
152836,Tata Nifty200 Alpha 30 Index Fund,Tata Mutual Fund,Other Scheme - Index Funds,Index Fund,9.0561,07-Sep-2026,-0.37,,,,,,0.5,195.60355,mfdata.in,Awaiting Sync,Factsheet Verified,
152588,Tata Nifty500 Multicap India Manufacturing 50:30:20 Index Fund,Tata Mutual Fund,Other Scheme - Index Funds,Index Fund,12.4421,07-Sep-2026,3.25,,,,,,0.51,125.93108,mfdata.in,Awaiting Sync,Factsheet Verified,
152595,Tata Nifty500 Multicap Infrastructure 50:30:20 Index Fund,Tata Mutual Fund,Other Scheme - Index Funds,Index Fund,11.064,07-Sep-2026,-0.54,,,,,,0.49,72.31426,mfdata.in,Awaiting Sync,Factsheet Verified,
118881,Taurus Nifty 50 Index Fund,Taurus Mutual Fund,Other Scheme - Index Funds,Index Fund,48.3293,07-Sep-2026,-3.19,7.09,6.97,15.85,0.037,-28.53,,,Sync Pending,Factual Registry,Varies by Plan,3.53
120716,UTI Nifty 50 Index Fund,UTI Mutual Fund,Other Scheme - Index Funds,Index Fund,167.4764,07-Sep-2026,-2.26,11.62,10.54,,,,0.2,26681.344,mfdata.in,Factual Registry,Factsheet Verified,7.81
153932,Zerodha BSE SENSEX Index Fund,Zerodha Mutual Fund,Other Scheme - Index Funds,Index Fund,9.1904,07-Sep-2026,,,,,,,,,Sync Pending,Awaiting Sync,Varies by Plan,
152157,Zerodha ELSS Tax Saver Nifty LargeMidcap 250 Index Fund,Zerodha Mutual Fund,Other Scheme - Index Funds,Index Fund,14.3756,07-Sep-2026,0.95,,,,,,0.29,257.1802,mfdata.in,Awaiting Sync,Factsheet Verified,
153906,Zerodha Nifty 50 Index Fund,Zerodha Mutual Fund,Other Scheme - Index Funds,Index Fund,9.5212,07-Sep-2026,,,,,,,0.11,,Sync Pending,Awaiting Sync,Factsheet Verified,
152156,Zerodha Nifty LargeMidcap 250 Index Fund,Zerodha Mutual Fund,Other Scheme - Index Funds,Index Fund,14.3453,07-Sep-2026,0.89,,,,,,0.28,1322.242,mfdata.in,Awaiting Sync,Factsheet Verified,
154321,Zerodha Nifty LargeMidcap250 Plus 8-13 Yr G-Sec 70:30 Index Fund,Zerodha Mutual Fund,Other Scheme - Index Funds,Index Fund,10.1878,07-Sep-2026,,,,,,,,,Sync Pending,Awaiting Sync,Varies by Plan,
154306,Zerodha Nifty MidSmallcap400 50:50 Index Fund,Zerodha Mutual Fund,Other Scheme - Index Funds,Index Fund,11.4518,07-Sep-2026,,,,,,,,,Sync Pending,Awaiting Sync,Varies by Plan,
154109,Zerodha Nifty Short Duration G-Sec Index Fund,Zerodha Mutual Fund,Other Scheme - Index Funds,Index Fund,1030.1254,07-Sep-2026,,,,,,,0.21,,Sync Pending,Awaiting Sync,Factsheet Verified,
153451,ANGEL ONE NIFTY 1D RATE LIQUID ETF - GROWTH,Angel One Mutual Fund,Other Scheme - Index Funds,Index Fund,1075.8047,07-Sep-2026,5.04,,,0.11,,-0.2,,,Sync Pending,Awaiting Sync,Varies by Plan,
152741,Shriram Nifty 1D Rate Liquid ETF,Shriram Mutual Fund,Other Scheme - Index Funds,Index Fund,1120.4227,07-Sep-2026,4.79,,,0.12,,-0.22,,,Sync Pending,Awaiting Sync,Varies by Plan,
152327,Zerodha Nifty 1D Rate Liquid ETF,Zerodha Mutual Fund,Other Scheme - Index Funds,Index Fund,115.8086,07-Sep-2026,5.0,,,0.12,,-0.22,,,Sync Pending,Awaiting Sync,Varies by Plan,
149291,Aditya Birla Sun Life US Equity Passive FOF,Aditya Birla Sun Life Mutual Fund,Other Scheme - Index Funds,Index Fund,22.864,04-Sep-2026,34.3,29.19,,21.36,1.062,-38.45,,,Sync Pending,Factual Registry,Varies by Plan,14.85
148485,Axis Global Equity Alpha Fund of Fund,Axis Mutual Fund,Other Scheme - Index Funds,Index Fund,26.7033,04-Sep-2026,22.74,23.23,15.28,16.31,1.026,-29.36,,,Sync Pending,Factual Registry,Varies by Plan,17.38
148954,Axis Global Innovation Fund of Fund,Axis Mutual Fund,Other Scheme - Index Funds,Index Fund,20.14,04-Sep-2026,27.55,24.61,13.13,20.28,0.893,-36.5,,,Sync Pending,Factual Registry,Varies by Plan,16.22
148699,Axis Greater China Equity Fund of Fund,Axis Mutual Fund,Other Scheme - Index Funds,Index Fund,12.74,04-Sep-2026,33.4,21.23,7.39,23.36,0.631,-42.05,,,Sync Pending,Factual Registry,Varies by Plan,11.53
150751,Axis NASDAQ 100 US Specific Equity Passive FOF,Axis Mutual Fund,Other Scheme - Index Funds,Index Fund,29.492,04-Sep-2026,33.84,28.93,,19.24,1.166,-34.63,,,Sync Pending,Factual Registry,Varies by Plan,15.48
152240,Axis US Specific Treasury Dynamic Debt Passive FOF,Axis Mutual Fund,Other Scheme - Index Funds,Index Fund,12.0626,04-Sep-2026,6.91,,,6.92,,-12.46,,,Sync Pending,Awaiting Sync,Varies by Plan,
127071,HSBC Asia Pacific (Ex Japan) Dividend Yield Fund,HSBC Mutual Fund,Other Scheme - Index Funds,Index Fund,39.7305,04-Sep-2026,39.67,27.13,14.97,15.77,1.308,-28.39,,,Sync Pending,Factual Registry,Varies by Plan,20.31
120035,HSBC Brazil Fund,HSBC Mutual Fund,Other Scheme - Index Funds,Index Fund,11.8285,04-Sep-2026,37.9,15.76,9.14,32.97,0.281,-59.35,,,Sync Pending,Factual Registry,Varies by Plan,7.15
120043,HSBC Global Emerging Markets Fund,HSBC Mutual Fund,Other Scheme - Index Funds,Index Fund,38.0793,04-Sep-2026,54.0,28.25,12.1,17.47,1.245,-31.45,,,Sync Pending,Factual Registry,Varies by Plan,19.41
149961,Invesco India - Invesco EQQQ Nasdaq-100 ETF Fund of Fund,Invesco Mutual Fund,Other Scheme - Index Funds,Index Fund,26.069,04-Sep-2026,34.32,29.33,,21.15,1.079,-38.07,,,Sync Pending,Factual Registry,Varies by Plan,15.01
148614,Invesco India - Invesco Global Consumer Trends Fund of Fund,Invesco Mutual Fund,Other Scheme - Index Funds,Index Fund,12.8608,04-Sep-2026,4.79,20.66,4.0,29.01,0.488,-52.22,,,Sync Pending,Factual Registry,Varies by Plan,9.0
129188,Invesco India - Invesco Global Equity Income Fund of Fund,Invesco Mutual Fund,Other Scheme - Index Funds,Index Fund,42.6282,04-Sep-2026,24.62,23.0,17.6,16.04,1.029,-28.87,,,Sync Pending,Factual Registry,Varies by Plan,18.02
126353,Invesco India - Invesco Pan European Equity Fund of Fund,Invesco Mutual Fund,Other Scheme - Index Funds,Index Fund,29.5847,04-Sep-2026,37.61,21.45,15.4,18.91,0.791,-34.04,,,Sync Pending,Factual Registry,Varies by Plan,15.26
119779,Kotak Global Emerging Market Overseas Equity Active FOF,Kotak Mahindra Mutual Fund,Other Scheme - Index Funds,Index Fund,43.313,04-Sep-2026,46.57,25.75,12.11,15.86,1.214,-28.55,,,Sync Pending,Factual Registry,Varies by Plan,18.42
149059,Kotak Global Innovation Overseas Equity Active FOF,Kotak Mahindra Mutual Fund,Other Scheme - Index Funds,Index Fund,15.9156,04-Sep-2026,30.99,23.5,9.52,22.09,0.77,-39.76,,,Sync Pending,Factual Registry,Varies by Plan,13.9
148646,Kotak International REIT Overseas Equity Active FOF,Kotak Mahindra Mutual Fund,Other Scheme - Index Funds,Index Fund,12.0893,04-Sep-2026,4.68,9.24,3.2,18.25,0.15,-32.85,,,Sync Pending,Factual Registry,Varies by Plan,3.58
154287,Kotak Quality Overseas Equity Active FOF,Kotak Mahindra Mutual Fund,Other Scheme - Index Funds,Index Fund,11.426,04-Sep-2026,,,,,,,,,Sync Pending,Awaiting Sync,Varies by Plan,
150595,Mirae Asset Global Electric & Autonomous Vehicles Equity Passive FOF,Mirae Asset Mutual Fund,Other Scheme - Index Funds,Index Fund,16.274,04-Sep-2026,43.55,16.03,,27.07,0.352,-48.73,,,Sync Pending,Factual Registry,Varies by Plan,5.46
150597,Mirae Asset Global X Artificial Intelligence & Technology ETF Fund of Fund,Mirae Asset Mutual Fund,Other Scheme - Index Funds,Index Fund,35.688,04-Sep-2026,52.71,36.35,,25.86,1.154,-46.55,,,Sync Pending,Factual Registry,Varies by Plan,17.72
141950,BANK OF INDIA MID CAP TAX FUND SERIES 1,Bank of India Mutual Fund,ELSS,ELSS,31.48,07-Sep-2026,3.6,17.05,14.13,,,,,60.4059,mfdata.in,Factual Registry,Varies by Plan,11.06
144315,BANK OF INDIA MID CAP TAX FUND Series 2,Bank of India Mutual Fund,ELSS,ELSS,36.68,07-Sep-2026,0.33,16.54,13.35,,,,,30.815002,mfdata.in,Factual Registry,Varies by Plan,10.62
140487,SBI Long Term Advantage Fund - Series IV,SBI Mutual Fund,ELSS,ELSS,49.3643,07-Sep-2026,0.91,14.51,16.91,,,,0.96,208.0901,mfdata.in,Factual Registry,Factsheet Verified,10.88
142138,SBI Long Term Advantage Fund - Series V,SBI Mutual Fund,ELSS,ELSS,33.6587,07-Sep-2026,2.74,20.81,16.49,,,,1.04,366.2535,mfdata.in,Factual Registry,Factsheet Verified,13.27
143178,SBI Long Term Advantage Fund - Series VI,SBI Mutual Fund,ELSS,ELSS,32.1441,07-Sep-2026,-3.93,15.09,13.9,,,,1.05,260.5981,mfdata.in,Factual Registry,Factsheet Verified,10.21
151586,Axis Fixed Term Plan - Series 113 (1228 Days),Axis Mutual Fund,ELSS,ELSS,12.6929,30-Jul-2026,6.23,7.24,,0.54,1.37,-0.97,,,Sync Pending,Factual Registry,Varies by Plan,9.69
146701,BANDHAN FIXED TERM PLAN SERIES - 179 (3652 DAYS),Bandhan Mutual Fund,ELSS,ELSS,18.1853,07-Sep-2026,6.27,7.77,6.72,3.08,0.412,-5.54,,,Sync Pending,Factual Registry,Varies by Plan,6.88
151565,HDFC FMP 1269D March 2023,HDFC Mutual Fund,ELSS,ELSS,12.7005,07-Sep-2026,5.68,7.24,,0.82,0.902,-1.48,,,Sync Pending,Factual Registry,Varies by Plan,7.32
149924,HDFC FMP 1861D March 2022,HDFC Mutual Fund,ELSS,ELSS,13.375,07-Sep-2026,6.18,7.6,,1.48,0.743,-2.66,,,Sync Pending,Factual Registry,Varies by Plan,6.61
150002,HDFC FMP 1876D March 2022,HDFC Mutual Fund,ELSS,ELSS,13.3251,07-Sep-2026,6.14,7.6,,1.43,0.769,-2.57,,,Sync Pending,Factual Registry,Varies by Plan,6.74
151470,HDFC FMP 2638D February 2023,HDFC Mutual Fund,ELSS,ELSS,13.2831,07-Sep-2026,5.91,7.97,,2.14,0.687,-3.85,,,Sync Pending,Factual Registry,Varies by Plan,6.41
151286,Kotak FMP Series 304,Kotak Mahindra Mutual Fund,ELSS,ELSS,13.326,07-Sep-2026,5.82,7.97,,2.74,0.536,-4.93,,,Sync Pending,Factual Registry,Varies by Plan,5.59
139337,Nippon India Dual Advantage Fixed Tenure Fund IX- Plan D,Nippon India Mutual Fund,ELSS,ELSS,13.4753,23-Dec-2019,8.09,8.56,,3.49,0.59,-6.28,,,Sync Pending,Factual Registry,Varies by Plan,6.03
139570,Nippon India Dual Advantage Fixed Tenure Fund IX- Plan E,Nippon India Mutual Fund,ELSS,ELSS,13.0307,30-Sep-2019,9.34,9.05,,8.79,0.29,-15.82,,,Sync Pending,Factual Registry,Varies by Plan,4.19
139599,Nippon India Dual Advantage Fixed Tenure Fund IX- Plan F,Nippon India Mutual Fund,ELSS,ELSS,12.4918,30-Sep-2019,6.7,7.06,,3.31,0.169,-5.96,,,Sync Pending,Factual Registry,Varies by Plan,3.34
140054,Nippon India Dual Advantage Fixed Tenure Fund X- Plan A,Nippon India Mutual Fund,ELSS,ELSS,12.4327,13-Aug-2020,2.89,4.71,,4.56,-0.393,-8.21,,,Sync Pending,Factual Registry,Varies by Plan,-0.54
140151,Nippon India Dual Advantage Fixed Tenure Fund X- Plan B,Nippon India Mutual Fund,ELSS,ELSS,12.5325,17-Aug-2020,3.12,4.83,,4.5,-0.371,-8.1,,,Sync Pending,Factual Registry,Varies by Plan,-0.37
140408,Nippon India Dual Advantage Fixed Tenure Fund X- Plan C,Nippon India Mutual Fund,ELSS,ELSS,12.4508,17-Aug-2020,3.43,4.81,,4.66,-0.363,-8.39,,,Sync Pending,Factual Registry,Varies by Plan,-0.36
140431,Nippon India Dual Advantage Fixed Tenure Fund X- Plan D,Nippon India Mutual Fund,ELSS,ELSS,12.3935,17-Aug-2020,3.65,4.87,,4.44,-0.367,-7.99,,,Sync Pending,Factual Registry,Varies by Plan,-0.33
140438,Nippon India Dual Advantage Fixed Tenure Fund X- Plan E,Nippon India Mutual Fund,ELSS,ELSS,12.4535,28-Jan-2020,8.32,7.52,,3.39,0.301,-6.1,,,Sync Pending,Factual Registry,Varies by Plan,4.17
140514,Nippon India Dual Advantage Fixed Tenure Fund X- Plan F,Nippon India Mutual Fund,ELSS,ELSS,12.324,23-Oct-2020,2.01,4.73,,4.46,-0.397,-8.03,,,Sync Pending,Factual Registry,Varies by Plan,-0.54
141156,Nippon India Dual Advantage Fixed Tenure Fund XI- Plan A,Nippon India Mutual Fund,ELSS,ELSS,11.7757,08-Jul-2020,0.84,4.75,,4.21,-0.416,-7.58,,,Sync Pending,Factual Registry,Varies by Plan,-0.6
141418,Nippon India Dual Advantage Fixed Tenure Fund- XI- Plan B,Nippon India Mutual Fund,ELSS,ELSS,11.7067,13-Jul-2020,1.53,4.88,,4.1,-0.395,-7.38,,,Sync Pending,Factual Registry,Varies by Plan,-0.43
141583,Nippon India Dual Advantege Fixed Tenure Fund XI- Plan C,Nippon India Mutual Fund,ELSS,ELSS,12.7773,19-Apr-2021,12.67,7.24,,4.07,0.182,-7.33,,,Sync Pending,Factual Registry,Varies by Plan,3.4
141690,Nippon India Dual Advantege Fixed Tenure Fund XI- Plan D,Nippon India Mutual Fund,ELSS,ELSS,12.7878,22-Apr-2021,13.28,7.29,,4.23,0.187,-7.61,,,Sync Pending,Factual Registry,Varies by Plan,3.43
141801,Nippon India Dual Advantege Fixed Tenure Fund XI- Plan E,Nippon India Mutual Fund,ELSS,ELSS,12.6765,19-Apr-2021,13.0,7.16,,4.29,0.154,-7.72,,,Sync Pending,Factual Registry,Varies by Plan,3.21
142106,Nippon India Dual Advantege Fixed Tenure Fund XII- Plan A,Nippon India Mutual Fund,ELSS,ELSS,12.4048,11-May-2021,13.32,7.49,,3.74,0.265,-6.73,,,Sync Pending,Factual Registry,Varies by Plan,3.95
146672,Nippon India Fixed Horizon Fund - XLI - Series 1,Nippon India Mutual Fund,ELSS,ELSS,12.5867,29-Apr-2022,4.01,7.69,,1.79,0.665,-3.22,,,Sync Pending,Factual Registry,Varies by Plan,6.22
147353,Nippon India Fixed Horizon Fund - XLI - Series 10,Nippon India Mutual Fund,ELSS,ELSS,12.9724,30-Jun-2022,5.33,9.02,,1.69,1.491,-3.04,,,Sync Pending,Factual Registry,Varies by Plan,10.89
147355,Nippon India Fixed Horizon Fund - XLI - Series 11,Nippon India Mutual Fund,ELSS,ELSS,12.4664,02-Aug-2022,4.14,6.9,,1.84,0.217,-3.31,,,Sync Pending,Factual Registry,Varies by Plan,3.66
147098,Nippon India Fixed Maturity Plan - XLI - Series 8,Nippon India Mutual Fund,ELSS,ELSS,17.8196,07-Sep-2026,6.2,7.74,6.68,3.09,0.401,-5.56,,,Sync Pending,Factual Registry,Varies by Plan,6.8
149917,Nippon India Fixed Maturity Plan - XLIII - Series 5,Nippon India Mutual Fund,ELSS,ELSS,13.5874,07-Sep-2026,6.15,7.76,,1.95,0.646,-3.51,,,Sync Pending,Factual Registry,Varies by Plan,6.14
150627,Nippon India Fixed Maturity Plan - XLIV - Series 1,Nippon India Mutual Fund,ELSS,ELSS,13.4247,07-Sep-2026,6.19,7.69,,1.05,1.133,-1.89,,,Sync Pending,Factual Registry,Varies by Plan,8.64
151708,Nippon India Fixed Maturity Plan - XLV - Series 5,Nippon India Mutual Fund,ELSS,ELSS,13.3621,07-Sep-2026,7.99,8.68,,0.63,3.46,-1.13,,,Sync Pending,Factual Registry,Varies by Plan,20.71
146974,SBI Fixed Maturity Plan (FMP) - Series 1 (3668 Days),SBI Mutual Fund,ELSS,ELSS,17.7904,07-Sep-2026,6.09,7.75,6.71,2.49,0.502,-4.48,,,Sync Pending,Factual Registry,Varies by Plan,7.37
148387,SBI Fixed Maturity Plan (FMP) - Series 34 (3682 Days),SBI Mutual Fund,ELSS,ELSS,14.9373,07-Sep-2026,6.05,7.64,6.68,2.29,0.498,-4.12,,,Sync Pending,Factual Registry,Varies by Plan,7.32
149147,SBI Fixed Maturity Plan (FMP) - Series 49 (1823 Days),SBI Mutual Fund,ELSS,ELSS,13.5066,20-Aug-2026,5.76,7.28,,1.17,0.667,-2.11,,,Sync Pending,Factual Registry,Varies by Plan,6.13
149174,SBI Fixed Maturity Plan (FMP) - Series 50 (1843 Days),SBI Mutual Fund,ELSS,ELSS,13.4117,07-Sep-2026,5.8,7.27,,1.23,0.626,-2.21,,,Sync Pending,Factual Registry,Varies by Plan,5.92
149195,SBI Fixed Maturity Plan (FMP) - Series 51 (1846 Days),SBI Mutual Fund,ELSS,ELSS,13.4037,07-Sep-2026,5.85,7.31,,1.22,0.664,-2.2,,,Sync Pending,Factual Registry,Varies by Plan,6.12
149232,SBI Fixed Maturity Plan (FMP) - Series 52 (1848 Days),SBI Mutual Fund,ELSS,ELSS,13.3834,07-Sep-2026,5.85,7.3,,1.19,0.672,-2.14,,,Sync Pending,Factual Registry,Varies by Plan,6.16
149279,SBI Fixed Maturity Plan (FMP) - Series 53 (1839 Days),SBI Mutual Fund,ELSS,ELSS,13.4038,07-Sep-2026,5.92,7.36,,1.22,0.705,-2.2,,,Sync Pending,Factual Registry,Varies by Plan,6.35
149307,SBI Fixed Maturity Plan (FMP) - Series 54 (1842 Days),SBI Mutual Fund,ELSS,ELSS,13.3888,07-Sep-2026,5.99,7.4,,1.25,0.72,-2.25,,,Sync Pending,Factual Registry,Varies by Plan,6.44
149345,SBI Fixed Maturity Plan (FMP) - Series 55 (1849 Days),SBI Mutual Fund,ELSS,ELSS,13.3586,07-Sep-2026,5.98,7.38,,1.25,0.704,-2.25,,,Sync Pending,Factual Registry,Varies by Plan,6.35
149431,SBI Fixed Maturity Plan (FMP) - Series 57 (1835 Days),SBI Mutual Fund,ELSS,ELSS,13.2727,07-Sep-2026,5.98,7.41,,1.28,0.711,-2.3,,,Sync Pending,Factual Registry,Varies by Plan,6.39
149460,SBI Fixed Maturity Plan (FMP) - Series 58 (1842 Days),SBI Mutual Fund,ELSS,ELSS,13.3894,07-Sep-2026,6.01,7.43,,1.32,0.705,-2.38,,,Sync Pending,Factual Registry,Varies by Plan,6.37
147248,SBI Fixed Maturity Plan (FMP) - Series 6 (3668 Days),SBI Mutual Fund,ELSS,ELSS,17.3027,07-Sep-2026,5.99,7.66,6.55,2.5,0.464,-4.5,,,Sync Pending,Factual Registry,Varies by Plan,7.1
149878,SBI Fixed Maturity Plan (FMP) - Series 60 (1878 Days),SBI Mutual Fund,ELSS,ELSS,13.3071,07-Sep-2026,6.12,7.54,,1.3,0.8,-2.34,,,Sync Pending,Factual Registry,Varies by Plan,6.89
149993,SBI Fixed Maturity Plan (FMP) - Series 61 (1927 Days),SBI Mutual Fund,ELSS,ELSS,13.3485,07-Sep-2026,6.11,7.55,,1.33,0.789,-2.39,,,Sync Pending,Factual Registry,Varies by Plan,6.83
154240,Axis Fixed Maturity Plan - Series 129 (108 Days),Axis Mutual Fund,ELSS,ELSS,10.2078,11-Jun-2026,,,,,,,0.05,,Sync Pending,Awaiting Sync,Factsheet Verified,
154292,Axis Fixed Maturity Plan - Series 130 (92 Days),Axis Mutual Fund,ELSS,ELSS,10.182,11-Jun-2026,,,,,,,0.05,,Sync Pending,Awaiting Sync,Factsheet Verified,
151485,UTI Fixed Term Income Fund Series XXXVI - I (1574 Days),UTI Mutual Fund,ELSS,ELSS,13.0569,07-Sep-2026,6.03,7.69,,1.2,0.992,-2.16,,,Sync Pending,Factual Registry,Varies by Plan,7.92
123646,UTI Annual Interval Fund - I,UTI Mutual Fund,ELSS,ELSS,36.9576,07-Sep-2026,5.21,6.16,6.45,1.76,-0.193,-3.17,,,Sync Pending,Factual Registry,Varies by Plan,3.26
